Copyright 1986-2022 Xilinx, Inc. All Rights Reserved.
--------------------------------------------------------------------------------------------------------------------------------------------------------------------------------------------------------------------------------------------------------------------
| Tool Version      : Vivado v.2022.2 (win64) Build 3671981 Fri Oct 14 05:00:03 MDT 2022
| Date              : Thu May 21 17:08:57 2026
| Host              : LAPTOP-CHCSI1R5 running 64-bit major release  (build 9200)
| Command           : report_timing_summary -max_paths 10 -report_unconstrained -file dma_config_fir_wrapper_timing_summary_routed.rpt -pb dma_config_fir_wrapper_timing_summary_routed.pb -rpx dma_config_fir_wrapper_timing_summary_routed.rpx -warn_on_violation
| Design            : dma_config_fir_wrapper
| Device            : xck26-sfvc784
| Speed File        : -2LV  PRODUCTION 1.30 05-15-2022
| Temperature Grade : C
--------------------------------------------------------------------------------------------------------------------------------------------------------------------------------------------------------------------------------------------------------------------

Timing Summary Report

------------------------------------------------------------------------------------------------
| Timer Settings
| --------------
------------------------------------------------------------------------------------------------

  Enable Multi Corner Analysis               :  Yes
  Enable Pessimism Removal                   :  Yes
  Pessimism Removal Resolution               :  Nearest Common Node
  Enable Input Delay Default Clock           :  No
  Enable Preset / Clear Arcs                 :  No
  Disable Flight Delays                      :  No
  Ignore I/O Paths                           :  No
  Timing Early Launch at Borrowing Latches   :  No
  Borrow Time for Max Delay Exceptions       :  Yes
  Merge Timing Exceptions                    :  Yes

  Corner  Analyze    Analyze    
  Name    Max Paths  Min Paths  
  ------  ---------  ---------  
  Slow    Yes        Yes        
  Fast    Yes        Yes        


------------------------------------------------------------------------------------------------
| Report Methodology
| ------------------
------------------------------------------------------------------------------------------------

No report available as report_methodology has not been run prior. Run report_methodology on the current design for the summary of methodology violations.



check_timing report

Table of Contents
-----------------
1. checking no_clock (0)
2. checking constant_clock (0)
3. checking pulse_width_clock (0)
4. checking unconstrained_internal_endpoints (0)
5. checking no_input_delay (0)
6. checking no_output_delay (0)
7. checking multiple_clock (0)
8. checking generated_clocks (0)
9. checking loops (0)
10. checking partial_input_delay (0)
11. checking partial_output_delay (0)
12. checking latch_loops (0)

1. checking no_clock (0)
------------------------
 There are 0 register/latch pins with no clock.


2. checking constant_clock (0)
------------------------------
 There are 0 register/latch pins with constant_clock.


3. checking pulse_width_clock (0)
---------------------------------
 There are 0 register/latch pins which need pulse_width check


4. checking unconstrained_internal_endpoints (0)
------------------------------------------------
 There are 0 pins that are not constrained for maximum delay.

 There are 0 pins that are not constrained for maximum delay due to constant clock.


5. checking no_input_delay (0)
------------------------------
 There are 0 input ports with no input delay specified.

 There are 0 input ports with no input delay but user has a false path constraint.


6. checking no_output_delay (0)
-------------------------------
 There are 0 ports with no output delay specified.

 There are 0 ports with no output delay but user has a false path constraint

 There are 0 ports with no output delay but with a timing clock defined on it or propagating through it


7. checking multiple_clock (0)
------------------------------
 There are 0 register/latch pins with multiple clocks.


8. checking generated_clocks (0)
--------------------------------
 There are 0 generated clocks that are not connected to a clock source.


9. checking loops (0)
---------------------
 There are 0 combinational loops in the design.


10. checking partial_input_delay (0)
------------------------------------
 There are 0 input ports with partial input delay specified.


11. checking partial_output_delay (0)
-------------------------------------
 There are 0 ports with partial output delay specified.


12. checking latch_loops (0)
----------------------------
 There are 0 combinational latch loops in the design through latch input



------------------------------------------------------------------------------------------------
| Design Timing Summary
| ---------------------
------------------------------------------------------------------------------------------------

    WNS(ns)      TNS(ns)  TNS Failing Endpoints  TNS Total Endpoints      WHS(ns)      THS(ns)  THS Failing Endpoints  THS Total Endpoints     WPWS(ns)     TPWS(ns)  TPWS Failing Endpoints  TPWS Total Endpoints  
    -------      -------  ---------------------  -------------------      -------      -------  ---------------------  -------------------     --------     --------  ----------------------  --------------------  
      5.061        0.000                      0                50987        0.010        0.000                      0                50987        3.656        0.000                       0                 17093  


All user specified timing constraints are met.


------------------------------------------------------------------------------------------------
| Clock Summary
| -------------
------------------------------------------------------------------------------------------------

Clock     Waveform(ns)       Period(ns)      Frequency(MHz)
-----     ------------       ----------      --------------
clk_pl_0  {0.000 5.156}      10.312          96.974          


------------------------------------------------------------------------------------------------
| Intra Clock Table
| -----------------
------------------------------------------------------------------------------------------------

Clock             WNS(ns)      TNS(ns)  TNS Failing Endpoints  TNS Total Endpoints      WHS(ns)      THS(ns)  THS Failing Endpoints  THS Total Endpoints     WPWS(ns)     TPWS(ns)  TPWS Failing Endpoints  TPWS Total Endpoints  
-----             -------      -------  ---------------------  -------------------      -------      -------  ---------------------  -------------------     --------     --------  ----------------------  --------------------  
clk_pl_0            5.061        0.000                      0                50987        0.010        0.000                      0                50987        3.656        0.000                       0                 17093  


------------------------------------------------------------------------------------------------
| Inter Clock Table
| -----------------
------------------------------------------------------------------------------------------------

From Clock    To Clock          WNS(ns)      TNS(ns)  TNS Failing Endpoints  TNS Total Endpoints      WHS(ns)      THS(ns)  THS Failing Endpoints  THS Total Endpoints  
----------    --------          -------      -------  ---------------------  -------------------      -------      -------  ---------------------  -------------------  


------------------------------------------------------------------------------------------------
| Other Path Groups Table
| -----------------------
------------------------------------------------------------------------------------------------

Path Group    From Clock    To Clock          WNS(ns)      TNS(ns)  TNS Failing Endpoints  TNS Total Endpoints      WHS(ns)      THS(ns)  THS Failing Endpoints  THS Total Endpoints  
----------    ----------    --------          -------      -------  ---------------------  -------------------      -------      -------  ---------------------  -------------------  


------------------------------------------------------------------------------------------------
| User Ignored Path Table
| -----------------------
------------------------------------------------------------------------------------------------

Path Group    From Clock    To Clock    
----------    ----------    --------    
(none)                      clk_pl_0      
(none)        clk_pl_0      clk_pl_0      


------------------------------------------------------------------------------------------------
| Unconstrained Path Table
| ------------------------
------------------------------------------------------------------------------------------------

Path Group    From Clock    To Clock    
----------    ----------    --------    


------------------------------------------------------------------------------------------------
| Timing Details
| --------------
------------------------------------------------------------------------------------------------


---------------------------------------------------------------------------------------------------
From Clock:  clk_pl_0
  To Clock:  clk_pl_0

Setup :            0  Failing Endpoints,  Worst Slack        5.061ns,  Total Violation        0.000ns
Hold  :            0  Failing Endpoints,  Worst Slack        0.010ns,  Total Violation        0.000ns
PW    :            0  Failing Endpoints,  Worst Slack        3.656ns,  Total Violation        0.000ns
---------------------------------------------------------------------------------------------------


Max Delay Paths
--------------------------------------------------------------------------------------
Slack (MET) :             5.061ns  (required time - arrival time)
  Source:                 dma_config_fir_i/axi_gpio_0/U0/gpio_core_1/Dual.gpio_Data_Out_reg[20]/C
                            (rising edge-triggered cell FDRE clocked by clk_pl_0  {rise@0.000ns fall@5.156ns period=10.312ns})
  Destination:            dma_config_fir_i/axis_fir4_configurab_0/inst/p1_r_reg/DSP_OUTPUT_INST/ALU_OUT[0]
                            (rising edge-triggered cell DSP_OUTPUT clocked by clk_pl_0  {rise@0.000ns fall@5.156ns period=10.312ns})
  Path Group:             clk_pl_0
  Path Type:              Setup (Max at Slow Process Corner)
  Requirement:            10.312ns  (clk_pl_0 rise@10.312ns - clk_pl_0 rise@0.000ns)
  Data Path Delay:        4.844ns  (logic 2.901ns (59.883%)  route 1.943ns (40.117%))
  Logic Levels:           7  (DSP_A_B_DATA=1 DSP_ALU=2 DSP_M_DATA=1 DSP_MULTIPLIER=1 DSP_OUTPUT=1 DSP_PREADD_DATA=1)
  Clock Path Skew:        -0.262ns (DCD - SCD + CPR)
    Destination Clock Delay (DCD):    2.854ns = ( 13.166 - 10.312 ) 
    Source Clock Delay      (SCD):    3.355ns
    Clock Pessimism Removal (CPR):    0.239ns
  Clock Uncertainty:      0.159ns  ((TSJ^2 + DJ^2)^1/2) / 2 + PE
    Total System Jitter     (TSJ):    0.071ns
    Discrete Jitter          (DJ):    0.310ns
    Phase Error              (PE):    0.000ns
  Clock Net Delay (Source):      3.088ns (routing 1.584ns, distribution 1.504ns)
  Clock Net Delay (Destination): 2.638ns (routing 1.450ns, distribution 1.188ns)

    Location             Delay type                Incr(ns)  Path(ns)    Netlist Resource(s)
  -------------------------------------------------------------------    -------------------
                         (clock clk_pl_0 rise edge)
                                                      0.000     0.000 r  
    PS8_X0Y0             PS8                          0.000     0.000 r  dma_config_fir_i/zynq_ultra_ps_e_0/inst/PS8_i/PLCLK[0]
                         net (fo=1, routed)           0.229     0.229    dma_config_fir_i/zynq_ultra_ps_e_0/inst/pl_clk_unbuffered[0]
    BUFG_PS_X0Y80        BUFG_PS (Prop_BUFG_PS_I_O)
                                                      0.038     0.267 r  dma_config_fir_i/zynq_ultra_ps_e_0/inst/buffer_pl_clk_0.PL_CLK_0_BUFG/O
    X1Y1 (CLOCK_ROOT)    net (fo=17127, routed)       3.088     3.355    dma_config_fir_i/axi_gpio_0/U0/gpio_core_1/s_axi_aclk
    SLICE_X15Y83         FDRE                                         r  dma_config_fir_i/axi_gpio_0/U0/gpio_core_1/Dual.gpio_Data_Out_reg[20]/C
  -------------------------------------------------------------------    -------------------
    SLICE_X15Y83         FDRE (Prop_CFF2_SLICEL_C_Q)
                                                      0.115     3.470 f  dma_config_fir_i/axi_gpio_0/U0/gpio_core_1/Dual.gpio_Data_Out_reg[20]/Q
                         net (fo=3, routed)           1.929     5.400    dma_config_fir_i/axis_fir4_configurab_0/inst/p1_r0/B[3]
    DSP48E2_X6Y32        DSP_A_B_DATA (Prop_DSP_A_B_DATA_DSP48E2_B[3]_B2_DATA[3])
                                                      0.216     5.616 r  dma_config_fir_i/axis_fir4_configurab_0/inst/p1_r0/DSP_A_B_DATA_INST/B2_DATA[3]
                         net (fo=1, routed)           0.000     5.616    dma_config_fir_i/axis_fir4_configurab_0/inst/p1_r0/DSP_A_B_DATA.B2_DATA<3>
    DSP48E2_X6Y32        DSP_PREADD_DATA (Prop_DSP_PREADD_DATA_DSP48E2_B2_DATA[3]_B2B1[3])
                                                      0.097     5.713 r  dma_config_fir_i/axis_fir4_configurab_0/inst/p1_r0/DSP_PREADD_DATA_INST/B2B1[3]
                         net (fo=1, routed)           0.000     5.713    dma_config_fir_i/axis_fir4_configurab_0/inst/p1_r0/DSP_PREADD_DATA.B2B1<3>
    DSP48E2_X6Y32        DSP_MULTIPLIER (Prop_DSP_MULTIPLIER_DSP48E2_B2B1[3]_U[35])
                                                      0.773     6.486 f  dma_config_fir_i/axis_fir4_configurab_0/inst/p1_r0/DSP_MULTIPLIER_INST/U[35]
                         net (fo=1, routed)           0.000     6.486    dma_config_fir_i/axis_fir4_configurab_0/inst/p1_r0/DSP_MULTIPLIER.U<35>
    DSP48E2_X6Y32        DSP_M_DATA (Prop_DSP_M_DATA_DSP48E2_U[35]_U_DATA[35])
                                                      0.067     6.553 r  dma_config_fir_i/axis_fir4_configurab_0/inst/p1_r0/DSP_M_DATA_INST/U_DATA[35]
                         net (fo=1, routed)           0.000     6.553    dma_config_fir_i/axis_fir4_configurab_0/inst/p1_r0/DSP_M_DATA.U_DATA<35>
    DSP48E2_X6Y32        DSP_ALU (Prop_DSP_ALU_DSP48E2_U_DATA[35]_ALU_OUT[47])
                                                      0.727     7.280 f  dma_config_fir_i/axis_fir4_configurab_0/inst/p1_r0/DSP_ALU_INST/ALU_OUT[47]
                         net (fo=1, routed)           0.000     7.280    dma_config_fir_i/axis_fir4_configurab_0/inst/p1_r0/DSP_ALU.ALU_OUT<47>
    DSP48E2_X6Y32        DSP_OUTPUT (Prop_DSP_OUTPUT_DSP48E2_ALU_OUT[47]_PCOUT[47])
                                                      0.167     7.447 r  dma_config_fir_i/axis_fir4_configurab_0/inst/p1_r0/DSP_OUTPUT_INST/PCOUT[47]
                         net (fo=1, routed)           0.014     7.461    dma_config_fir_i/axis_fir4_configurab_0/inst/p1_r_reg/PCIN[47]
    DSP48E2_X6Y33        DSP_ALU (Prop_DSP_ALU_DSP48E2_PCIN[47]_ALU_OUT[0])
                                                      0.739     8.200 r  dma_config_fir_i/axis_fir4_configurab_0/inst/p1_r_reg/DSP_ALU_INST/ALU_OUT[0]
                         net (fo=1, routed)           0.000     8.200    dma_config_fir_i/axis_fir4_configurab_0/inst/p1_r_reg/DSP_ALU.ALU_OUT<0>
    DSP48E2_X6Y33        DSP_OUTPUT                                   r  dma_config_fir_i/axis_fir4_configurab_0/inst/p1_r_reg/DSP_OUTPUT_INST/ALU_OUT[0]
  -------------------------------------------------------------------    -------------------

                         (clock clk_pl_0 rise edge)
                                                     10.312    10.312 r  
    PS8_X0Y0             PS8                          0.000    10.312 r  dma_config_fir_i/zynq_ultra_ps_e_0/inst/PS8_i/PLCLK[0]
                         net (fo=1, routed)           0.181    10.493    dma_config_fir_i/zynq_ultra_ps_e_0/inst/pl_clk_unbuffered[0]
    BUFG_PS_X0Y80        BUFG_PS (Prop_BUFG_PS_I_O)
                                                      0.035    10.528 r  dma_config_fir_i/zynq_ultra_ps_e_0/inst/buffer_pl_clk_0.PL_CLK_0_BUFG/O
    X1Y1 (CLOCK_ROOT)    net (fo=17127, routed)       2.638    13.166    dma_config_fir_i/axis_fir4_configurab_0/inst/p1_r_reg/CLK
    DSP48E2_X6Y33        DSP_OUTPUT                                   r  dma_config_fir_i/axis_fir4_configurab_0/inst/p1_r_reg/DSP_OUTPUT_INST/CLK
                         clock pessimism              0.239    13.406    
                         clock uncertainty           -0.159    13.246    
    DSP48E2_X6Y33        DSP_OUTPUT (Setup_DSP_OUTPUT_DSP48E2_CLK_ALU_OUT[0])
                                                      0.014    13.260    dma_config_fir_i/axis_fir4_configurab_0/inst/p1_r_reg/DSP_OUTPUT_INST
  -------------------------------------------------------------------
                         required time                         13.260    
                         arrival time                          -8.200    
  -------------------------------------------------------------------
                         slack                                  5.061    

Slack (MET) :             5.061ns  (required time - arrival time)
  Source:                 dma_config_fir_i/axi_gpio_0/U0/gpio_core_1/Dual.gpio_Data_Out_reg[20]/C
                            (rising edge-triggered cell FDRE clocked by clk_pl_0  {rise@0.000ns fall@5.156ns period=10.312ns})
  Destination:            dma_config_fir_i/axis_fir4_configurab_0/inst/p1_r_reg/DSP_OUTPUT_INST/ALU_OUT[10]
                            (rising edge-triggered cell DSP_OUTPUT clocked by clk_pl_0  {rise@0.000ns fall@5.156ns period=10.312ns})
  Path Group:             clk_pl_0
  Path Type:              Setup (Max at Slow Process Corner)
  Requirement:            10.312ns  (clk_pl_0 rise@10.312ns - clk_pl_0 rise@0.000ns)
  Data Path Delay:        4.844ns  (logic 2.901ns (59.883%)  route 1.943ns (40.117%))
  Logic Levels:           7  (DSP_A_B_DATA=1 DSP_ALU=2 DSP_M_DATA=1 DSP_MULTIPLIER=1 DSP_OUTPUT=1 DSP_PREADD_DATA=1)
  Clock Path Skew:        -0.262ns (DCD - SCD + CPR)
    Destination Clock Delay (DCD):    2.854ns = ( 13.166 - 10.312 ) 
    Source Clock Delay      (SCD):    3.355ns
    Clock Pessimism Removal (CPR):    0.239ns
  Clock Uncertainty:      0.159ns  ((TSJ^2 + DJ^2)^1/2) / 2 + PE
    Total System Jitter     (TSJ):    0.071ns
    Discrete Jitter          (DJ):    0.310ns
    Phase Error              (PE):    0.000ns
  Clock Net Delay (Source):      3.088ns (routing 1.584ns, distribution 1.504ns)
  Clock Net Delay (Destination): 2.638ns (routing 1.450ns, distribution 1.188ns)

    Location             Delay type                Incr(ns)  Path(ns)    Netlist Resource(s)
  -------------------------------------------------------------------    -------------------
                         (clock clk_pl_0 rise edge)
                                                      0.000     0.000 r  
    PS8_X0Y0             PS8                          0.000     0.000 r  dma_config_fir_i/zynq_ultra_ps_e_0/inst/PS8_i/PLCLK[0]
                         net (fo=1, routed)           0.229     0.229    dma_config_fir_i/zynq_ultra_ps_e_0/inst/pl_clk_unbuffered[0]
    BUFG_PS_X0Y80        BUFG_PS (Prop_BUFG_PS_I_O)
                                                      0.038     0.267 r  dma_config_fir_i/zynq_ultra_ps_e_0/inst/buffer_pl_clk_0.PL_CLK_0_BUFG/O
    X1Y1 (CLOCK_ROOT)    net (fo=17127, routed)       3.088     3.355    dma_config_fir_i/axi_gpio_0/U0/gpio_core_1/s_axi_aclk
    SLICE_X15Y83         FDRE                                         r  dma_config_fir_i/axi_gpio_0/U0/gpio_core_1/Dual.gpio_Data_Out_reg[20]/C
  -------------------------------------------------------------------    -------------------
    SLICE_X15Y83         FDRE (Prop_CFF2_SLICEL_C_Q)
                                                      0.115     3.470 f  dma_config_fir_i/axi_gpio_0/U0/gpio_core_1/Dual.gpio_Data_Out_reg[20]/Q
                         net (fo=3, routed)           1.929     5.400    dma_config_fir_i/axis_fir4_configurab_0/inst/p1_r0/B[3]
    DSP48E2_X6Y32        DSP_A_B_DATA (Prop_DSP_A_B_DATA_DSP48E2_B[3]_B2_DATA[3])
                                                      0.216     5.616 r  dma_config_fir_i/axis_fir4_configurab_0/inst/p1_r0/DSP_A_B_DATA_INST/B2_DATA[3]
                         net (fo=1, routed)           0.000     5.616    dma_config_fir_i/axis_fir4_configurab_0/inst/p1_r0/DSP_A_B_DATA.B2_DATA<3>
    DSP48E2_X6Y32        DSP_PREADD_DATA (Prop_DSP_PREADD_DATA_DSP48E2_B2_DATA[3]_B2B1[3])
                                                      0.097     5.713 r  dma_config_fir_i/axis_fir4_configurab_0/inst/p1_r0/DSP_PREADD_DATA_INST/B2B1[3]
                         net (fo=1, routed)           0.000     5.713    dma_config_fir_i/axis_fir4_configurab_0/inst/p1_r0/DSP_PREADD_DATA.B2B1<3>
    DSP48E2_X6Y32        DSP_MULTIPLIER (Prop_DSP_MULTIPLIER_DSP48E2_B2B1[3]_U[35])
                                                      0.773     6.486 f  dma_config_fir_i/axis_fir4_configurab_0/inst/p1_r0/DSP_MULTIPLIER_INST/U[35]
                         net (fo=1, routed)           0.000     6.486    dma_config_fir_i/axis_fir4_configurab_0/inst/p1_r0/DSP_MULTIPLIER.U<35>
    DSP48E2_X6Y32        DSP_M_DATA (Prop_DSP_M_DATA_DSP48E2_U[35]_U_DATA[35])
                                                      0.067     6.553 r  dma_config_fir_i/axis_fir4_configurab_0/inst/p1_r0/DSP_M_DATA_INST/U_DATA[35]
                         net (fo=1, routed)           0.000     6.553    dma_config_fir_i/axis_fir4_configurab_0/inst/p1_r0/DSP_M_DATA.U_DATA<35>
    DSP48E2_X6Y32        DSP_ALU (Prop_DSP_ALU_DSP48E2_U_DATA[35]_ALU_OUT[47])
                                                      0.727     7.280 f  dma_config_fir_i/axis_fir4_configurab_0/inst/p1_r0/DSP_ALU_INST/ALU_OUT[47]
                         net (fo=1, routed)           0.000     7.280    dma_config_fir_i/axis_fir4_configurab_0/inst/p1_r0/DSP_ALU.ALU_OUT<47>
    DSP48E2_X6Y32        DSP_OUTPUT (Prop_DSP_OUTPUT_DSP48E2_ALU_OUT[47]_PCOUT[47])
                                                      0.167     7.447 r  dma_config_fir_i/axis_fir4_configurab_0/inst/p1_r0/DSP_OUTPUT_INST/PCOUT[47]
                         net (fo=1, routed)           0.014     7.461    dma_config_fir_i/axis_fir4_configurab_0/inst/p1_r_reg/PCIN[47]
    DSP48E2_X6Y33        DSP_ALU (Prop_DSP_ALU_DSP48E2_PCIN[47]_ALU_OUT[10])
                                                      0.739     8.200 r  dma_config_fir_i/axis_fir4_configurab_0/inst/p1_r_reg/DSP_ALU_INST/ALU_OUT[10]
                         net (fo=1, routed)           0.000     8.200    dma_config_fir_i/axis_fir4_configurab_0/inst/p1_r_reg/DSP_ALU.ALU_OUT<10>
    DSP48E2_X6Y33        DSP_OUTPUT                                   r  dma_config_fir_i/axis_fir4_configurab_0/inst/p1_r_reg/DSP_OUTPUT_INST/ALU_OUT[10]
  -------------------------------------------------------------------    -------------------

                         (clock clk_pl_0 rise edge)
                                                     10.312    10.312 r  
    PS8_X0Y0             PS8                          0.000    10.312 r  dma_config_fir_i/zynq_ultra_ps_e_0/inst/PS8_i/PLCLK[0]
                         net (fo=1, routed)           0.181    10.493    dma_config_fir_i/zynq_ultra_ps_e_0/inst/pl_clk_unbuffered[0]
    BUFG_PS_X0Y80        BUFG_PS (Prop_BUFG_PS_I_O)
                                                      0.035    10.528 r  dma_config_fir_i/zynq_ultra_ps_e_0/inst/buffer_pl_clk_0.PL_CLK_0_BUFG/O
    X1Y1 (CLOCK_ROOT)    net (fo=17127, routed)       2.638    13.166    dma_config_fir_i/axis_fir4_configurab_0/inst/p1_r_reg/CLK
    DSP48E2_X6Y33        DSP_OUTPUT                                   r  dma_config_fir_i/axis_fir4_configurab_0/inst/p1_r_reg/DSP_OUTPUT_INST/CLK
                         clock pessimism              0.239    13.406    
                         clock uncertainty           -0.159    13.246    
    DSP48E2_X6Y33        DSP_OUTPUT (Setup_DSP_OUTPUT_DSP48E2_CLK_ALU_OUT[10])
                                                      0.014    13.260    dma_config_fir_i/axis_fir4_configurab_0/inst/p1_r_reg/DSP_OUTPUT_INST
  -------------------------------------------------------------------
                         required time                         13.260    
                         arrival time                          -8.200    
  -------------------------------------------------------------------
                         slack                                  5.061    

Slack (MET) :             5.061ns  (required time - arrival time)
  Source:                 dma_config_fir_i/axi_gpio_0/U0/gpio_core_1/Dual.gpio_Data_Out_reg[20]/C
                            (rising edge-triggered cell FDRE clocked by clk_pl_0  {rise@0.000ns fall@5.156ns period=10.312ns})
  Destination:            dma_config_fir_i/axis_fir4_configurab_0/inst/p1_r_reg/DSP_OUTPUT_INST/ALU_OUT[11]
                            (rising edge-triggered cell DSP_OUTPUT clocked by clk_pl_0  {rise@0.000ns fall@5.156ns period=10.312ns})
  Path Group:             clk_pl_0
  Path Type:              Setup (Max at Slow Process Corner)
  Requirement:            10.312ns  (clk_pl_0 rise@10.312ns - clk_pl_0 rise@0.000ns)
  Data Path Delay:        4.844ns  (logic 2.901ns (59.883%)  route 1.943ns (40.117%))
  Logic Levels:           7  (DSP_A_B_DATA=1 DSP_ALU=2 DSP_M_DATA=1 DSP_MULTIPLIER=1 DSP_OUTPUT=1 DSP_PREADD_DATA=1)
  Clock Path Skew:        -0.262ns (DCD - SCD + CPR)
    Destination Clock Delay (DCD):    2.854ns = ( 13.166 - 10.312 ) 
    Source Clock Delay      (SCD):    3.355ns
    Clock Pessimism Removal (CPR):    0.239ns
  Clock Uncertainty:      0.159ns  ((TSJ^2 + DJ^2)^1/2) / 2 + PE
    Total System Jitter     (TSJ):    0.071ns
    Discrete Jitter          (DJ):    0.310ns
    Phase Error              (PE):    0.000ns
  Clock Net Delay (Source):      3.088ns (routing 1.584ns, distribution 1.504ns)
  Clock Net Delay (Destination): 2.638ns (routing 1.450ns, distribution 1.188ns)

    Location             Delay type                Incr(ns)  Path(ns)    Netlist Resource(s)
  -------------------------------------------------------------------    -------------------
                         (clock clk_pl_0 rise edge)
                                                      0.000     0.000 r  
    PS8_X0Y0             PS8                          0.000     0.000 r  dma_config_fir_i/zynq_ultra_ps_e_0/inst/PS8_i/PLCLK[0]
                         net (fo=1, routed)           0.229     0.229    dma_config_fir_i/zynq_ultra_ps_e_0/inst/pl_clk_unbuffered[0]
    BUFG_PS_X0Y80        BUFG_PS (Prop_BUFG_PS_I_O)
                                                      0.038     0.267 r  dma_config_fir_i/zynq_ultra_ps_e_0/inst/buffer_pl_clk_0.PL_CLK_0_BUFG/O
    X1Y1 (CLOCK_ROOT)    net (fo=17127, routed)       3.088     3.355    dma_config_fir_i/axi_gpio_0/U0/gpio_core_1/s_axi_aclk
    SLICE_X15Y83         FDRE                                         r  dma_config_fir_i/axi_gpio_0/U0/gpio_core_1/Dual.gpio_Data_Out_reg[20]/C
  -------------------------------------------------------------------    -------------------
    SLICE_X15Y83         FDRE (Prop_CFF2_SLICEL_C_Q)
                                                      0.115     3.470 f  dma_config_fir_i/axi_gpio_0/U0/gpio_core_1/Dual.gpio_Data_Out_reg[20]/Q
                         net (fo=3, routed)           1.929     5.400    dma_config_fir_i/axis_fir4_configurab_0/inst/p1_r0/B[3]
    DSP48E2_X6Y32        DSP_A_B_DATA (Prop_DSP_A_B_DATA_DSP48E2_B[3]_B2_DATA[3])
                                                      0.216     5.616 r  dma_config_fir_i/axis_fir4_configurab_0/inst/p1_r0/DSP_A_B_DATA_INST/B2_DATA[3]
                         net (fo=1, routed)           0.000     5.616    dma_config_fir_i/axis_fir4_configurab_0/inst/p1_r0/DSP_A_B_DATA.B2_DATA<3>
    DSP48E2_X6Y32        DSP_PREADD_DATA (Prop_DSP_PREADD_DATA_DSP48E2_B2_DATA[3]_B2B1[3])
                                                      0.097     5.713 r  dma_config_fir_i/axis_fir4_configurab_0/inst/p1_r0/DSP_PREADD_DATA_INST/B2B1[3]
                         net (fo=1, routed)           0.000     5.713    dma_config_fir_i/axis_fir4_configurab_0/inst/p1_r0/DSP_PREADD_DATA.B2B1<3>
    DSP48E2_X6Y32        DSP_MULTIPLIER (Prop_DSP_MULTIPLIER_DSP48E2_B2B1[3]_U[35])
                                                      0.773     6.486 f  dma_config_fir_i/axis_fir4_configurab_0/inst/p1_r0/DSP_MULTIPLIER_INST/U[35]
                         net (fo=1, routed)           0.000     6.486    dma_config_fir_i/axis_fir4_configurab_0/inst/p1_r0/DSP_MULTIPLIER.U<35>
    DSP48E2_X6Y32        DSP_M_DATA (Prop_DSP_M_DATA_DSP48E2_U[35]_U_DATA[35])
                                                      0.067     6.553 r  dma_config_fir_i/axis_fir4_configurab_0/inst/p1_r0/DSP_M_DATA_INST/U_DATA[35]
                         net (fo=1, routed)           0.000     6.553    dma_config_fir_i/axis_fir4_configurab_0/inst/p1_r0/DSP_M_DATA.U_DATA<35>
    DSP48E2_X6Y32        DSP_ALU (Prop_DSP_ALU_DSP48E2_U_DATA[35]_ALU_OUT[47])
                                                      0.727     7.280 f  dma_config_fir_i/axis_fir4_configurab_0/inst/p1_r0/DSP_ALU_INST/ALU_OUT[47]
                         net (fo=1, routed)           0.000     7.280    dma_config_fir_i/axis_fir4_configurab_0/inst/p1_r0/DSP_ALU.ALU_OUT<47>
    DSP48E2_X6Y32        DSP_OUTPUT (Prop_DSP_OUTPUT_DSP48E2_ALU_OUT[47]_PCOUT[47])
                                                      0.167     7.447 r  dma_config_fir_i/axis_fir4_configurab_0/inst/p1_r0/DSP_OUTPUT_INST/PCOUT[47]
                         net (fo=1, routed)           0.014     7.461    dma_config_fir_i/axis_fir4_configurab_0/inst/p1_r_reg/PCIN[47]
    DSP48E2_X6Y33        DSP_ALU (Prop_DSP_ALU_DSP48E2_PCIN[47]_ALU_OUT[11])
                                                      0.739     8.200 r  dma_config_fir_i/axis_fir4_configurab_0/inst/p1_r_reg/DSP_ALU_INST/ALU_OUT[11]
                         net (fo=1, routed)           0.000     8.200    dma_config_fir_i/axis_fir4_configurab_0/inst/p1_r_reg/DSP_ALU.ALU_OUT<11>
    DSP48E2_X6Y33        DSP_OUTPUT                                   r  dma_config_fir_i/axis_fir4_configurab_0/inst/p1_r_reg/DSP_OUTPUT_INST/ALU_OUT[11]
  -------------------------------------------------------------------    -------------------

                         (clock clk_pl_0 rise edge)
                                                     10.312    10.312 r  
    PS8_X0Y0             PS8                          0.000    10.312 r  dma_config_fir_i/zynq_ultra_ps_e_0/inst/PS8_i/PLCLK[0]
                         net (fo=1, routed)           0.181    10.493    dma_config_fir_i/zynq_ultra_ps_e_0/inst/pl_clk_unbuffered[0]
    BUFG_PS_X0Y80        BUFG_PS (Prop_BUFG_PS_I_O)
                                                      0.035    10.528 r  dma_config_fir_i/zynq_ultra_ps_e_0/inst/buffer_pl_clk_0.PL_CLK_0_BUFG/O
    X1Y1 (CLOCK_ROOT)    net (fo=17127, routed)       2.638    13.166    dma_config_fir_i/axis_fir4_configurab_0/inst/p1_r_reg/CLK
    DSP48E2_X6Y33        DSP_OUTPUT                                   r  dma_config_fir_i/axis_fir4_configurab_0/inst/p1_r_reg/DSP_OUTPUT_INST/CLK
                         clock pessimism              0.239    13.406    
                         clock uncertainty           -0.159    13.246    
    DSP48E2_X6Y33        DSP_OUTPUT (Setup_DSP_OUTPUT_DSP48E2_CLK_ALU_OUT[11])
                                                      0.014    13.260    dma_config_fir_i/axis_fir4_configurab_0/inst/p1_r_reg/DSP_OUTPUT_INST
  -------------------------------------------------------------------
                         required time                         13.260    
                         arrival time                          -8.200    
  -------------------------------------------------------------------
                         slack                                  5.061    

Slack (MET) :             5.061ns  (required time - arrival time)
  Source:                 dma_config_fir_i/axi_gpio_0/U0/gpio_core_1/Dual.gpio_Data_Out_reg[20]/C
                            (rising edge-triggered cell FDRE clocked by clk_pl_0  {rise@0.000ns fall@5.156ns period=10.312ns})
  Destination:            dma_config_fir_i/axis_fir4_configurab_0/inst/p1_r_reg/DSP_OUTPUT_INST/ALU_OUT[12]
                            (rising edge-triggered cell DSP_OUTPUT clocked by clk_pl_0  {rise@0.000ns fall@5.156ns period=10.312ns})
  Path Group:             clk_pl_0
  Path Type:              Setup (Max at Slow Process Corner)
  Requirement:            10.312ns  (clk_pl_0 rise@10.312ns - clk_pl_0 rise@0.000ns)
  Data Path Delay:        4.844ns  (logic 2.901ns (59.883%)  route 1.943ns (40.117%))
  Logic Levels:           7  (DSP_A_B_DATA=1 DSP_ALU=2 DSP_M_DATA=1 DSP_MULTIPLIER=1 DSP_OUTPUT=1 DSP_PREADD_DATA=1)
  Clock Path Skew:        -0.262ns (DCD - SCD + CPR)
    Destination Clock Delay (DCD):    2.854ns = ( 13.166 - 10.312 ) 
    Source Clock Delay      (SCD):    3.355ns
    Clock Pessimism Removal (CPR):    0.239ns
  Clock Uncertainty:      0.159ns  ((TSJ^2 + DJ^2)^1/2) / 2 + PE
    Total System Jitter     (TSJ):    0.071ns
    Discrete Jitter          (DJ):    0.310ns
    Phase Error              (PE):    0.000ns
  Clock Net Delay (Source):      3.088ns (routing 1.584ns, distribution 1.504ns)
  Clock Net Delay (Destination): 2.638ns (routing 1.450ns, distribution 1.188ns)

    Location             Delay type                Incr(ns)  Path(ns)    Netlist Resource(s)
  -------------------------------------------------------------------    -------------------
                         (clock clk_pl_0 rise edge)
                                                      0.000     0.000 r  
    PS8_X0Y0             PS8                          0.000     0.000 r  dma_config_fir_i/zynq_ultra_ps_e_0/inst/PS8_i/PLCLK[0]
                         net (fo=1, routed)           0.229     0.229    dma_config_fir_i/zynq_ultra_ps_e_0/inst/pl_clk_unbuffered[0]
    BUFG_PS_X0Y80        BUFG_PS (Prop_BUFG_PS_I_O)
                                                      0.038     0.267 r  dma_config_fir_i/zynq_ultra_ps_e_0/inst/buffer_pl_clk_0.PL_CLK_0_BUFG/O
    X1Y1 (CLOCK_ROOT)    net (fo=17127, routed)       3.088     3.355    dma_config_fir_i/axi_gpio_0/U0/gpio_core_1/s_axi_aclk
    SLICE_X15Y83         FDRE                                         r  dma_config_fir_i/axi_gpio_0/U0/gpio_core_1/Dual.gpio_Data_Out_reg[20]/C
  -------------------------------------------------------------------    -------------------
    SLICE_X15Y83         FDRE (Prop_CFF2_SLICEL_C_Q)
                                                      0.115     3.470 f  dma_config_fir_i/axi_gpio_0/U0/gpio_core_1/Dual.gpio_Data_Out_reg[20]/Q
                         net (fo=3, routed)           1.929     5.400    dma_config_fir_i/axis_fir4_configurab_0/inst/p1_r0/B[3]
    DSP48E2_X6Y32        DSP_A_B_DATA (Prop_DSP_A_B_DATA_DSP48E2_B[3]_B2_DATA[3])
                                                      0.216     5.616 r  dma_config_fir_i/axis_fir4_configurab_0/inst/p1_r0/DSP_A_B_DATA_INST/B2_DATA[3]
                         net (fo=1, routed)           0.000     5.616    dma_config_fir_i/axis_fir4_configurab_0/inst/p1_r0/DSP_A_B_DATA.B2_DATA<3>
    DSP48E2_X6Y32        DSP_PREADD_DATA (Prop_DSP_PREADD_DATA_DSP48E2_B2_DATA[3]_B2B1[3])
                                                      0.097     5.713 r  dma_config_fir_i/axis_fir4_configurab_0/inst/p1_r0/DSP_PREADD_DATA_INST/B2B1[3]
                         net (fo=1, routed)           0.000     5.713    dma_config_fir_i/axis_fir4_configurab_0/inst/p1_r0/DSP_PREADD_DATA.B2B1<3>
    DSP48E2_X6Y32        DSP_MULTIPLIER (Prop_DSP_MULTIPLIER_DSP48E2_B2B1[3]_U[35])
                                                      0.773     6.486 f  dma_config_fir_i/axis_fir4_configurab_0/inst/p1_r0/DSP_MULTIPLIER_INST/U[35]
                         net (fo=1, routed)           0.000     6.486    dma_config_fir_i/axis_fir4_configurab_0/inst/p1_r0/DSP_MULTIPLIER.U<35>
    DSP48E2_X6Y32        DSP_M_DATA (Prop_DSP_M_DATA_DSP48E2_U[35]_U_DATA[35])
                                                      0.067     6.553 r  dma_config_fir_i/axis_fir4_configurab_0/inst/p1_r0/DSP_M_DATA_INST/U_DATA[35]
                         net (fo=1, routed)           0.000     6.553    dma_config_fir_i/axis_fir4_configurab_0/inst/p1_r0/DSP_M_DATA.U_DATA<35>
    DSP48E2_X6Y32        DSP_ALU (Prop_DSP_ALU_DSP48E2_U_DATA[35]_ALU_OUT[47])
                                                      0.727     7.280 f  dma_config_fir_i/axis_fir4_configurab_0/inst/p1_r0/DSP_ALU_INST/ALU_OUT[47]
                         net (fo=1, routed)           0.000     7.280    dma_config_fir_i/axis_fir4_configurab_0/inst/p1_r0/DSP_ALU.ALU_OUT<47>
    DSP48E2_X6Y32        DSP_OUTPUT (Prop_DSP_OUTPUT_DSP48E2_ALU_OUT[47]_PCOUT[47])
                                                      0.167     7.447 r  dma_config_fir_i/axis_fir4_configurab_0/inst/p1_r0/DSP_OUTPUT_INST/PCOUT[47]
                         net (fo=1, routed)           0.014     7.461    dma_config_fir_i/axis_fir4_configurab_0/inst/p1_r_reg/PCIN[47]
    DSP48E2_X6Y33        DSP_ALU (Prop_DSP_ALU_DSP48E2_PCIN[47]_ALU_OUT[12])
                                                      0.739     8.200 r  dma_config_fir_i/axis_fir4_configurab_0/inst/p1_r_reg/DSP_ALU_INST/ALU_OUT[12]
                         net (fo=1, routed)           0.000     8.200    dma_config_fir_i/axis_fir4_configurab_0/inst/p1_r_reg/DSP_ALU.ALU_OUT<12>
    DSP48E2_X6Y33        DSP_OUTPUT                                   r  dma_config_fir_i/axis_fir4_configurab_0/inst/p1_r_reg/DSP_OUTPUT_INST/ALU_OUT[12]
  -------------------------------------------------------------------    -------------------

                         (clock clk_pl_0 rise edge)
                                                     10.312    10.312 r  
    PS8_X0Y0             PS8                          0.000    10.312 r  dma_config_fir_i/zynq_ultra_ps_e_0/inst/PS8_i/PLCLK[0]
                         net (fo=1, routed)           0.181    10.493    dma_config_fir_i/zynq_ultra_ps_e_0/inst/pl_clk_unbuffered[0]
    BUFG_PS_X0Y80        BUFG_PS (Prop_BUFG_PS_I_O)
                                                      0.035    10.528 r  dma_config_fir_i/zynq_ultra_ps_e_0/inst/buffer_pl_clk_0.PL_CLK_0_BUFG/O
    X1Y1 (CLOCK_ROOT)    net (fo=17127, routed)       2.638    13.166    dma_config_fir_i/axis_fir4_configurab_0/inst/p1_r_reg/CLK
    DSP48E2_X6Y33        DSP_OUTPUT                                   r  dma_config_fir_i/axis_fir4_configurab_0/inst/p1_r_reg/DSP_OUTPUT_INST/CLK
                         clock pessimism              0.239    13.406    
                         clock uncertainty           -0.159    13.246    
    DSP48E2_X6Y33        DSP_OUTPUT (Setup_DSP_OUTPUT_DSP48E2_CLK_ALU_OUT[12])
                                                      0.014    13.260    dma_config_fir_i/axis_fir4_configurab_0/inst/p1_r_reg/DSP_OUTPUT_INST
  -------------------------------------------------------------------
                         required time                         13.260    
                         arrival time                          -8.200    
  -------------------------------------------------------------------
                         slack                                  5.061    

Slack (MET) :             5.061ns  (required time - arrival time)
  Source:                 dma_config_fir_i/axi_gpio_0/U0/gpio_core_1/Dual.gpio_Data_Out_reg[20]/C
                            (rising edge-triggered cell FDRE clocked by clk_pl_0  {rise@0.000ns fall@5.156ns period=10.312ns})
  Destination:            dma_config_fir_i/axis_fir4_configurab_0/inst/p1_r_reg/DSP_OUTPUT_INST/ALU_OUT[13]
                            (rising edge-triggered cell DSP_OUTPUT clocked by clk_pl_0  {rise@0.000ns fall@5.156ns period=10.312ns})
  Path Group:             clk_pl_0
  Path Type:              Setup (Max at Slow Process Corner)
  Requirement:            10.312ns  (clk_pl_0 rise@10.312ns - clk_pl_0 rise@0.000ns)
  Data Path Delay:        4.844ns  (logic 2.901ns (59.883%)  route 1.943ns (40.117%))
  Logic Levels:           7  (DSP_A_B_DATA=1 DSP_ALU=2 DSP_M_DATA=1 DSP_MULTIPLIER=1 DSP_OUTPUT=1 DSP_PREADD_DATA=1)
  Clock Path Skew:        -0.262ns (DCD - SCD + CPR)
    Destination Clock Delay (DCD):    2.854ns = ( 13.166 - 10.312 ) 
    Source Clock Delay      (SCD):    3.355ns
    Clock Pessimism Removal (CPR):    0.239ns
  Clock Uncertainty:      0.159ns  ((TSJ^2 + DJ^2)^1/2) / 2 + PE
    Total System Jitter     (TSJ):    0.071ns
    Discrete Jitter          (DJ):    0.310ns
    Phase Error              (PE):    0.000ns
  Clock Net Delay (Source):      3.088ns (routing 1.584ns, distribution 1.504ns)
  Clock Net Delay (Destination): 2.638ns (routing 1.450ns, distribution 1.188ns)

    Location             Delay type                Incr(ns)  Path(ns)    Netlist Resource(s)
  -------------------------------------------------------------------    -------------------
                         (clock clk_pl_0 rise edge)
                                                      0.000     0.000 r  
    PS8_X0Y0             PS8                          0.000     0.000 r  dma_config_fir_i/zynq_ultra_ps_e_0/inst/PS8_i/PLCLK[0]
                         net (fo=1, routed)           0.229     0.229    dma_config_fir_i/zynq_ultra_ps_e_0/inst/pl_clk_unbuffered[0]
    BUFG_PS_X0Y80        BUFG_PS (Prop_BUFG_PS_I_O)
                                                      0.038     0.267 r  dma_config_fir_i/zynq_ultra_ps_e_0/inst/buffer_pl_clk_0.PL_CLK_0_BUFG/O
    X1Y1 (CLOCK_ROOT)    net (fo=17127, routed)       3.088     3.355    dma_config_fir_i/axi_gpio_0/U0/gpio_core_1/s_axi_aclk
    SLICE_X15Y83         FDRE                                         r  dma_config_fir_i/axi_gpio_0/U0/gpio_core_1/Dual.gpio_Data_Out_reg[20]/C
  -------------------------------------------------------------------    -------------------
    SLICE_X15Y83         FDRE (Prop_CFF2_SLICEL_C_Q)
                                                      0.115     3.470 f  dma_config_fir_i/axi_gpio_0/U0/gpio_core_1/Dual.gpio_Data_Out_reg[20]/Q
                         net (fo=3, routed)           1.929     5.400    dma_config_fir_i/axis_fir4_configurab_0/inst/p1_r0/B[3]
    DSP48E2_X6Y32        DSP_A_B_DATA (Prop_DSP_A_B_DATA_DSP48E2_B[3]_B2_DATA[3])
                                                      0.216     5.616 r  dma_config_fir_i/axis_fir4_configurab_0/inst/p1_r0/DSP_A_B_DATA_INST/B2_DATA[3]
                         net (fo=1, routed)           0.000     5.616    dma_config_fir_i/axis_fir4_configurab_0/inst/p1_r0/DSP_A_B_DATA.B2_DATA<3>
    DSP48E2_X6Y32        DSP_PREADD_DATA (Prop_DSP_PREADD_DATA_DSP48E2_B2_DATA[3]_B2B1[3])
                                                      0.097     5.713 r  dma_config_fir_i/axis_fir4_configurab_0/inst/p1_r0/DSP_PREADD_DATA_INST/B2B1[3]
                         net (fo=1, routed)           0.000     5.713    dma_config_fir_i/axis_fir4_configurab_0/inst/p1_r0/DSP_PREADD_DATA.B2B1<3>
    DSP48E2_X6Y32        DSP_MULTIPLIER (Prop_DSP_MULTIPLIER_DSP48E2_B2B1[3]_U[35])
                                                      0.773     6.486 f  dma_config_fir_i/axis_fir4_configurab_0/inst/p1_r0/DSP_MULTIPLIER_INST/U[35]
                         net (fo=1, routed)           0.000     6.486    dma_config_fir_i/axis_fir4_configurab_0/inst/p1_r0/DSP_MULTIPLIER.U<35>
    DSP48E2_X6Y32        DSP_M_DATA (Prop_DSP_M_DATA_DSP48E2_U[35]_U_DATA[35])
                                                      0.067     6.553 r  dma_config_fir_i/axis_fir4_configurab_0/inst/p1_r0/DSP_M_DATA_INST/U_DATA[35]
                         net (fo=1, routed)           0.000     6.553    dma_config_fir_i/axis_fir4_configurab_0/inst/p1_r0/DSP_M_DATA.U_DATA<35>
    DSP48E2_X6Y32        DSP_ALU (Prop_DSP_ALU_DSP48E2_U_DATA[35]_ALU_OUT[47])
                                                      0.727     7.280 f  dma_config_fir_i/axis_fir4_configurab_0/inst/p1_r0/DSP_ALU_INST/ALU_OUT[47]
                         net (fo=1, routed)           0.000     7.280    dma_config_fir_i/axis_fir4_configurab_0/inst/p1_r0/DSP_ALU.ALU_OUT<47>
    DSP48E2_X6Y32        DSP_OUTPUT (Prop_DSP_OUTPUT_DSP48E2_ALU_OUT[47]_PCOUT[47])
                                                      0.167     7.447 r  dma_config_fir_i/axis_fir4_configurab_0/inst/p1_r0/DSP_OUTPUT_INST/PCOUT[47]
                         net (fo=1, routed)           0.014     7.461    dma_config_fir_i/axis_fir4_configurab_0/inst/p1_r_reg/PCIN[47]
    DSP48E2_X6Y33        DSP_ALU (Prop_DSP_ALU_DSP48E2_PCIN[47]_ALU_OUT[13])
                                                      0.739     8.200 r  dma_config_fir_i/axis_fir4_configurab_0/inst/p1_r_reg/DSP_ALU_INST/ALU_OUT[13]
                         net (fo=1, routed)           0.000     8.200    dma_config_fir_i/axis_fir4_configurab_0/inst/p1_r_reg/DSP_ALU.ALU_OUT<13>
    DSP48E2_X6Y33        DSP_OUTPUT                                   r  dma_config_fir_i/axis_fir4_configurab_0/inst/p1_r_reg/DSP_OUTPUT_INST/ALU_OUT[13]
  -------------------------------------------------------------------    -------------------

                         (clock clk_pl_0 rise edge)
                                                     10.312    10.312 r  
    PS8_X0Y0             PS8                          0.000    10.312 r  dma_config_fir_i/zynq_ultra_ps_e_0/inst/PS8_i/PLCLK[0]
                         net (fo=1, routed)           0.181    10.493    dma_config_fir_i/zynq_ultra_ps_e_0/inst/pl_clk_unbuffered[0]
    BUFG_PS_X0Y80        BUFG_PS (Prop_BUFG_PS_I_O)
                                                      0.035    10.528 r  dma_config_fir_i/zynq_ultra_ps_e_0/inst/buffer_pl_clk_0.PL_CLK_0_BUFG/O
    X1Y1 (CLOCK_ROOT)    net (fo=17127, routed)       2.638    13.166    dma_config_fir_i/axis_fir4_configurab_0/inst/p1_r_reg/CLK
    DSP48E2_X6Y33        DSP_OUTPUT                                   r  dma_config_fir_i/axis_fir4_configurab_0/inst/p1_r_reg/DSP_OUTPUT_INST/CLK
                         clock pessimism              0.239    13.406    
                         clock uncertainty           -0.159    13.246    
    DSP48E2_X6Y33        DSP_OUTPUT (Setup_DSP_OUTPUT_DSP48E2_CLK_ALU_OUT[13])
                                                      0.014    13.260    dma_config_fir_i/axis_fir4_configurab_0/inst/p1_r_reg/DSP_OUTPUT_INST
  -------------------------------------------------------------------
                         required time                         13.260    
                         arrival time                          -8.200    
  -------------------------------------------------------------------
                         slack                                  5.061    

Slack (MET) :             5.061ns  (required time - arrival time)
  Source:                 dma_config_fir_i/axi_gpio_0/U0/gpio_core_1/Dual.gpio_Data_Out_reg[20]/C
                            (rising edge-triggered cell FDRE clocked by clk_pl_0  {rise@0.000ns fall@5.156ns period=10.312ns})
  Destination:            dma_config_fir_i/axis_fir4_configurab_0/inst/p1_r_reg/DSP_OUTPUT_INST/ALU_OUT[14]
                            (rising edge-triggered cell DSP_OUTPUT clocked by clk_pl_0  {rise@0.000ns fall@5.156ns period=10.312ns})
  Path Group:             clk_pl_0
  Path Type:              Setup (Max at Slow Process Corner)
  Requirement:            10.312ns  (clk_pl_0 rise@10.312ns - clk_pl_0 rise@0.000ns)
  Data Path Delay:        4.844ns  (logic 2.901ns (59.883%)  route 1.943ns (40.117%))
  Logic Levels:           7  (DSP_A_B_DATA=1 DSP_ALU=2 DSP_M_DATA=1 DSP_MULTIPLIER=1 DSP_OUTPUT=1 DSP_PREADD_DATA=1)
  Clock Path Skew:        -0.262ns (DCD - SCD + CPR)
    Destination Clock Delay (DCD):    2.854ns = ( 13.166 - 10.312 ) 
    Source Clock Delay      (SCD):    3.355ns
    Clock Pessimism Removal (CPR):    0.239ns
  Clock Uncertainty:      0.159ns  ((TSJ^2 + DJ^2)^1/2) / 2 + PE
    Total System Jitter     (TSJ):    0.071ns
    Discrete Jitter          (DJ):    0.310ns
    Phase Error              (PE):    0.000ns
  Clock Net Delay (Source):      3.088ns (routing 1.584ns, distribution 1.504ns)
  Clock Net Delay (Destination): 2.638ns (routing 1.450ns, distribution 1.188ns)

    Location             Delay type                Incr(ns)  Path(ns)    Netlist Resource(s)
  -------------------------------------------------------------------    -------------------
                         (clock clk_pl_0 rise edge)
                                                      0.000     0.000 r  
    PS8_X0Y0             PS8                          0.000     0.000 r  dma_config_fir_i/zynq_ultra_ps_e_0/inst/PS8_i/PLCLK[0]
                         net (fo=1, routed)           0.229     0.229    dma_config_fir_i/zynq_ultra_ps_e_0/inst/pl_clk_unbuffered[0]
    BUFG_PS_X0Y80        BUFG_PS (Prop_BUFG_PS_I_O)
                                                      0.038     0.267 r  dma_config_fir_i/zynq_ultra_ps_e_0/inst/buffer_pl_clk_0.PL_CLK_0_BUFG/O
    X1Y1 (CLOCK_ROOT)    net (fo=17127, routed)       3.088     3.355    dma_config_fir_i/axi_gpio_0/U0/gpio_core_1/s_axi_aclk
    SLICE_X15Y83         FDRE                                         r  dma_config_fir_i/axi_gpio_0/U0/gpio_core_1/Dual.gpio_Data_Out_reg[20]/C
  -------------------------------------------------------------------    -------------------
    SLICE_X15Y83         FDRE (Prop_CFF2_SLICEL_C_Q)
                                                      0.115     3.470 f  dma_config_fir_i/axi_gpio_0/U0/gpio_core_1/Dual.gpio_Data_Out_reg[20]/Q
                         net (fo=3, routed)           1.929     5.400    dma_config_fir_i/axis_fir4_configurab_0/inst/p1_r0/B[3]
    DSP48E2_X6Y32        DSP_A_B_DATA (Prop_DSP_A_B_DATA_DSP48E2_B[3]_B2_DATA[3])
                                                      0.216     5.616 r  dma_config_fir_i/axis_fir4_configurab_0/inst/p1_r0/DSP_A_B_DATA_INST/B2_DATA[3]
                         net (fo=1, routed)           0.000     5.616    dma_config_fir_i/axis_fir4_configurab_0/inst/p1_r0/DSP_A_B_DATA.B2_DATA<3>
    DSP48E2_X6Y32        DSP_PREADD_DATA (Prop_DSP_PREADD_DATA_DSP48E2_B2_DATA[3]_B2B1[3])
                                                      0.097     5.713 r  dma_config_fir_i/axis_fir4_configurab_0/inst/p1_r0/DSP_PREADD_DATA_INST/B2B1[3]
                         net (fo=1, routed)           0.000     5.713    dma_config_fir_i/axis_fir4_configurab_0/inst/p1_r0/DSP_PREADD_DATA.B2B1<3>
    DSP48E2_X6Y32        DSP_MULTIPLIER (Prop_DSP_MULTIPLIER_DSP48E2_B2B1[3]_U[35])
                                                      0.773     6.486 f  dma_config_fir_i/axis_fir4_configurab_0/inst/p1_r0/DSP_MULTIPLIER_INST/U[35]
                         net (fo=1, routed)           0.000     6.486    dma_config_fir_i/axis_fir4_configurab_0/inst/p1_r0/DSP_MULTIPLIER.U<35>
    DSP48E2_X6Y32        DSP_M_DATA (Prop_DSP_M_DATA_DSP48E2_U[35]_U_DATA[35])
                                                      0.067     6.553 r  dma_config_fir_i/axis_fir4_configurab_0/inst/p1_r0/DSP_M_DATA_INST/U_DATA[35]
                         net (fo=1, routed)           0.000     6.553    dma_config_fir_i/axis_fir4_configurab_0/inst/p1_r0/DSP_M_DATA.U_DATA<35>
    DSP48E2_X6Y32        DSP_ALU (Prop_DSP_ALU_DSP48E2_U_DATA[35]_ALU_OUT[47])
                                                      0.727     7.280 f  dma_config_fir_i/axis_fir4_configurab_0/inst/p1_r0/DSP_ALU_INST/ALU_OUT[47]
                         net (fo=1, routed)           0.000     7.280    dma_config_fir_i/axis_fir4_configurab_0/inst/p1_r0/DSP_ALU.ALU_OUT<47>
    DSP48E2_X6Y32        DSP_OUTPUT (Prop_DSP_OUTPUT_DSP48E2_ALU_OUT[47]_PCOUT[47])
                                                      0.167     7.447 r  dma_config_fir_i/axis_fir4_configurab_0/inst/p1_r0/DSP_OUTPUT_INST/PCOUT[47]
                         net (fo=1, routed)           0.014     7.461    dma_config_fir_i/axis_fir4_configurab_0/inst/p1_r_reg/PCIN[47]
    DSP48E2_X6Y33        DSP_ALU (Prop_DSP_ALU_DSP48E2_PCIN[47]_ALU_OUT[14])
                                                      0.739     8.200 r  dma_config_fir_i/axis_fir4_configurab_0/inst/p1_r_reg/DSP_ALU_INST/ALU_OUT[14]
                         net (fo=1, routed)           0.000     8.200    dma_config_fir_i/axis_fir4_configurab_0/inst/p1_r_reg/DSP_ALU.ALU_OUT<14>
    DSP48E2_X6Y33        DSP_OUTPUT                                   r  dma_config_fir_i/axis_fir4_configurab_0/inst/p1_r_reg/DSP_OUTPUT_INST/ALU_OUT[14]
  -------------------------------------------------------------------    -------------------

                         (clock clk_pl_0 rise edge)
                                                     10.312    10.312 r  
    PS8_X0Y0             PS8                          0.000    10.312 r  dma_config_fir_i/zynq_ultra_ps_e_0/inst/PS8_i/PLCLK[0]
                         net (fo=1, routed)           0.181    10.493    dma_config_fir_i/zynq_ultra_ps_e_0/inst/pl_clk_unbuffered[0]
    BUFG_PS_X0Y80        BUFG_PS (Prop_BUFG_PS_I_O)
                                                      0.035    10.528 r  dma_config_fir_i/zynq_ultra_ps_e_0/inst/buffer_pl_clk_0.PL_CLK_0_BUFG/O
    X1Y1 (CLOCK_ROOT)    net (fo=17127, routed)       2.638    13.166    dma_config_fir_i/axis_fir4_configurab_0/inst/p1_r_reg/CLK
    DSP48E2_X6Y33        DSP_OUTPUT                                   r  dma_config_fir_i/axis_fir4_configurab_0/inst/p1_r_reg/DSP_OUTPUT_INST/CLK
                         clock pessimism              0.239    13.406    
                         clock uncertainty           -0.159    13.246    
    DSP48E2_X6Y33        DSP_OUTPUT (Setup_DSP_OUTPUT_DSP48E2_CLK_ALU_OUT[14])
                                                      0.014    13.260    dma_config_fir_i/axis_fir4_configurab_0/inst/p1_r_reg/DSP_OUTPUT_INST
  -------------------------------------------------------------------
                         required time                         13.260    
                         arrival time                          -8.200    
  -------------------------------------------------------------------
                         slack                                  5.061    

Slack (MET) :             5.061ns  (required time - arrival time)
  Source:                 dma_config_fir_i/axi_gpio_0/U0/gpio_core_1/Dual.gpio_Data_Out_reg[20]/C
                            (rising edge-triggered cell FDRE clocked by clk_pl_0  {rise@0.000ns fall@5.156ns period=10.312ns})
  Destination:            dma_config_fir_i/axis_fir4_configurab_0/inst/p1_r_reg/DSP_OUTPUT_INST/ALU_OUT[15]
                            (rising edge-triggered cell DSP_OUTPUT clocked by clk_pl_0  {rise@0.000ns fall@5.156ns period=10.312ns})
  Path Group:             clk_pl_0
  Path Type:              Setup (Max at Slow Process Corner)
  Requirement:            10.312ns  (clk_pl_0 rise@10.312ns - clk_pl_0 rise@0.000ns)
  Data Path Delay:        4.844ns  (logic 2.901ns (59.883%)  route 1.943ns (40.117%))
  Logic Levels:           7  (DSP_A_B_DATA=1 DSP_ALU=2 DSP_M_DATA=1 DSP_MULTIPLIER=1 DSP_OUTPUT=1 DSP_PREADD_DATA=1)
  Clock Path Skew:        -0.262ns (DCD - SCD + CPR)
    Destination Clock Delay (DCD):    2.854ns = ( 13.166 - 10.312 ) 
    Source Clock Delay      (SCD):    3.355ns
    Clock Pessimism Removal (CPR):    0.239ns
  Clock Uncertainty:      0.159ns  ((TSJ^2 + DJ^2)^1/2) / 2 + PE
    Total System Jitter     (TSJ):    0.071ns
    Discrete Jitter          (DJ):    0.310ns
    Phase Error              (PE):    0.000ns
  Clock Net Delay (Source):      3.088ns (routing 1.584ns, distribution 1.504ns)
  Clock Net Delay (Destination): 2.638ns (routing 1.450ns, distribution 1.188ns)

    Location             Delay type                Incr(ns)  Path(ns)    Netlist Resource(s)
  -------------------------------------------------------------------    -------------------
                         (clock clk_pl_0 rise edge)
                                                      0.000     0.000 r  
    PS8_X0Y0             PS8                          0.000     0.000 r  dma_config_fir_i/zynq_ultra_ps_e_0/inst/PS8_i/PLCLK[0]
                         net (fo=1, routed)           0.229     0.229    dma_config_fir_i/zynq_ultra_ps_e_0/inst/pl_clk_unbuffered[0]
    BUFG_PS_X0Y80        BUFG_PS (Prop_BUFG_PS_I_O)
                                                      0.038     0.267 r  dma_config_fir_i/zynq_ultra_ps_e_0/inst/buffer_pl_clk_0.PL_CLK_0_BUFG/O
    X1Y1 (CLOCK_ROOT)    net (fo=17127, routed)       3.088     3.355    dma_config_fir_i/axi_gpio_0/U0/gpio_core_1/s_axi_aclk
    SLICE_X15Y83         FDRE                                         r  dma_config_fir_i/axi_gpio_0/U0/gpio_core_1/Dual.gpio_Data_Out_reg[20]/C
  -------------------------------------------------------------------    -------------------
    SLICE_X15Y83         FDRE (Prop_CFF2_SLICEL_C_Q)
                                                      0.115     3.470 f  dma_config_fir_i/axi_gpio_0/U0/gpio_core_1/Dual.gpio_Data_Out_reg[20]/Q
                         net (fo=3, routed)           1.929     5.400    dma_config_fir_i/axis_fir4_configurab_0/inst/p1_r0/B[3]
    DSP48E2_X6Y32        DSP_A_B_DATA (Prop_DSP_A_B_DATA_DSP48E2_B[3]_B2_DATA[3])
                                                      0.216     5.616 r  dma_config_fir_i/axis_fir4_configurab_0/inst/p1_r0/DSP_A_B_DATA_INST/B2_DATA[3]
                         net (fo=1, routed)           0.000     5.616    dma_config_fir_i/axis_fir4_configurab_0/inst/p1_r0/DSP_A_B_DATA.B2_DATA<3>
    DSP48E2_X6Y32        DSP_PREADD_DATA (Prop_DSP_PREADD_DATA_DSP48E2_B2_DATA[3]_B2B1[3])
                                                      0.097     5.713 r  dma_config_fir_i/axis_fir4_configurab_0/inst/p1_r0/DSP_PREADD_DATA_INST/B2B1[3]
                         net (fo=1, routed)           0.000     5.713    dma_config_fir_i/axis_fir4_configurab_0/inst/p1_r0/DSP_PREADD_DATA.B2B1<3>
    DSP48E2_X6Y32        DSP_MULTIPLIER (Prop_DSP_MULTIPLIER_DSP48E2_B2B1[3]_U[35])
                                                      0.773     6.486 f  dma_config_fir_i/axis_fir4_configurab_0/inst/p1_r0/DSP_MULTIPLIER_INST/U[35]
                         net (fo=1, routed)           0.000     6.486    dma_config_fir_i/axis_fir4_configurab_0/inst/p1_r0/DSP_MULTIPLIER.U<35>
    DSP48E2_X6Y32        DSP_M_DATA (Prop_DSP_M_DATA_DSP48E2_U[35]_U_DATA[35])
                                                      0.067     6.553 r  dma_config_fir_i/axis_fir4_configurab_0/inst/p1_r0/DSP_M_DATA_INST/U_DATA[35]
                         net (fo=1, routed)           0.000     6.553    dma_config_fir_i/axis_fir4_configurab_0/inst/p1_r0/DSP_M_DATA.U_DATA<35>
    DSP48E2_X6Y32        DSP_ALU (Prop_DSP_ALU_DSP48E2_U_DATA[35]_ALU_OUT[47])
                                                      0.727     7.280 f  dma_config_fir_i/axis_fir4_configurab_0/inst/p1_r0/DSP_ALU_INST/ALU_OUT[47]
                         net (fo=1, routed)           0.000     7.280    dma_config_fir_i/axis_fir4_configurab_0/inst/p1_r0/DSP_ALU.ALU_OUT<47>
    DSP48E2_X6Y32        DSP_OUTPUT (Prop_DSP_OUTPUT_DSP48E2_ALU_OUT[47]_PCOUT[47])
                                                      0.167     7.447 r  dma_config_fir_i/axis_fir4_configurab_0/inst/p1_r0/DSP_OUTPUT_INST/PCOUT[47]
                         net (fo=1, routed)           0.014     7.461    dma_config_fir_i/axis_fir4_configurab_0/inst/p1_r_reg/PCIN[47]
    DSP48E2_X6Y33        DSP_ALU (Prop_DSP_ALU_DSP48E2_PCIN[47]_ALU_OUT[15])
                                                      0.739     8.200 r  dma_config_fir_i/axis_fir4_configurab_0/inst/p1_r_reg/DSP_ALU_INST/ALU_OUT[15]
                         net (fo=1, routed)           0.000     8.200    dma_config_fir_i/axis_fir4_configurab_0/inst/p1_r_reg/DSP_ALU.ALU_OUT<15>
    DSP48E2_X6Y33        DSP_OUTPUT                                   r  dma_config_fir_i/axis_fir4_configurab_0/inst/p1_r_reg/DSP_OUTPUT_INST/ALU_OUT[15]
  -------------------------------------------------------------------    -------------------

                         (clock clk_pl_0 rise edge)
                                                     10.312    10.312 r  
    PS8_X0Y0             PS8                          0.000    10.312 r  dma_config_fir_i/zynq_ultra_ps_e_0/inst/PS8_i/PLCLK[0]
                         net (fo=1, routed)           0.181    10.493    dma_config_fir_i/zynq_ultra_ps_e_0/inst/pl_clk_unbuffered[0]
    BUFG_PS_X0Y80        BUFG_PS (Prop_BUFG_PS_I_O)
                                                      0.035    10.528 r  dma_config_fir_i/zynq_ultra_ps_e_0/inst/buffer_pl_clk_0.PL_CLK_0_BUFG/O
    X1Y1 (CLOCK_ROOT)    net (fo=17127, routed)       2.638    13.166    dma_config_fir_i/axis_fir4_configurab_0/inst/p1_r_reg/CLK
    DSP48E2_X6Y33        DSP_OUTPUT                                   r  dma_config_fir_i/axis_fir4_configurab_0/inst/p1_r_reg/DSP_OUTPUT_INST/CLK
                         clock pessimism              0.239    13.406    
                         clock uncertainty           -0.159    13.246    
    DSP48E2_X6Y33        DSP_OUTPUT (Setup_DSP_OUTPUT_DSP48E2_CLK_ALU_OUT[15])
                                                      0.014    13.260    dma_config_fir_i/axis_fir4_configurab_0/inst/p1_r_reg/DSP_OUTPUT_INST
  -------------------------------------------------------------------
                         required time                         13.260    
                         arrival time                          -8.200    
  -------------------------------------------------------------------
                         slack                                  5.061    

Slack (MET) :             5.061ns  (required time - arrival time)
  Source:                 dma_config_fir_i/axi_gpio_0/U0/gpio_core_1/Dual.gpio_Data_Out_reg[20]/C
                            (rising edge-triggered cell FDRE clocked by clk_pl_0  {rise@0.000ns fall@5.156ns period=10.312ns})
  Destination:            dma_config_fir_i/axis_fir4_configurab_0/inst/p1_r_reg/DSP_OUTPUT_INST/ALU_OUT[16]
                            (rising edge-triggered cell DSP_OUTPUT clocked by clk_pl_0  {rise@0.000ns fall@5.156ns period=10.312ns})
  Path Group:             clk_pl_0
  Path Type:              Setup (Max at Slow Process Corner)
  Requirement:            10.312ns  (clk_pl_0 rise@10.312ns - clk_pl_0 rise@0.000ns)
  Data Path Delay:        4.844ns  (logic 2.901ns (59.883%)  route 1.943ns (40.117%))
  Logic Levels:           7  (DSP_A_B_DATA=1 DSP_ALU=2 DSP_M_DATA=1 DSP_MULTIPLIER=1 DSP_OUTPUT=1 DSP_PREADD_DATA=1)
  Clock Path Skew:        -0.262ns (DCD - SCD + CPR)
    Destination Clock Delay (DCD):    2.854ns = ( 13.166 - 10.312 ) 
    Source Clock Delay      (SCD):    3.355ns
    Clock Pessimism Removal (CPR):    0.239ns
  Clock Uncertainty:      0.159ns  ((TSJ^2 + DJ^2)^1/2) / 2 + PE
    Total System Jitter     (TSJ):    0.071ns
    Discrete Jitter          (DJ):    0.310ns
    Phase Error              (PE):    0.000ns
  Clock Net Delay (Source):      3.088ns (routing 1.584ns, distribution 1.504ns)
  Clock Net Delay (Destination): 2.638ns (routing 1.450ns, distribution 1.188ns)

    Location             Delay type                Incr(ns)  Path(ns)    Netlist Resource(s)
  -------------------------------------------------------------------    -------------------
                         (clock clk_pl_0 rise edge)
                                                      0.000     0.000 r  
    PS8_X0Y0             PS8                          0.000     0.000 r  dma_config_fir_i/zynq_ultra_ps_e_0/inst/PS8_i/PLCLK[0]
                         net (fo=1, routed)           0.229     0.229    dma_config_fir_i/zynq_ultra_ps_e_0/inst/pl_clk_unbuffered[0]
    BUFG_PS_X0Y80        BUFG_PS (Prop_BUFG_PS_I_O)
                                                      0.038     0.267 r  dma_config_fir_i/zynq_ultra_ps_e_0/inst/buffer_pl_clk_0.PL_CLK_0_BUFG/O
    X1Y1 (CLOCK_ROOT)    net (fo=17127, routed)       3.088     3.355    dma_config_fir_i/axi_gpio_0/U0/gpio_core_1/s_axi_aclk
    SLICE_X15Y83         FDRE                                         r  dma_config_fir_i/axi_gpio_0/U0/gpio_core_1/Dual.gpio_Data_Out_reg[20]/C
  -------------------------------------------------------------------    -------------------
    SLICE_X15Y83         FDRE (Prop_CFF2_SLICEL_C_Q)
                                                      0.115     3.470 f  dma_config_fir_i/axi_gpio_0/U0/gpio_core_1/Dual.gpio_Data_Out_reg[20]/Q
                         net (fo=3, routed)           1.929     5.400    dma_config_fir_i/axis_fir4_configurab_0/inst/p1_r0/B[3]
    DSP48E2_X6Y32        DSP_A_B_DATA (Prop_DSP_A_B_DATA_DSP48E2_B[3]_B2_DATA[3])
                                                      0.216     5.616 r  dma_config_fir_i/axis_fir4_configurab_0/inst/p1_r0/DSP_A_B_DATA_INST/B2_DATA[3]
                         net (fo=1, routed)           0.000     5.616    dma_config_fir_i/axis_fir4_configurab_0/inst/p1_r0/DSP_A_B_DATA.B2_DATA<3>
    DSP48E2_X6Y32        DSP_PREADD_DATA (Prop_DSP_PREADD_DATA_DSP48E2_B2_DATA[3]_B2B1[3])
                                                      0.097     5.713 r  dma_config_fir_i/axis_fir4_configurab_0/inst/p1_r0/DSP_PREADD_DATA_INST/B2B1[3]
                         net (fo=1, routed)           0.000     5.713    dma_config_fir_i/axis_fir4_configurab_0/inst/p1_r0/DSP_PREADD_DATA.B2B1<3>
    DSP48E2_X6Y32        DSP_MULTIPLIER (Prop_DSP_MULTIPLIER_DSP48E2_B2B1[3]_U[35])
                                                      0.773     6.486 f  dma_config_fir_i/axis_fir4_configurab_0/inst/p1_r0/DSP_MULTIPLIER_INST/U[35]
                         net (fo=1, routed)           0.000     6.486    dma_config_fir_i/axis_fir4_configurab_0/inst/p1_r0/DSP_MULTIPLIER.U<35>
    DSP48E2_X6Y32        DSP_M_DATA (Prop_DSP_M_DATA_DSP48E2_U[35]_U_DATA[35])
                                                      0.067     6.553 r  dma_config_fir_i/axis_fir4_configurab_0/inst/p1_r0/DSP_M_DATA_INST/U_DATA[35]
                         net (fo=1, routed)           0.000     6.553    dma_config_fir_i/axis_fir4_configurab_0/inst/p1_r0/DSP_M_DATA.U_DATA<35>
    DSP48E2_X6Y32        DSP_ALU (Prop_DSP_ALU_DSP48E2_U_DATA[35]_ALU_OUT[47])
                                                      0.727     7.280 f  dma_config_fir_i/axis_fir4_configurab_0/inst/p1_r0/DSP_ALU_INST/ALU_OUT[47]
                         net (fo=1, routed)           0.000     7.280    dma_config_fir_i/axis_fir4_configurab_0/inst/p1_r0/DSP_ALU.ALU_OUT<47>
    DSP48E2_X6Y32        DSP_OUTPUT (Prop_DSP_OUTPUT_DSP48E2_ALU_OUT[47]_PCOUT[47])
                                                      0.167     7.447 r  dma_config_fir_i/axis_fir4_configurab_0/inst/p1_r0/DSP_OUTPUT_INST/PCOUT[47]
                         net (fo=1, routed)           0.014     7.461    dma_config_fir_i/axis_fir4_configurab_0/inst/p1_r_reg/PCIN[47]
    DSP48E2_X6Y33        DSP_ALU (Prop_DSP_ALU_DSP48E2_PCIN[47]_ALU_OUT[16])
                                                      0.739     8.200 r  dma_config_fir_i/axis_fir4_configurab_0/inst/p1_r_reg/DSP_ALU_INST/ALU_OUT[16]
                         net (fo=1, routed)           0.000     8.200    dma_config_fir_i/axis_fir4_configurab_0/inst/p1_r_reg/DSP_ALU.ALU_OUT<16>
    DSP48E2_X6Y33        DSP_OUTPUT                                   r  dma_config_fir_i/axis_fir4_configurab_0/inst/p1_r_reg/DSP_OUTPUT_INST/ALU_OUT[16]
  -------------------------------------------------------------------    -------------------

                         (clock clk_pl_0 rise edge)
                                                     10.312    10.312 r  
    PS8_X0Y0             PS8                          0.000    10.312 r  dma_config_fir_i/zynq_ultra_ps_e_0/inst/PS8_i/PLCLK[0]
                         net (fo=1, routed)           0.181    10.493    dma_config_fir_i/zynq_ultra_ps_e_0/inst/pl_clk_unbuffered[0]
    BUFG_PS_X0Y80        BUFG_PS (Prop_BUFG_PS_I_O)
                                                      0.035    10.528 r  dma_config_fir_i/zynq_ultra_ps_e_0/inst/buffer_pl_clk_0.PL_CLK_0_BUFG/O
    X1Y1 (CLOCK_ROOT)    net (fo=17127, routed)       2.638    13.166    dma_config_fir_i/axis_fir4_configurab_0/inst/p1_r_reg/CLK
    DSP48E2_X6Y33        DSP_OUTPUT                                   r  dma_config_fir_i/axis_fir4_configurab_0/inst/p1_r_reg/DSP_OUTPUT_INST/CLK
                         clock pessimism              0.239    13.406    
                         clock uncertainty           -0.159    13.246    
    DSP48E2_X6Y33        DSP_OUTPUT (Setup_DSP_OUTPUT_DSP48E2_CLK_ALU_OUT[16])
                                                      0.014    13.260    dma_config_fir_i/axis_fir4_configurab_0/inst/p1_r_reg/DSP_OUTPUT_INST
  -------------------------------------------------------------------
                         required time                         13.260    
                         arrival time                          -8.200    
  -------------------------------------------------------------------
                         slack                                  5.061    

Slack (MET) :             5.061ns  (required time - arrival time)
  Source:                 dma_config_fir_i/axi_gpio_0/U0/gpio_core_1/Dual.gpio_Data_Out_reg[20]/C
                            (rising edge-triggered cell FDRE clocked by clk_pl_0  {rise@0.000ns fall@5.156ns period=10.312ns})
  Destination:            dma_config_fir_i/axis_fir4_configurab_0/inst/p1_r_reg/DSP_OUTPUT_INST/ALU_OUT[17]
                            (rising edge-triggered cell DSP_OUTPUT clocked by clk_pl_0  {rise@0.000ns fall@5.156ns period=10.312ns})
  Path Group:             clk_pl_0
  Path Type:              Setup (Max at Slow Process Corner)
  Requirement:            10.312ns  (clk_pl_0 rise@10.312ns - clk_pl_0 rise@0.000ns)
  Data Path Delay:        4.844ns  (logic 2.901ns (59.883%)  route 1.943ns (40.117%))
  Logic Levels:           7  (DSP_A_B_DATA=1 DSP_ALU=2 DSP_M_DATA=1 DSP_MULTIPLIER=1 DSP_OUTPUT=1 DSP_PREADD_DATA=1)
  Clock Path Skew:        -0.262ns (DCD - SCD + CPR)
    Destination Clock Delay (DCD):    2.854ns = ( 13.166 - 10.312 ) 
    Source Clock Delay      (SCD):    3.355ns
    Clock Pessimism Removal (CPR):    0.239ns
  Clock Uncertainty:      0.159ns  ((TSJ^2 + DJ^2)^1/2) / 2 + PE
    Total System Jitter     (TSJ):    0.071ns
    Discrete Jitter          (DJ):    0.310ns
    Phase Error              (PE):    0.000ns
  Clock Net Delay (Source):      3.088ns (routing 1.584ns, distribution 1.504ns)
  Clock Net Delay (Destination): 2.638ns (routing 1.450ns, distribution 1.188ns)

    Location             Delay type                Incr(ns)  Path(ns)    Netlist Resource(s)
  -------------------------------------------------------------------    -------------------
                         (clock clk_pl_0 rise edge)
                                                      0.000     0.000 r  
    PS8_X0Y0             PS8                          0.000     0.000 r  dma_config_fir_i/zynq_ultra_ps_e_0/inst/PS8_i/PLCLK[0]
                         net (fo=1, routed)           0.229     0.229    dma_config_fir_i/zynq_ultra_ps_e_0/inst/pl_clk_unbuffered[0]
    BUFG_PS_X0Y80        BUFG_PS (Prop_BUFG_PS_I_O)
                                                      0.038     0.267 r  dma_config_fir_i/zynq_ultra_ps_e_0/inst/buffer_pl_clk_0.PL_CLK_0_BUFG/O
    X1Y1 (CLOCK_ROOT)    net (fo=17127, routed)       3.088     3.355    dma_config_fir_i/axi_gpio_0/U0/gpio_core_1/s_axi_aclk
    SLICE_X15Y83         FDRE                                         r  dma_config_fir_i/axi_gpio_0/U0/gpio_core_1/Dual.gpio_Data_Out_reg[20]/C
  -------------------------------------------------------------------    -------------------
    SLICE_X15Y83         FDRE (Prop_CFF2_SLICEL_C_Q)
                                                      0.115     3.470 f  dma_config_fir_i/axi_gpio_0/U0/gpio_core_1/Dual.gpio_Data_Out_reg[20]/Q
                         net (fo=3, routed)           1.929     5.400    dma_config_fir_i/axis_fir4_configurab_0/inst/p1_r0/B[3]
    DSP48E2_X6Y32        DSP_A_B_DATA (Prop_DSP_A_B_DATA_DSP48E2_B[3]_B2_DATA[3])
                                                      0.216     5.616 r  dma_config_fir_i/axis_fir4_configurab_0/inst/p1_r0/DSP_A_B_DATA_INST/B2_DATA[3]
                         net (fo=1, routed)           0.000     5.616    dma_config_fir_i/axis_fir4_configurab_0/inst/p1_r0/DSP_A_B_DATA.B2_DATA<3>
    DSP48E2_X6Y32        DSP_PREADD_DATA (Prop_DSP_PREADD_DATA_DSP48E2_B2_DATA[3]_B2B1[3])
                                                      0.097     5.713 r  dma_config_fir_i/axis_fir4_configurab_0/inst/p1_r0/DSP_PREADD_DATA_INST/B2B1[3]
                         net (fo=1, routed)           0.000     5.713    dma_config_fir_i/axis_fir4_configurab_0/inst/p1_r0/DSP_PREADD_DATA.B2B1<3>
    DSP48E2_X6Y32        DSP_MULTIPLIER (Prop_DSP_MULTIPLIER_DSP48E2_B2B1[3]_U[35])
                                                      0.773     6.486 f  dma_config_fir_i/axis_fir4_configurab_0/inst/p1_r0/DSP_MULTIPLIER_INST/U[35]
                         net (fo=1, routed)           0.000     6.486    dma_config_fir_i/axis_fir4_configurab_0/inst/p1_r0/DSP_MULTIPLIER.U<35>
    DSP48E2_X6Y32        DSP_M_DATA (Prop_DSP_M_DATA_DSP48E2_U[35]_U_DATA[35])
                                                      0.067     6.553 r  dma_config_fir_i/axis_fir4_configurab_0/inst/p1_r0/DSP_M_DATA_INST/U_DATA[35]
                         net (fo=1, routed)           0.000     6.553    dma_config_fir_i/axis_fir4_configurab_0/inst/p1_r0/DSP_M_DATA.U_DATA<35>
    DSP48E2_X6Y32        DSP_ALU (Prop_DSP_ALU_DSP48E2_U_DATA[35]_ALU_OUT[47])
                                                      0.727     7.280 f  dma_config_fir_i/axis_fir4_configurab_0/inst/p1_r0/DSP_ALU_INST/ALU_OUT[47]
                         net (fo=1, routed)           0.000     7.280    dma_config_fir_i/axis_fir4_configurab_0/inst/p1_r0/DSP_ALU.ALU_OUT<47>
    DSP48E2_X6Y32        DSP_OUTPUT (Prop_DSP_OUTPUT_DSP48E2_ALU_OUT[47]_PCOUT[47])
                                                      0.167     7.447 r  dma_config_fir_i/axis_fir4_configurab_0/inst/p1_r0/DSP_OUTPUT_INST/PCOUT[47]
                         net (fo=1, routed)           0.014     7.461    dma_config_fir_i/axis_fir4_configurab_0/inst/p1_r_reg/PCIN[47]
    DSP48E2_X6Y33        DSP_ALU (Prop_DSP_ALU_DSP48E2_PCIN[47]_ALU_OUT[17])
                                                      0.739     8.200 r  dma_config_fir_i/axis_fir4_configurab_0/inst/p1_r_reg/DSP_ALU_INST/ALU_OUT[17]
                         net (fo=1, routed)           0.000     8.200    dma_config_fir_i/axis_fir4_configurab_0/inst/p1_r_reg/DSP_ALU.ALU_OUT<17>
    DSP48E2_X6Y33        DSP_OUTPUT                                   r  dma_config_fir_i/axis_fir4_configurab_0/inst/p1_r_reg/DSP_OUTPUT_INST/ALU_OUT[17]
  -------------------------------------------------------------------    -------------------

                         (clock clk_pl_0 rise edge)
                                                     10.312    10.312 r  
    PS8_X0Y0             PS8                          0.000    10.312 r  dma_config_fir_i/zynq_ultra_ps_e_0/inst/PS8_i/PLCLK[0]
                         net (fo=1, routed)           0.181    10.493    dma_config_fir_i/zynq_ultra_ps_e_0/inst/pl_clk_unbuffered[0]
    BUFG_PS_X0Y80        BUFG_PS (Prop_BUFG_PS_I_O)
                                                      0.035    10.528 r  dma_config_fir_i/zynq_ultra_ps_e_0/inst/buffer_pl_clk_0.PL_CLK_0_BUFG/O
    X1Y1 (CLOCK_ROOT)    net (fo=17127, routed)       2.638    13.166    dma_config_fir_i/axis_fir4_configurab_0/inst/p1_r_reg/CLK
    DSP48E2_X6Y33        DSP_OUTPUT                                   r  dma_config_fir_i/axis_fir4_configurab_0/inst/p1_r_reg/DSP_OUTPUT_INST/CLK
                         clock pessimism              0.239    13.406    
                         clock uncertainty           -0.159    13.246    
    DSP48E2_X6Y33        DSP_OUTPUT (Setup_DSP_OUTPUT_DSP48E2_CLK_ALU_OUT[17])
                                                      0.014    13.260    dma_config_fir_i/axis_fir4_configurab_0/inst/p1_r_reg/DSP_OUTPUT_INST
  -------------------------------------------------------------------
                         required time                         13.260    
                         arrival time                          -8.200    
  -------------------------------------------------------------------
                         slack                                  5.061    

Slack (MET) :             5.061ns  (required time - arrival time)
  Source:                 dma_config_fir_i/axi_gpio_0/U0/gpio_core_1/Dual.gpio_Data_Out_reg[20]/C
                            (rising edge-triggered cell FDRE clocked by clk_pl_0  {rise@0.000ns fall@5.156ns period=10.312ns})
  Destination:            dma_config_fir_i/axis_fir4_configurab_0/inst/p1_r_reg/DSP_OUTPUT_INST/ALU_OUT[18]
                            (rising edge-triggered cell DSP_OUTPUT clocked by clk_pl_0  {rise@0.000ns fall@5.156ns period=10.312ns})
  Path Group:             clk_pl_0
  Path Type:              Setup (Max at Slow Process Corner)
  Requirement:            10.312ns  (clk_pl_0 rise@10.312ns - clk_pl_0 rise@0.000ns)
  Data Path Delay:        4.844ns  (logic 2.901ns (59.883%)  route 1.943ns (40.117%))
  Logic Levels:           7  (DSP_A_B_DATA=1 DSP_ALU=2 DSP_M_DATA=1 DSP_MULTIPLIER=1 DSP_OUTPUT=1 DSP_PREADD_DATA=1)
  Clock Path Skew:        -0.262ns (DCD - SCD + CPR)
    Destination Clock Delay (DCD):    2.854ns = ( 13.166 - 10.312 ) 
    Source Clock Delay      (SCD):    3.355ns
    Clock Pessimism Removal (CPR):    0.239ns
  Clock Uncertainty:      0.159ns  ((TSJ^2 + DJ^2)^1/2) / 2 + PE
    Total System Jitter     (TSJ):    0.071ns
    Discrete Jitter          (DJ):    0.310ns
    Phase Error              (PE):    0.000ns
  Clock Net Delay (Source):      3.088ns (routing 1.584ns, distribution 1.504ns)
  Clock Net Delay (Destination): 2.638ns (routing 1.450ns, distribution 1.188ns)

    Location             Delay type                Incr(ns)  Path(ns)    Netlist Resource(s)
  -------------------------------------------------------------------    -------------------
                         (clock clk_pl_0 rise edge)
                                                      0.000     0.000 r  
    PS8_X0Y0             PS8                          0.000     0.000 r  dma_config_fir_i/zynq_ultra_ps_e_0/inst/PS8_i/PLCLK[0]
                         net (fo=1, routed)           0.229     0.229    dma_config_fir_i/zynq_ultra_ps_e_0/inst/pl_clk_unbuffered[0]
    BUFG_PS_X0Y80        BUFG_PS (Prop_BUFG_PS_I_O)
                                                      0.038     0.267 r  dma_config_fir_i/zynq_ultra_ps_e_0/inst/buffer_pl_clk_0.PL_CLK_0_BUFG/O
    X1Y1 (CLOCK_ROOT)    net (fo=17127, routed)       3.088     3.355    dma_config_fir_i/axi_gpio_0/U0/gpio_core_1/s_axi_aclk
    SLICE_X15Y83         FDRE                                         r  dma_config_fir_i/axi_gpio_0/U0/gpio_core_1/Dual.gpio_Data_Out_reg[20]/C
  -------------------------------------------------------------------    -------------------
    SLICE_X15Y83         FDRE (Prop_CFF2_SLICEL_C_Q)
                                                      0.115     3.470 f  dma_config_fir_i/axi_gpio_0/U0/gpio_core_1/Dual.gpio_Data_Out_reg[20]/Q
                         net (fo=3, routed)           1.929     5.400    dma_config_fir_i/axis_fir4_configurab_0/inst/p1_r0/B[3]
    DSP48E2_X6Y32        DSP_A_B_DATA (Prop_DSP_A_B_DATA_DSP48E2_B[3]_B2_DATA[3])
                                                      0.216     5.616 r  dma_config_fir_i/axis_fir4_configurab_0/inst/p1_r0/DSP_A_B_DATA_INST/B2_DATA[3]
                         net (fo=1, routed)           0.000     5.616    dma_config_fir_i/axis_fir4_configurab_0/inst/p1_r0/DSP_A_B_DATA.B2_DATA<3>
    DSP48E2_X6Y32        DSP_PREADD_DATA (Prop_DSP_PREADD_DATA_DSP48E2_B2_DATA[3]_B2B1[3])
                                                      0.097     5.713 r  dma_config_fir_i/axis_fir4_configurab_0/inst/p1_r0/DSP_PREADD_DATA_INST/B2B1[3]
                         net (fo=1, routed)           0.000     5.713    dma_config_fir_i/axis_fir4_configurab_0/inst/p1_r0/DSP_PREADD_DATA.B2B1<3>
    DSP48E2_X6Y32        DSP_MULTIPLIER (Prop_DSP_MULTIPLIER_DSP48E2_B2B1[3]_U[35])
                                                      0.773     6.486 f  dma_config_fir_i/axis_fir4_configurab_0/inst/p1_r0/DSP_MULTIPLIER_INST/U[35]
                         net (fo=1, routed)           0.000     6.486    dma_config_fir_i/axis_fir4_configurab_0/inst/p1_r0/DSP_MULTIPLIER.U<35>
    DSP48E2_X6Y32        DSP_M_DATA (Prop_DSP_M_DATA_DSP48E2_U[35]_U_DATA[35])
                                                      0.067     6.553 r  dma_config_fir_i/axis_fir4_configurab_0/inst/p1_r0/DSP_M_DATA_INST/U_DATA[35]
                         net (fo=1, routed)           0.000     6.553    dma_config_fir_i/axis_fir4_configurab_0/inst/p1_r0/DSP_M_DATA.U_DATA<35>
    DSP48E2_X6Y32        DSP_ALU (Prop_DSP_ALU_DSP48E2_U_DATA[35]_ALU_OUT[47])
                                                      0.727     7.280 f  dma_config_fir_i/axis_fir4_configurab_0/inst/p1_r0/DSP_ALU_INST/ALU_OUT[47]
                         net (fo=1, routed)           0.000     7.280    dma_config_fir_i/axis_fir4_configurab_0/inst/p1_r0/DSP_ALU.ALU_OUT<47>
    DSP48E2_X6Y32        DSP_OUTPUT (Prop_DSP_OUTPUT_DSP48E2_ALU_OUT[47]_PCOUT[47])
                                                      0.167     7.447 r  dma_config_fir_i/axis_fir4_configurab_0/inst/p1_r0/DSP_OUTPUT_INST/PCOUT[47]
                         net (fo=1, routed)           0.014     7.461    dma_config_fir_i/axis_fir4_configurab_0/inst/p1_r_reg/PCIN[47]
    DSP48E2_X6Y33        DSP_ALU (Prop_DSP_ALU_DSP48E2_PCIN[47]_ALU_OUT[18])
                                                      0.739     8.200 r  dma_config_fir_i/axis_fir4_configurab_0/inst/p1_r_reg/DSP_ALU_INST/ALU_OUT[18]
                         net (fo=1, routed)           0.000     8.200    dma_config_fir_i/axis_fir4_configurab_0/inst/p1_r_reg/DSP_ALU.ALU_OUT<18>
    DSP48E2_X6Y33        DSP_OUTPUT                                   r  dma_config_fir_i/axis_fir4_configurab_0/inst/p1_r_reg/DSP_OUTPUT_INST/ALU_OUT[18]
  -------------------------------------------------------------------    -------------------

                         (clock clk_pl_0 rise edge)
                                                     10.312    10.312 r  
    PS8_X0Y0             PS8                          0.000    10.312 r  dma_config_fir_i/zynq_ultra_ps_e_0/inst/PS8_i/PLCLK[0]
                         net (fo=1, routed)           0.181    10.493    dma_config_fir_i/zynq_ultra_ps_e_0/inst/pl_clk_unbuffered[0]
    BUFG_PS_X0Y80        BUFG_PS (Prop_BUFG_PS_I_O)
                                                      0.035    10.528 r  dma_config_fir_i/zynq_ultra_ps_e_0/inst/buffer_pl_clk_0.PL_CLK_0_BUFG/O
    X1Y1 (CLOCK_ROOT)    net (fo=17127, routed)       2.638    13.166    dma_config_fir_i/axis_fir4_configurab_0/inst/p1_r_reg/CLK
    DSP48E2_X6Y33        DSP_OUTPUT                                   r  dma_config_fir_i/axis_fir4_configurab_0/inst/p1_r_reg/DSP_OUTPUT_INST/CLK
                         clock pessimism              0.239    13.406    
                         clock uncertainty           -0.159    13.246    
    DSP48E2_X6Y33        DSP_OUTPUT (Setup_DSP_OUTPUT_DSP48E2_CLK_ALU_OUT[18])
                                                      0.014    13.260    dma_config_fir_i/axis_fir4_configurab_0/inst/p1_r_reg/DSP_OUTPUT_INST
  -------------------------------------------------------------------
                         required time                         13.260    
                         arrival time                          -8.200    
  -------------------------------------------------------------------
                         slack                                  5.061    





Min Delay Paths
--------------------------------------------------------------------------------------
Slack (MET) :             0.010ns  (arrival time - required time)
  Source:                 dma_config_fir_i/smartconnect_0/inst/m00_nodes/m00_r_node/inst/inst_mi_handler/gen_normal_area.gen_upsizer.inst_upsizer/gen_r_ch.accum_reg[bytes][2][userdata][5]/C
                            (rising edge-triggered cell FDRE clocked by clk_pl_0  {rise@0.000ns fall@5.156ns period=10.312ns})
  Destination:            dma_config_fir_i/smartconnect_0/inst/m00_nodes/m00_r_node/inst/inst_mi_handler/gen_normal_area.inst_fifo_node_payld/gen_xpm_memory_fifo.inst_fifo/gen_mem_rep[0].inst_xpm_memory/xpm_memory_base_inst/gen_wr_a.gen_word_narrow.mem_reg_0_31_42_55/RAMB_D1/I
                            (rising edge-triggered cell RAMD32 clocked by clk_pl_0  {rise@0.000ns fall@5.156ns period=10.312ns})
  Path Group:             clk_pl_0
  Path Type:              Hold (Min at Slow Process Corner)
  Requirement:            0.000ns  (clk_pl_0 rise@0.000ns - clk_pl_0 rise@0.000ns)
  Data Path Delay:        0.217ns  (logic 0.112ns (51.613%)  route 0.105ns (48.387%))
  Logic Levels:           0  
  Clock Path Skew:        0.126ns (DCD - SCD - CPR)
    Destination Clock Delay (DCD):    3.380ns
    Source Clock Delay      (SCD):    3.013ns
    Clock Pessimism Removal (CPR):    0.240ns
  Clock Net Delay (Source):      2.797ns (routing 1.450ns, distribution 1.347ns)
  Clock Net Delay (Destination): 3.113ns (routing 1.584ns, distribution 1.529ns)

    Location             Delay type                Incr(ns)  Path(ns)    Netlist Resource(s)
  -------------------------------------------------------------------    -------------------
                         (clock clk_pl_0 rise edge)
                                                      0.000     0.000 r  
    PS8_X0Y0             PS8                          0.000     0.000 r  dma_config_fir_i/zynq_ultra_ps_e_0/inst/PS8_i/PLCLK[0]
                         net (fo=1, routed)           0.181     0.181    dma_config_fir_i/zynq_ultra_ps_e_0/inst/pl_clk_unbuffered[0]
    BUFG_PS_X0Y80        BUFG_PS (Prop_BUFG_PS_I_O)
                                                      0.035     0.216 r  dma_config_fir_i/zynq_ultra_ps_e_0/inst/buffer_pl_clk_0.PL_CLK_0_BUFG/O
    X1Y1 (CLOCK_ROOT)    net (fo=17127, routed)       2.797     3.013    dma_config_fir_i/smartconnect_0/inst/m00_nodes/m00_r_node/inst/inst_mi_handler/gen_normal_area.gen_upsizer.inst_upsizer/s_sc_aclk
    SLICE_X15Y98         FDRE                                         r  dma_config_fir_i/smartconnect_0/inst/m00_nodes/m00_r_node/inst/inst_mi_handler/gen_normal_area.gen_upsizer.inst_upsizer/gen_r_ch.accum_reg[bytes][2][userdata][5]/C
  -------------------------------------------------------------------    -------------------
    SLICE_X15Y98         FDRE (Prop_HFF_SLICEL_C_Q)
                                                      0.112     3.125 r  dma_config_fir_i/smartconnect_0/inst/m00_nodes/m00_r_node/inst/inst_mi_handler/gen_normal_area.gen_upsizer.inst_upsizer/gen_r_ch.accum_reg[bytes][2][userdata][5]/Q
                         net (fo=1, routed)           0.105     3.230    dma_config_fir_i/smartconnect_0/inst/m00_nodes/m00_r_node/inst/inst_mi_handler/gen_normal_area.inst_fifo_node_payld/gen_xpm_memory_fifo.inst_fifo/gen_mem_rep[0].inst_xpm_memory/xpm_memory_base_inst/gen_wr_a.gen_word_narrow.mem_reg_0_31_42_55/DIB1
    SLICE_X13Y99         RAMD32                                       r  dma_config_fir_i/smartconnect_0/inst/m00_nodes/m00_r_node/inst/inst_mi_handler/gen_normal_area.inst_fifo_node_payld/gen_xpm_memory_fifo.inst_fifo/gen_mem_rep[0].inst_xpm_memory/xpm_memory_base_inst/gen_wr_a.gen_word_narrow.mem_reg_0_31_42_55/RAMB_D1/I
  -------------------------------------------------------------------    -------------------

                         (clock clk_pl_0 rise edge)
                                                      0.000     0.000 r  
    PS8_X0Y0             PS8                          0.000     0.000 r  dma_config_fir_i/zynq_ultra_ps_e_0/inst/PS8_i/PLCLK[0]
                         net (fo=1, routed)           0.229     0.229    dma_config_fir_i/zynq_ultra_ps_e_0/inst/pl_clk_unbuffered[0]
    BUFG_PS_X0Y80        BUFG_PS (Prop_BUFG_PS_I_O)
                                                      0.038     0.267 r  dma_config_fir_i/zynq_ultra_ps_e_0/inst/buffer_pl_clk_0.PL_CLK_0_BUFG/O
    X1Y1 (CLOCK_ROOT)    net (fo=17127, routed)       3.113     3.380    dma_config_fir_i/smartconnect_0/inst/m00_nodes/m00_r_node/inst/inst_mi_handler/gen_normal_area.inst_fifo_node_payld/gen_xpm_memory_fifo.inst_fifo/gen_mem_rep[0].inst_xpm_memory/xpm_memory_base_inst/gen_wr_a.gen_word_narrow.mem_reg_0_31_42_55/WCLK
    SLICE_X13Y99         RAMD32                                       r  dma_config_fir_i/smartconnect_0/inst/m00_nodes/m00_r_node/inst/inst_mi_handler/gen_normal_area.inst_fifo_node_payld/gen_xpm_memory_fifo.inst_fifo/gen_mem_rep[0].inst_xpm_memory/xpm_memory_base_inst/gen_wr_a.gen_word_narrow.mem_reg_0_31_42_55/RAMB_D1/CLK
                         clock pessimism             -0.240     3.140    
    SLICE_X13Y99         RAMD32 (Hold_B6LUT_SLICEM_CLK_I)
                                                      0.081     3.221    dma_config_fir_i/smartconnect_0/inst/m00_nodes/m00_r_node/inst/inst_mi_handler/gen_normal_area.inst_fifo_node_payld/gen_xpm_memory_fifo.inst_fifo/gen_mem_rep[0].inst_xpm_memory/xpm_memory_base_inst/gen_wr_a.gen_word_narrow.mem_reg_0_31_42_55/RAMB_D1
  -------------------------------------------------------------------
                         required time                         -3.221    
                         arrival time                           3.230    
  -------------------------------------------------------------------
                         slack                                  0.010    

Slack (MET) :             0.010ns  (arrival time - required time)
  Source:                 dma_config_fir_i/axi_dma_0/U0/INCLUDE_S2MM_SOF_EOF_GENERATOR.I_S2MM_DMA_MNGR/GEN_S2MM_DMA_CONTROL.GEN_SIMPLE_DMA_MODE.I_S2MM_SMPL_SM/GEN_CMD_BTT_LESS_23.cmnd_data_reg[45]/C
                            (rising edge-triggered cell FDRE clocked by clk_pl_0  {rise@0.000ns fall@5.156ns period=10.312ns})
  Destination:            dma_config_fir_i/axi_dma_0/U0/I_PRMRY_DATAMOVER/GEN_S2MM_FULL.I_S2MM_FULL_WRAPPER/I_CMD_STATUS/I_CMD_FIFO/USE_SINGLE_REG.sig_regfifo_dout_reg_reg[45]/D
                            (rising edge-triggered cell FDRE clocked by clk_pl_0  {rise@0.000ns fall@5.156ns period=10.312ns})
  Path Group:             clk_pl_0
  Path Type:              Hold (Min at Slow Process Corner)
  Requirement:            0.000ns  (clk_pl_0 rise@0.000ns - clk_pl_0 rise@0.000ns)
  Data Path Delay:        0.277ns  (logic 0.112ns (40.433%)  route 0.165ns (59.567%))
  Logic Levels:           0  
  Clock Path Skew:        0.164ns (DCD - SCD - CPR)
    Destination Clock Delay (DCD):    3.372ns
    Source Clock Delay      (SCD):    3.020ns
    Clock Pessimism Removal (CPR):    0.188ns
  Clock Net Delay (Source):      2.804ns (routing 1.450ns, distribution 1.354ns)
  Clock Net Delay (Destination): 3.105ns (routing 1.584ns, distribution 1.521ns)

    Location             Delay type                Incr(ns)  Path(ns)    Netlist Resource(s)
  -------------------------------------------------------------------    -------------------
                         (clock clk_pl_0 rise edge)
                                                      0.000     0.000 r  
    PS8_X0Y0             PS8                          0.000     0.000 r  dma_config_fir_i/zynq_ultra_ps_e_0/inst/PS8_i/PLCLK[0]
                         net (fo=1, routed)           0.181     0.181    dma_config_fir_i/zynq_ultra_ps_e_0/inst/pl_clk_unbuffered[0]
    BUFG_PS_X0Y80        BUFG_PS (Prop_BUFG_PS_I_O)
                                                      0.035     0.216 r  dma_config_fir_i/zynq_ultra_ps_e_0/inst/buffer_pl_clk_0.PL_CLK_0_BUFG/O
    X1Y1 (CLOCK_ROOT)    net (fo=17127, routed)       2.804     3.020    dma_config_fir_i/axi_dma_0/U0/INCLUDE_S2MM_SOF_EOF_GENERATOR.I_S2MM_DMA_MNGR/GEN_S2MM_DMA_CONTROL.GEN_SIMPLE_DMA_MODE.I_S2MM_SMPL_SM/s_axi_lite_aclk
    SLICE_X19Y61         FDRE                                         r  dma_config_fir_i/axi_dma_0/U0/INCLUDE_S2MM_SOF_EOF_GENERATOR.I_S2MM_DMA_MNGR/GEN_S2MM_DMA_CONTROL.GEN_SIMPLE_DMA_MODE.I_S2MM_SMPL_SM/GEN_CMD_BTT_LESS_23.cmnd_data_reg[45]/C
  -------------------------------------------------------------------    -------------------
    SLICE_X19Y61         FDRE (Prop_GFF_SLICEL_C_Q)
                                                      0.112     3.132 r  dma_config_fir_i/axi_dma_0/U0/INCLUDE_S2MM_SOF_EOF_GENERATOR.I_S2MM_DMA_MNGR/GEN_S2MM_DMA_CONTROL.GEN_SIMPLE_DMA_MODE.I_S2MM_SMPL_SM/GEN_CMD_BTT_LESS_23.cmnd_data_reg[45]/Q
                         net (fo=1, routed)           0.165     3.297    dma_config_fir_i/axi_dma_0/U0/I_PRMRY_DATAMOVER/GEN_S2MM_FULL.I_S2MM_FULL_WRAPPER/I_CMD_STATUS/I_CMD_FIFO/USE_SINGLE_REG.sig_regfifo_dout_reg_reg[66]_0[26]
    SLICE_X19Y59         FDRE                                         r  dma_config_fir_i/axi_dma_0/U0/I_PRMRY_DATAMOVER/GEN_S2MM_FULL.I_S2MM_FULL_WRAPPER/I_CMD_STATUS/I_CMD_FIFO/USE_SINGLE_REG.sig_regfifo_dout_reg_reg[45]/D
  -------------------------------------------------------------------    -------------------

                         (clock clk_pl_0 rise edge)
                                                      0.000     0.000 r  
    PS8_X0Y0             PS8                          0.000     0.000 r  dma_config_fir_i/zynq_ultra_ps_e_0/inst/PS8_i/PLCLK[0]
                         net (fo=1, routed)           0.229     0.229    dma_config_fir_i/zynq_ultra_ps_e_0/inst/pl_clk_unbuffered[0]
    BUFG_PS_X0Y80        BUFG_PS (Prop_BUFG_PS_I_O)
                                                      0.038     0.267 r  dma_config_fir_i/zynq_ultra_ps_e_0/inst/buffer_pl_clk_0.PL_CLK_0_BUFG/O
    X1Y1 (CLOCK_ROOT)    net (fo=17127, routed)       3.105     3.372    dma_config_fir_i/axi_dma_0/U0/I_PRMRY_DATAMOVER/GEN_S2MM_FULL.I_S2MM_FULL_WRAPPER/I_CMD_STATUS/I_CMD_FIFO/m_axi_s2mm_aclk
    SLICE_X19Y59         FDRE                                         r  dma_config_fir_i/axi_dma_0/U0/I_PRMRY_DATAMOVER/GEN_S2MM_FULL.I_S2MM_FULL_WRAPPER/I_CMD_STATUS/I_CMD_FIFO/USE_SINGLE_REG.sig_regfifo_dout_reg_reg[45]/C
                         clock pessimism             -0.188     3.184    
    SLICE_X19Y59         FDRE (Hold_CFF2_SLICEL_C_D)
                                                      0.103     3.287    dma_config_fir_i/axi_dma_0/U0/I_PRMRY_DATAMOVER/GEN_S2MM_FULL.I_S2MM_FULL_WRAPPER/I_CMD_STATUS/I_CMD_FIFO/USE_SINGLE_REG.sig_regfifo_dout_reg_reg[45]
  -------------------------------------------------------------------
                         required time                         -3.287    
                         arrival time                           3.297    
  -------------------------------------------------------------------
                         slack                                  0.010    

Slack (MET) :             0.011ns  (arrival time - required time)
  Source:                 dma_config_fir_i/smartconnect_0/inst/s00_entry_pipeline/s00_transaction_regulator/inst/gen_endpoint.gen_r_multithread.r_multithread/cmd_reg/m_vector_i_reg[1036]/C
                            (rising edge-triggered cell FDRE clocked by clk_pl_0  {rise@0.000ns fall@5.156ns period=10.312ns})
  Destination:            dma_config_fir_i/smartconnect_0/inst/s00_entry_pipeline/s00_transaction_regulator/inst/gen_endpoint.gen_r_multithread.r_multithread/gen_thread_loop[1].active_id_reg[23]/D
                            (rising edge-triggered cell FDRE clocked by clk_pl_0  {rise@0.000ns fall@5.156ns period=10.312ns})
  Path Group:             clk_pl_0
  Path Type:              Hold (Min at Slow Process Corner)
  Requirement:            0.000ns  (clk_pl_0 rise@0.000ns - clk_pl_0 rise@0.000ns)
  Data Path Delay:        0.227ns  (logic 0.112ns (49.273%)  route 0.115ns (50.727%))
  Logic Levels:           0  
  Clock Path Skew:        0.114ns (DCD - SCD - CPR)
    Destination Clock Delay (DCD):    3.448ns
    Source Clock Delay      (SCD):    3.090ns
    Clock Pessimism Removal (CPR):    0.244ns
  Clock Net Delay (Source):      2.874ns (routing 1.450ns, distribution 1.424ns)
  Clock Net Delay (Destination): 3.181ns (routing 1.584ns, distribution 1.597ns)

    Location             Delay type                Incr(ns)  Path(ns)    Netlist Resource(s)
  -------------------------------------------------------------------    -------------------
                         (clock clk_pl_0 rise edge)
                                                      0.000     0.000 r  
    PS8_X0Y0             PS8                          0.000     0.000 r  dma_config_fir_i/zynq_ultra_ps_e_0/inst/PS8_i/PLCLK[0]
                         net (fo=1, routed)           0.181     0.181    dma_config_fir_i/zynq_ultra_ps_e_0/inst/pl_clk_unbuffered[0]
    BUFG_PS_X0Y80        BUFG_PS (Prop_BUFG_PS_I_O)
                                                      0.035     0.216 r  dma_config_fir_i/zynq_ultra_ps_e_0/inst/buffer_pl_clk_0.PL_CLK_0_BUFG/O
    X1Y1 (CLOCK_ROOT)    net (fo=17127, routed)       2.874     3.090    dma_config_fir_i/smartconnect_0/inst/s00_entry_pipeline/s00_transaction_regulator/inst/gen_endpoint.gen_r_multithread.r_multithread/cmd_reg/aclk
    SLICE_X0Y123         FDRE                                         r  dma_config_fir_i/smartconnect_0/inst/s00_entry_pipeline/s00_transaction_regulator/inst/gen_endpoint.gen_r_multithread.r_multithread/cmd_reg/m_vector_i_reg[1036]/C
  -------------------------------------------------------------------    -------------------
    SLICE_X0Y123         FDRE (Prop_DFF_SLICEL_C_Q)
                                                      0.112     3.202 r  dma_config_fir_i/smartconnect_0/inst/s00_entry_pipeline/s00_transaction_regulator/inst/gen_endpoint.gen_r_multithread.r_multithread/cmd_reg/m_vector_i_reg[1036]/Q
                         net (fo=4, routed)           0.115     3.318    dma_config_fir_i/smartconnect_0/inst/s00_entry_pipeline/s00_transaction_regulator/inst/gen_endpoint.gen_r_multithread.r_multithread/m_acmd[1036]
    SLICE_X1Y123         FDRE                                         r  dma_config_fir_i/smartconnect_0/inst/s00_entry_pipeline/s00_transaction_regulator/inst/gen_endpoint.gen_r_multithread.r_multithread/gen_thread_loop[1].active_id_reg[23]/D
  -------------------------------------------------------------------    -------------------

                         (clock clk_pl_0 rise edge)
                                                      0.000     0.000 r  
    PS8_X0Y0             PS8                          0.000     0.000 r  dma_config_fir_i/zynq_ultra_ps_e_0/inst/PS8_i/PLCLK[0]
                         net (fo=1, routed)           0.229     0.229    dma_config_fir_i/zynq_ultra_ps_e_0/inst/pl_clk_unbuffered[0]
    BUFG_PS_X0Y80        BUFG_PS (Prop_BUFG_PS_I_O)
                                                      0.038     0.267 r  dma_config_fir_i/zynq_ultra_ps_e_0/inst/buffer_pl_clk_0.PL_CLK_0_BUFG/O
    X1Y1 (CLOCK_ROOT)    net (fo=17127, routed)       3.181     3.448    dma_config_fir_i/smartconnect_0/inst/s00_entry_pipeline/s00_transaction_regulator/inst/gen_endpoint.gen_r_multithread.r_multithread/aclk
    SLICE_X1Y123         FDRE                                         r  dma_config_fir_i/smartconnect_0/inst/s00_entry_pipeline/s00_transaction_regulator/inst/gen_endpoint.gen_r_multithread.r_multithread/gen_thread_loop[1].active_id_reg[23]/C
                         clock pessimism             -0.244     3.204    
    SLICE_X1Y123         FDRE (Hold_DFF2_SLICEM_C_D)
                                                      0.102     3.306    dma_config_fir_i/smartconnect_0/inst/s00_entry_pipeline/s00_transaction_regulator/inst/gen_endpoint.gen_r_multithread.r_multithread/gen_thread_loop[1].active_id_reg[23]
  -------------------------------------------------------------------
                         required time                         -3.306    
                         arrival time                           3.318    
  -------------------------------------------------------------------
                         slack                                  0.011    

Slack (MET) :             0.012ns  (arrival time - required time)
  Source:                 dma_config_fir_i/smartconnect_0/inst/s00_entry_pipeline/s00_si_converter/inst/converter.wrap_narrow_inst/gen_thread_loop[2].r_payld_fifo/mesg_reg_reg[60]/C
                            (rising edge-triggered cell FDRE clocked by clk_pl_0  {rise@0.000ns fall@5.156ns period=10.312ns})
  Destination:            dma_config_fir_i/smartconnect_0/inst/s00_entry_pipeline/s00_si_converter/inst/converter.wrap_narrow_inst/gen_thread_loop[2].r_shelf_reg[2][60]/D
                            (rising edge-triggered cell FDRE clocked by clk_pl_0  {rise@0.000ns fall@5.156ns period=10.312ns})
  Path Group:             clk_pl_0
  Path Type:              Hold (Min at Slow Process Corner)
  Requirement:            0.000ns  (clk_pl_0 rise@0.000ns - clk_pl_0 rise@0.000ns)
  Data Path Delay:        0.240ns  (logic 0.114ns (47.432%)  route 0.126ns (52.568%))
  Logic Levels:           0  
  Clock Path Skew:        0.127ns (DCD - SCD - CPR)
    Destination Clock Delay (DCD):    3.400ns
    Source Clock Delay      (SCD):    3.033ns
    Clock Pessimism Removal (CPR):    0.240ns
  Clock Net Delay (Source):      2.817ns (routing 1.450ns, distribution 1.367ns)
  Clock Net Delay (Destination): 3.133ns (routing 1.584ns, distribution 1.549ns)

    Location             Delay type                Incr(ns)  Path(ns)    Netlist Resource(s)
  -------------------------------------------------------------------    -------------------
                         (clock clk_pl_0 rise edge)
                                                      0.000     0.000 r  
    PS8_X0Y0             PS8                          0.000     0.000 r  dma_config_fir_i/zynq_ultra_ps_e_0/inst/PS8_i/PLCLK[0]
                         net (fo=1, routed)           0.181     0.181    dma_config_fir_i/zynq_ultra_ps_e_0/inst/pl_clk_unbuffered[0]
    BUFG_PS_X0Y80        BUFG_PS (Prop_BUFG_PS_I_O)
                                                      0.035     0.216 r  dma_config_fir_i/zynq_ultra_ps_e_0/inst/buffer_pl_clk_0.PL_CLK_0_BUFG/O
    X1Y1 (CLOCK_ROOT)    net (fo=17127, routed)       2.817     3.033    dma_config_fir_i/smartconnect_0/inst/s00_entry_pipeline/s00_si_converter/inst/converter.wrap_narrow_inst/gen_thread_loop[2].r_payld_fifo/aclk
    SLICE_X4Y99          FDRE                                         r  dma_config_fir_i/smartconnect_0/inst/s00_entry_pipeline/s00_si_converter/inst/converter.wrap_narrow_inst/gen_thread_loop[2].r_payld_fifo/mesg_reg_reg[60]/C
  -------------------------------------------------------------------    -------------------
    SLICE_X4Y99          FDRE (Prop_GFF2_SLICEM_C_Q)
                                                      0.114     3.147 r  dma_config_fir_i/smartconnect_0/inst/s00_entry_pipeline/s00_si_converter/inst/converter.wrap_narrow_inst/gen_thread_loop[2].r_payld_fifo/mesg_reg_reg[60]/Q
                         net (fo=2, routed)           0.126     3.273    dma_config_fir_i/smartconnect_0/inst/s00_entry_pipeline/s00_si_converter/inst/converter.wrap_narrow_inst/r_payld_i[2]_7[60]
    SLICE_X3Y98          FDRE                                         r  dma_config_fir_i/smartconnect_0/inst/s00_entry_pipeline/s00_si_converter/inst/converter.wrap_narrow_inst/gen_thread_loop[2].r_shelf_reg[2][60]/D
  -------------------------------------------------------------------    -------------------

                         (clock clk_pl_0 rise edge)
                                                      0.000     0.000 r  
    PS8_X0Y0             PS8                          0.000     0.000 r  dma_config_fir_i/zynq_ultra_ps_e_0/inst/PS8_i/PLCLK[0]
                         net (fo=1, routed)           0.229     0.229    dma_config_fir_i/zynq_ultra_ps_e_0/inst/pl_clk_unbuffered[0]
    BUFG_PS_X0Y80        BUFG_PS (Prop_BUFG_PS_I_O)
                                                      0.038     0.267 r  dma_config_fir_i/zynq_ultra_ps_e_0/inst/buffer_pl_clk_0.PL_CLK_0_BUFG/O
    X1Y1 (CLOCK_ROOT)    net (fo=17127, routed)       3.133     3.400    dma_config_fir_i/smartconnect_0/inst/s00_entry_pipeline/s00_si_converter/inst/converter.wrap_narrow_inst/aclk
    SLICE_X3Y98          FDRE                                         r  dma_config_fir_i/smartconnect_0/inst/s00_entry_pipeline/s00_si_converter/inst/converter.wrap_narrow_inst/gen_thread_loop[2].r_shelf_reg[2][60]/C
                         clock pessimism             -0.240     3.160    
    SLICE_X3Y98          FDRE (Hold_DFF2_SLICEL_C_D)
                                                      0.102     3.262    dma_config_fir_i/smartconnect_0/inst/s00_entry_pipeline/s00_si_converter/inst/converter.wrap_narrow_inst/gen_thread_loop[2].r_shelf_reg[2][60]
  -------------------------------------------------------------------
                         required time                         -3.262    
                         arrival time                           3.273    
  -------------------------------------------------------------------
                         slack                                  0.012    

Slack (MET) :             0.012ns  (arrival time - required time)
  Source:                 dma_config_fir_i/axi_dma_0/U0/INCLUDE_S2MM_SOF_EOF_GENERATOR.I_S2MM_DMA_MNGR/GEN_S2MM_DMA_CONTROL.GEN_SIMPLE_DMA_MODE.I_S2MM_SMPL_SM/GEN_CMD_BTT_LESS_23.cmnd_data_reg[2]/C
                            (rising edge-triggered cell FDRE clocked by clk_pl_0  {rise@0.000ns fall@5.156ns period=10.312ns})
  Destination:            dma_config_fir_i/axi_dma_0/U0/I_PRMRY_DATAMOVER/GEN_S2MM_FULL.I_S2MM_FULL_WRAPPER/I_CMD_STATUS/I_CMD_FIFO/USE_SINGLE_REG.sig_regfifo_dout_reg_reg[2]/D
                            (rising edge-triggered cell FDRE clocked by clk_pl_0  {rise@0.000ns fall@5.156ns period=10.312ns})
  Path Group:             clk_pl_0
  Path Type:              Hold (Min at Slow Process Corner)
  Requirement:            0.000ns  (clk_pl_0 rise@0.000ns - clk_pl_0 rise@0.000ns)
  Data Path Delay:        0.235ns  (logic 0.112ns (47.660%)  route 0.123ns (52.340%))
  Logic Levels:           0  
  Clock Path Skew:        0.121ns (DCD - SCD - CPR)
    Destination Clock Delay (DCD):    3.364ns
    Source Clock Delay      (SCD):    3.008ns
    Clock Pessimism Removal (CPR):    0.234ns
  Clock Net Delay (Source):      2.792ns (routing 1.450ns, distribution 1.342ns)
  Clock Net Delay (Destination): 3.097ns (routing 1.584ns, distribution 1.513ns)

    Location             Delay type                Incr(ns)  Path(ns)    Netlist Resource(s)
  -------------------------------------------------------------------    -------------------
                         (clock clk_pl_0 rise edge)
                                                      0.000     0.000 r  
    PS8_X0Y0             PS8                          0.000     0.000 r  dma_config_fir_i/zynq_ultra_ps_e_0/inst/PS8_i/PLCLK[0]
                         net (fo=1, routed)           0.181     0.181    dma_config_fir_i/zynq_ultra_ps_e_0/inst/pl_clk_unbuffered[0]
    BUFG_PS_X0Y80        BUFG_PS (Prop_BUFG_PS_I_O)
                                                      0.035     0.216 r  dma_config_fir_i/zynq_ultra_ps_e_0/inst/buffer_pl_clk_0.PL_CLK_0_BUFG/O
    X1Y1 (CLOCK_ROOT)    net (fo=17127, routed)       2.792     3.008    dma_config_fir_i/axi_dma_0/U0/INCLUDE_S2MM_SOF_EOF_GENERATOR.I_S2MM_DMA_MNGR/GEN_S2MM_DMA_CONTROL.GEN_SIMPLE_DMA_MODE.I_S2MM_SMPL_SM/s_axi_lite_aclk
    SLICE_X20Y57         FDRE                                         r  dma_config_fir_i/axi_dma_0/U0/INCLUDE_S2MM_SOF_EOF_GENERATOR.I_S2MM_DMA_MNGR/GEN_S2MM_DMA_CONTROL.GEN_SIMPLE_DMA_MODE.I_S2MM_SMPL_SM/GEN_CMD_BTT_LESS_23.cmnd_data_reg[2]/C
  -------------------------------------------------------------------    -------------------
    SLICE_X20Y57         FDRE (Prop_AFF_SLICEM_C_Q)
                                                      0.112     3.120 r  dma_config_fir_i/axi_dma_0/U0/INCLUDE_S2MM_SOF_EOF_GENERATOR.I_S2MM_DMA_MNGR/GEN_S2MM_DMA_CONTROL.GEN_SIMPLE_DMA_MODE.I_S2MM_SMPL_SM/GEN_CMD_BTT_LESS_23.cmnd_data_reg[2]/Q
                         net (fo=1, routed)           0.123     3.243    dma_config_fir_i/axi_dma_0/U0/I_PRMRY_DATAMOVER/GEN_S2MM_FULL.I_S2MM_FULL_WRAPPER/I_CMD_STATUS/I_CMD_FIFO/USE_SINGLE_REG.sig_regfifo_dout_reg_reg[66]_0[2]
    SLICE_X21Y57         FDRE                                         r  dma_config_fir_i/axi_dma_0/U0/I_PRMRY_DATAMOVER/GEN_S2MM_FULL.I_S2MM_FULL_WRAPPER/I_CMD_STATUS/I_CMD_FIFO/USE_SINGLE_REG.sig_regfifo_dout_reg_reg[2]/D
  -------------------------------------------------------------------    -------------------

                         (clock clk_pl_0 rise edge)
                                                      0.000     0.000 r  
    PS8_X0Y0             PS8                          0.000     0.000 r  dma_config_fir_i/zynq_ultra_ps_e_0/inst/PS8_i/PLCLK[0]
                         net (fo=1, routed)           0.229     0.229    dma_config_fir_i/zynq_ultra_ps_e_0/inst/pl_clk_unbuffered[0]
    BUFG_PS_X0Y80        BUFG_PS (Prop_BUFG_PS_I_O)
                                                      0.038     0.267 r  dma_config_fir_i/zynq_ultra_ps_e_0/inst/buffer_pl_clk_0.PL_CLK_0_BUFG/O
    X1Y1 (CLOCK_ROOT)    net (fo=17127, routed)       3.097     3.364    dma_config_fir_i/axi_dma_0/U0/I_PRMRY_DATAMOVER/GEN_S2MM_FULL.I_S2MM_FULL_WRAPPER/I_CMD_STATUS/I_CMD_FIFO/m_axi_s2mm_aclk
    SLICE_X21Y57         FDRE                                         r  dma_config_fir_i/axi_dma_0/U0/I_PRMRY_DATAMOVER/GEN_S2MM_FULL.I_S2MM_FULL_WRAPPER/I_CMD_STATUS/I_CMD_FIFO/USE_SINGLE_REG.sig_regfifo_dout_reg_reg[2]/C
                         clock pessimism             -0.234     3.129    
    SLICE_X21Y57         FDRE (Hold_EFF2_SLICEM_C_D)
                                                      0.102     3.231    dma_config_fir_i/axi_dma_0/U0/I_PRMRY_DATAMOVER/GEN_S2MM_FULL.I_S2MM_FULL_WRAPPER/I_CMD_STATUS/I_CMD_FIFO/USE_SINGLE_REG.sig_regfifo_dout_reg_reg[2]
  -------------------------------------------------------------------
                         required time                         -3.231    
                         arrival time                           3.243    
  -------------------------------------------------------------------
                         slack                                  0.012    

Slack (MET) :             0.012ns  (arrival time - required time)
  Source:                 dma_config_fir_i/smartconnect_0/inst/m00_nodes/m00_r_node/inst/inst_mi_handler/gen_normal_area.inst_fifo_node_payld/gen_xpm_memory_fifo.inst_fifo/gen_mem_rep[0].inst_xpm_memory/xpm_memory_base_inst/gen_rd_b.gen_rd_b_synth_template.gen_rf_narrow_reg.doutb_reg_reg[90]/C
                            (rising edge-triggered cell FDRE clocked by clk_pl_0  {rise@0.000ns fall@5.156ns period=10.312ns})
  Destination:            dma_config_fir_i/smartconnect_0/inst/switchboards/r_switchboard/inst/gen_mi[1].inst_opipe_payld/gen_pipe[1].pipe_reg[1][90]/D
                            (rising edge-triggered cell FDRE clocked by clk_pl_0  {rise@0.000ns fall@5.156ns period=10.312ns})
  Path Group:             clk_pl_0
  Path Type:              Hold (Min at Slow Process Corner)
  Requirement:            0.000ns  (clk_pl_0 rise@0.000ns - clk_pl_0 rise@0.000ns)
  Data Path Delay:        0.248ns  (logic 0.115ns (46.325%)  route 0.133ns (53.675%))
  Logic Levels:           0  
  Clock Path Skew:        0.135ns (DCD - SCD - CPR)
    Destination Clock Delay (DCD):    3.375ns
    Source Clock Delay      (SCD):    2.999ns
    Clock Pessimism Removal (CPR):    0.240ns
  Clock Net Delay (Source):      2.783ns (routing 1.450ns, distribution 1.333ns)
  Clock Net Delay (Destination): 3.108ns (routing 1.584ns, distribution 1.524ns)

    Location             Delay type                Incr(ns)  Path(ns)    Netlist Resource(s)
  -------------------------------------------------------------------    -------------------
                         (clock clk_pl_0 rise edge)
                                                      0.000     0.000 r  
    PS8_X0Y0             PS8                          0.000     0.000 r  dma_config_fir_i/zynq_ultra_ps_e_0/inst/PS8_i/PLCLK[0]
                         net (fo=1, routed)           0.181     0.181    dma_config_fir_i/zynq_ultra_ps_e_0/inst/pl_clk_unbuffered[0]
    BUFG_PS_X0Y80        BUFG_PS (Prop_BUFG_PS_I_O)
                                                      0.035     0.216 r  dma_config_fir_i/zynq_ultra_ps_e_0/inst/buffer_pl_clk_0.PL_CLK_0_BUFG/O
    X1Y1 (CLOCK_ROOT)    net (fo=17127, routed)       2.783     2.999    dma_config_fir_i/smartconnect_0/inst/m00_nodes/m00_r_node/inst/inst_mi_handler/gen_normal_area.inst_fifo_node_payld/gen_xpm_memory_fifo.inst_fifo/gen_mem_rep[0].inst_xpm_memory/xpm_memory_base_inst/clka
    SLICE_X17Y99         FDRE                                         r  dma_config_fir_i/smartconnect_0/inst/m00_nodes/m00_r_node/inst/inst_mi_handler/gen_normal_area.inst_fifo_node_payld/gen_xpm_memory_fifo.inst_fifo/gen_mem_rep[0].inst_xpm_memory/xpm_memory_base_inst/gen_rd_b.gen_rd_b_synth_template.gen_rf_narrow_reg.doutb_reg_reg[90]/C
  -------------------------------------------------------------------    -------------------
    SLICE_X17Y99         FDRE (Prop_DFF2_SLICEM_C_Q)
                                                      0.115     3.114 r  dma_config_fir_i/smartconnect_0/inst/m00_nodes/m00_r_node/inst/inst_mi_handler/gen_normal_area.inst_fifo_node_payld/gen_xpm_memory_fifo.inst_fifo/gen_mem_rep[0].inst_xpm_memory/xpm_memory_base_inst/gen_rd_b.gen_rd_b_synth_template.gen_rf_narrow_reg.doutb_reg_reg[90]/Q
                         net (fo=3, routed)           0.133     3.247    dma_config_fir_i/smartconnect_0/inst/switchboards/r_switchboard/inst/gen_mi[1].inst_opipe_payld/s_sc_payld[80]
    SLICE_X16Y100        FDRE                                         r  dma_config_fir_i/smartconnect_0/inst/switchboards/r_switchboard/inst/gen_mi[1].inst_opipe_payld/gen_pipe[1].pipe_reg[1][90]/D
  -------------------------------------------------------------------    -------------------

                         (clock clk_pl_0 rise edge)
                                                      0.000     0.000 r  
    PS8_X0Y0             PS8                          0.000     0.000 r  dma_config_fir_i/zynq_ultra_ps_e_0/inst/PS8_i/PLCLK[0]
                         net (fo=1, routed)           0.229     0.229    dma_config_fir_i/zynq_ultra_ps_e_0/inst/pl_clk_unbuffered[0]
    BUFG_PS_X0Y80        BUFG_PS (Prop_BUFG_PS_I_O)
                                                      0.038     0.267 r  dma_config_fir_i/zynq_ultra_ps_e_0/inst/buffer_pl_clk_0.PL_CLK_0_BUFG/O
    X1Y1 (CLOCK_ROOT)    net (fo=17127, routed)       3.108     3.375    dma_config_fir_i/smartconnect_0/inst/switchboards/r_switchboard/inst/gen_mi[1].inst_opipe_payld/aclk
    SLICE_X16Y100        FDRE                                         r  dma_config_fir_i/smartconnect_0/inst/switchboards/r_switchboard/inst/gen_mi[1].inst_opipe_payld/gen_pipe[1].pipe_reg[1][90]/C
                         clock pessimism             -0.240     3.134    
    SLICE_X16Y100        FDRE (Hold_GFF_SLICEL_C_D)
                                                      0.101     3.235    dma_config_fir_i/smartconnect_0/inst/switchboards/r_switchboard/inst/gen_mi[1].inst_opipe_payld/gen_pipe[1].pipe_reg[1][90]
  -------------------------------------------------------------------
                         required time                         -3.235    
                         arrival time                           3.247    
  -------------------------------------------------------------------
                         slack                                  0.012    

Slack (MET) :             0.013ns  (arrival time - required time)
  Source:                 dma_config_fir_i/axi_dma_0/U0/I_PRMRY_DATAMOVER/GEN_S2MM_FULL.I_S2MM_FULL_WRAPPER/GEN_INCLUDE_IBTTCC.I_S2MM_MSTR_IBTTCC/sig_input_burst_type_reg_reg/C
                            (rising edge-triggered cell FDRE clocked by clk_pl_0  {rise@0.000ns fall@5.156ns period=10.312ns})
  Destination:            dma_config_fir_i/axi_dma_0/U0/I_PRMRY_DATAMOVER/GEN_S2MM_FULL.I_S2MM_FULL_WRAPPER/GEN_INCLUDE_IBTTCC.I_S2MM_MSTR_IBTTCC/sig_child_burst_type_reg_reg/D
                            (rising edge-triggered cell FDRE clocked by clk_pl_0  {rise@0.000ns fall@5.156ns period=10.312ns})
  Path Group:             clk_pl_0
  Path Type:              Hold (Min at Slow Process Corner)
  Requirement:            0.000ns  (clk_pl_0 rise@0.000ns - clk_pl_0 rise@0.000ns)
  Data Path Delay:        0.249ns  (logic 0.112ns (44.980%)  route 0.137ns (55.020%))
  Logic Levels:           0  
  Clock Path Skew:        0.134ns (DCD - SCD - CPR)
    Destination Clock Delay (DCD):    3.388ns
    Source Clock Delay      (SCD):    3.019ns
    Clock Pessimism Removal (CPR):    0.234ns
  Clock Net Delay (Source):      2.803ns (routing 1.450ns, distribution 1.353ns)
  Clock Net Delay (Destination): 3.121ns (routing 1.584ns, distribution 1.537ns)

    Location             Delay type                Incr(ns)  Path(ns)    Netlist Resource(s)
  -------------------------------------------------------------------    -------------------
                         (clock clk_pl_0 rise edge)
                                                      0.000     0.000 r  
    PS8_X0Y0             PS8                          0.000     0.000 r  dma_config_fir_i/zynq_ultra_ps_e_0/inst/PS8_i/PLCLK[0]
                         net (fo=1, routed)           0.181     0.181    dma_config_fir_i/zynq_ultra_ps_e_0/inst/pl_clk_unbuffered[0]
    BUFG_PS_X0Y80        BUFG_PS (Prop_BUFG_PS_I_O)
                                                      0.035     0.216 r  dma_config_fir_i/zynq_ultra_ps_e_0/inst/buffer_pl_clk_0.PL_CLK_0_BUFG/O
    X1Y1 (CLOCK_ROOT)    net (fo=17127, routed)       2.803     3.019    dma_config_fir_i/axi_dma_0/U0/I_PRMRY_DATAMOVER/GEN_S2MM_FULL.I_S2MM_FULL_WRAPPER/GEN_INCLUDE_IBTTCC.I_S2MM_MSTR_IBTTCC/m_axi_s2mm_aclk
    SLICE_X17Y58         FDRE                                         r  dma_config_fir_i/axi_dma_0/U0/I_PRMRY_DATAMOVER/GEN_S2MM_FULL.I_S2MM_FULL_WRAPPER/GEN_INCLUDE_IBTTCC.I_S2MM_MSTR_IBTTCC/sig_input_burst_type_reg_reg/C
  -------------------------------------------------------------------    -------------------
    SLICE_X17Y58         FDRE (Prop_HFF_SLICEM_C_Q)
                                                      0.112     3.131 r  dma_config_fir_i/axi_dma_0/U0/I_PRMRY_DATAMOVER/GEN_S2MM_FULL.I_S2MM_FULL_WRAPPER/GEN_INCLUDE_IBTTCC.I_S2MM_MSTR_IBTTCC/sig_input_burst_type_reg_reg/Q
                         net (fo=1, routed)           0.137     3.268    dma_config_fir_i/axi_dma_0/U0/I_PRMRY_DATAMOVER/GEN_S2MM_FULL.I_S2MM_FULL_WRAPPER/GEN_INCLUDE_IBTTCC.I_S2MM_MSTR_IBTTCC/sig_input_burst_type_reg
    SLICE_X16Y56         FDRE                                         r  dma_config_fir_i/axi_dma_0/U0/I_PRMRY_DATAMOVER/GEN_S2MM_FULL.I_S2MM_FULL_WRAPPER/GEN_INCLUDE_IBTTCC.I_S2MM_MSTR_IBTTCC/sig_child_burst_type_reg_reg/D
  -------------------------------------------------------------------    -------------------

                         (clock clk_pl_0 rise edge)
                                                      0.000     0.000 r  
    PS8_X0Y0             PS8                          0.000     0.000 r  dma_config_fir_i/zynq_ultra_ps_e_0/inst/PS8_i/PLCLK[0]
                         net (fo=1, routed)           0.229     0.229    dma_config_fir_i/zynq_ultra_ps_e_0/inst/pl_clk_unbuffered[0]
    BUFG_PS_X0Y80        BUFG_PS (Prop_BUFG_PS_I_O)
                                                      0.038     0.267 r  dma_config_fir_i/zynq_ultra_ps_e_0/inst/buffer_pl_clk_0.PL_CLK_0_BUFG/O
    X1Y1 (CLOCK_ROOT)    net (fo=17127, routed)       3.121     3.388    dma_config_fir_i/axi_dma_0/U0/I_PRMRY_DATAMOVER/GEN_S2MM_FULL.I_S2MM_FULL_WRAPPER/GEN_INCLUDE_IBTTCC.I_S2MM_MSTR_IBTTCC/m_axi_s2mm_aclk
    SLICE_X16Y56         FDRE                                         r  dma_config_fir_i/axi_dma_0/U0/I_PRMRY_DATAMOVER/GEN_S2MM_FULL.I_S2MM_FULL_WRAPPER/GEN_INCLUDE_IBTTCC.I_S2MM_MSTR_IBTTCC/sig_child_burst_type_reg_reg/C
                         clock pessimism             -0.234     3.153    
    SLICE_X16Y56         FDRE (Hold_EFF2_SLICEL_C_D)
                                                      0.102     3.255    dma_config_fir_i/axi_dma_0/U0/I_PRMRY_DATAMOVER/GEN_S2MM_FULL.I_S2MM_FULL_WRAPPER/GEN_INCLUDE_IBTTCC.I_S2MM_MSTR_IBTTCC/sig_child_burst_type_reg_reg
  -------------------------------------------------------------------
                         required time                         -3.255    
                         arrival time                           3.268    
  -------------------------------------------------------------------
                         slack                                  0.013    

Slack (MET) :             0.013ns  (arrival time - required time)
  Source:                 dma_config_fir_i/smartconnect_0/inst/s00_entry_pipeline/s00_si_converter/inst/converter.wrap_narrow_inst/w_accum_reg[data][31]/C
                            (rising edge-triggered cell FDRE clocked by clk_pl_0  {rise@0.000ns fall@5.156ns period=10.312ns})
  Destination:            dma_config_fir_i/smartconnect_0/inst/s00_entry_pipeline/s00_si_converter/inst/converter.wrap_narrow_inst/w_payld_fifo/gen_srls[127].srl_nx1/shift_reg_reg[0]_srl32/D
                            (rising edge-triggered cell SRLC32E clocked by clk_pl_0  {rise@0.000ns fall@5.156ns period=10.312ns})
  Path Group:             clk_pl_0
  Path Type:              Hold (Min at Slow Process Corner)
  Requirement:            0.000ns  (clk_pl_0 rise@0.000ns - clk_pl_0 rise@0.000ns)
  Data Path Delay:        0.231ns  (logic 0.112ns (48.380%)  route 0.119ns (51.620%))
  Logic Levels:           0  
  Clock Path Skew:        0.152ns (DCD - SCD - CPR)
    Destination Clock Delay (DCD):    3.440ns
    Source Clock Delay      (SCD):    3.049ns
    Clock Pessimism Removal (CPR):    0.240ns
  Clock Net Delay (Source):      2.833ns (routing 1.450ns, distribution 1.383ns)
  Clock Net Delay (Destination): 3.173ns (routing 1.584ns, distribution 1.589ns)

    Location             Delay type                Incr(ns)  Path(ns)    Netlist Resource(s)
  -------------------------------------------------------------------    -------------------
                         (clock clk_pl_0 rise edge)
                                                      0.000     0.000 r  
    PS8_X0Y0             PS8                          0.000     0.000 r  dma_config_fir_i/zynq_ultra_ps_e_0/inst/PS8_i/PLCLK[0]
                         net (fo=1, routed)           0.181     0.181    dma_config_fir_i/zynq_ultra_ps_e_0/inst/pl_clk_unbuffered[0]
    BUFG_PS_X0Y80        BUFG_PS (Prop_BUFG_PS_I_O)
                                                      0.035     0.216 r  dma_config_fir_i/zynq_ultra_ps_e_0/inst/buffer_pl_clk_0.PL_CLK_0_BUFG/O
    X1Y1 (CLOCK_ROOT)    net (fo=17127, routed)       2.833     3.049    dma_config_fir_i/smartconnect_0/inst/s00_entry_pipeline/s00_si_converter/inst/converter.wrap_narrow_inst/aclk
    SLICE_X6Y83          FDRE                                         r  dma_config_fir_i/smartconnect_0/inst/s00_entry_pipeline/s00_si_converter/inst/converter.wrap_narrow_inst/w_accum_reg[data][31]/C
  -------------------------------------------------------------------    -------------------
    SLICE_X6Y83          FDRE (Prop_AFF_SLICEL_C_Q)
                                                      0.112     3.161 r  dma_config_fir_i/smartconnect_0/inst/s00_entry_pipeline/s00_si_converter/inst/converter.wrap_narrow_inst/w_accum_reg[data][31]/Q
                         net (fo=2, routed)           0.119     3.280    dma_config_fir_i/smartconnect_0/inst/s00_entry_pipeline/s00_si_converter/inst/converter.wrap_narrow_inst/w_payld_fifo/gen_srls[127].srl_nx1/s_mesg[0]
    SLICE_X7Y82          SRLC32E                                      r  dma_config_fir_i/smartconnect_0/inst/s00_entry_pipeline/s00_si_converter/inst/converter.wrap_narrow_inst/w_payld_fifo/gen_srls[127].srl_nx1/shift_reg_reg[0]_srl32/D
  -------------------------------------------------------------------    -------------------

                         (clock clk_pl_0 rise edge)
                                                      0.000     0.000 r  
    PS8_X0Y0             PS8                          0.000     0.000 r  dma_config_fir_i/zynq_ultra_ps_e_0/inst/PS8_i/PLCLK[0]
                         net (fo=1, routed)           0.229     0.229    dma_config_fir_i/zynq_ultra_ps_e_0/inst/pl_clk_unbuffered[0]
    BUFG_PS_X0Y80        BUFG_PS (Prop_BUFG_PS_I_O)
                                                      0.038     0.267 r  dma_config_fir_i/zynq_ultra_ps_e_0/inst/buffer_pl_clk_0.PL_CLK_0_BUFG/O
    X1Y1 (CLOCK_ROOT)    net (fo=17127, routed)       3.173     3.440    dma_config_fir_i/smartconnect_0/inst/s00_entry_pipeline/s00_si_converter/inst/converter.wrap_narrow_inst/w_payld_fifo/gen_srls[127].srl_nx1/aclk
    SLICE_X7Y82          SRLC32E                                      r  dma_config_fir_i/smartconnect_0/inst/s00_entry_pipeline/s00_si_converter/inst/converter.wrap_narrow_inst/w_payld_fifo/gen_srls[127].srl_nx1/shift_reg_reg[0]_srl32/CLK
                         clock pessimism             -0.240     3.201    
    SLICE_X7Y82          SRLC32E (Hold_E6LUT_SLICEM_CLK_D)
                                                      0.067     3.268    dma_config_fir_i/smartconnect_0/inst/s00_entry_pipeline/s00_si_converter/inst/converter.wrap_narrow_inst/w_payld_fifo/gen_srls[127].srl_nx1/shift_reg_reg[0]_srl32
  -------------------------------------------------------------------
                         required time                         -3.268    
                         arrival time                           3.280    
  -------------------------------------------------------------------
                         slack                                  0.013    

Slack (MET) :             0.013ns  (arrival time - required time)
  Source:                 dma_config_fir_i/smartconnect_0/inst/s00_entry_pipeline/s00_si_converter/inst/converter.wrap_narrow_inst/w_accum_reg[data][5]/C
                            (rising edge-triggered cell FDRE clocked by clk_pl_0  {rise@0.000ns fall@5.156ns period=10.312ns})
  Destination:            dma_config_fir_i/smartconnect_0/inst/s00_entry_pipeline/s00_si_converter/inst/converter.wrap_narrow_inst/w_payld_fifo/gen_srls[101].srl_nx1/shift_reg_reg[0]_srl32/D
                            (rising edge-triggered cell SRLC32E clocked by clk_pl_0  {rise@0.000ns fall@5.156ns period=10.312ns})
  Path Group:             clk_pl_0
  Path Type:              Hold (Min at Slow Process Corner)
  Requirement:            0.000ns  (clk_pl_0 rise@0.000ns - clk_pl_0 rise@0.000ns)
  Data Path Delay:        0.200ns  (logic 0.114ns (57.000%)  route 0.086ns (43.000%))
  Logic Levels:           0  
  Clock Path Skew:        0.117ns (DCD - SCD - CPR)
    Destination Clock Delay (DCD):    3.464ns
    Source Clock Delay      (SCD):    3.045ns
    Clock Pessimism Removal (CPR):    0.302ns
  Clock Net Delay (Source):      2.829ns (routing 1.450ns, distribution 1.379ns)
  Clock Net Delay (Destination): 3.197ns (routing 1.584ns, distribution 1.613ns)

    Location             Delay type                Incr(ns)  Path(ns)    Netlist Resource(s)
  -------------------------------------------------------------------    -------------------
                         (clock clk_pl_0 rise edge)
                                                      0.000     0.000 r  
    PS8_X0Y0             PS8                          0.000     0.000 r  dma_config_fir_i/zynq_ultra_ps_e_0/inst/PS8_i/PLCLK[0]
                         net (fo=1, routed)           0.181     0.181    dma_config_fir_i/zynq_ultra_ps_e_0/inst/pl_clk_unbuffered[0]
    BUFG_PS_X0Y80        BUFG_PS (Prop_BUFG_PS_I_O)
                                                      0.035     0.216 r  dma_config_fir_i/zynq_ultra_ps_e_0/inst/buffer_pl_clk_0.PL_CLK_0_BUFG/O
    X1Y1 (CLOCK_ROOT)    net (fo=17127, routed)       2.829     3.045    dma_config_fir_i/smartconnect_0/inst/s00_entry_pipeline/s00_si_converter/inst/converter.wrap_narrow_inst/aclk
    SLICE_X5Y89          FDRE                                         r  dma_config_fir_i/smartconnect_0/inst/s00_entry_pipeline/s00_si_converter/inst/converter.wrap_narrow_inst/w_accum_reg[data][5]/C
  -------------------------------------------------------------------    -------------------
    SLICE_X5Y89          FDRE (Prop_GFF2_SLICEM_C_Q)
                                                      0.114     3.159 r  dma_config_fir_i/smartconnect_0/inst/s00_entry_pipeline/s00_si_converter/inst/converter.wrap_narrow_inst/w_accum_reg[data][5]/Q
                         net (fo=1, routed)           0.086     3.245    dma_config_fir_i/smartconnect_0/inst/s00_entry_pipeline/s00_si_converter/inst/converter.wrap_narrow_inst/w_payld_fifo/gen_srls[101].srl_nx1/s_mesg[0]
    SLICE_X5Y88          SRLC32E                                      r  dma_config_fir_i/smartconnect_0/inst/s00_entry_pipeline/s00_si_converter/inst/converter.wrap_narrow_inst/w_payld_fifo/gen_srls[101].srl_nx1/shift_reg_reg[0]_srl32/D
  -------------------------------------------------------------------    -------------------

                         (clock clk_pl_0 rise edge)
                                                      0.000     0.000 r  
    PS8_X0Y0             PS8                          0.000     0.000 r  dma_config_fir_i/zynq_ultra_ps_e_0/inst/PS8_i/PLCLK[0]
                         net (fo=1, routed)           0.229     0.229    dma_config_fir_i/zynq_ultra_ps_e_0/inst/pl_clk_unbuffered[0]
    BUFG_PS_X0Y80        BUFG_PS (Prop_BUFG_PS_I_O)
                                                      0.038     0.267 r  dma_config_fir_i/zynq_ultra_ps_e_0/inst/buffer_pl_clk_0.PL_CLK_0_BUFG/O
    X1Y1 (CLOCK_ROOT)    net (fo=17127, routed)       3.197     3.464    dma_config_fir_i/smartconnect_0/inst/s00_entry_pipeline/s00_si_converter/inst/converter.wrap_narrow_inst/w_payld_fifo/gen_srls[101].srl_nx1/aclk
    SLICE_X5Y88          SRLC32E                                      r  dma_config_fir_i/smartconnect_0/inst/s00_entry_pipeline/s00_si_converter/inst/converter.wrap_narrow_inst/w_payld_fifo/gen_srls[101].srl_nx1/shift_reg_reg[0]_srl32/CLK
                         clock pessimism             -0.302     3.162    
    SLICE_X5Y88          SRLC32E (Hold_B6LUT_SLICEM_CLK_D)
                                                      0.070     3.232    dma_config_fir_i/smartconnect_0/inst/s00_entry_pipeline/s00_si_converter/inst/converter.wrap_narrow_inst/w_payld_fifo/gen_srls[101].srl_nx1/shift_reg_reg[0]_srl32
  -------------------------------------------------------------------
                         required time                         -3.232    
                         arrival time                           3.245    
  -------------------------------------------------------------------
                         slack                                  0.013    

Slack (MET) :             0.014ns  (arrival time - required time)
  Source:                 dma_config_fir_i/smartconnect_0/inst/s02_entry_pipeline/s02_si_converter/inst/gen_normal.splitter_inst/gen_no_wsplitter.gen_endpoint_woffset.gen_wbypass_offset_fifo.wbypass_offset_fifo/gen_pipelined.mesg_reg_reg[12]/C
                            (rising edge-triggered cell FDRE clocked by clk_pl_0  {rise@0.000ns fall@5.156ns period=10.312ns})
  Destination:            dma_config_fir_i/smartconnect_0/inst/s02_nodes/s02_w_node/inst/inst_mi_handler/gen_normal_area.gen_upsizer.inst_upsizer/gen_w_ch.accum_reg[first_offset][5]/D
                            (rising edge-triggered cell FDRE clocked by clk_pl_0  {rise@0.000ns fall@5.156ns period=10.312ns})
  Path Group:             clk_pl_0
  Path Type:              Hold (Min at Slow Process Corner)
  Requirement:            0.000ns  (clk_pl_0 rise@0.000ns - clk_pl_0 rise@0.000ns)
  Data Path Delay:        0.296ns  (logic 0.199ns (67.230%)  route 0.097ns (32.770%))
  Logic Levels:           1  (LUT2=1)
  Clock Path Skew:        0.180ns (DCD - SCD - CPR)
    Destination Clock Delay (DCD):    3.401ns
    Source Clock Delay      (SCD):    3.032ns
    Clock Pessimism Removal (CPR):    0.188ns
  Clock Net Delay (Source):      2.816ns (routing 1.450ns, distribution 1.366ns)
  Clock Net Delay (Destination): 3.134ns (routing 1.584ns, distribution 1.550ns)

    Location             Delay type                Incr(ns)  Path(ns)    Netlist Resource(s)
  -------------------------------------------------------------------    -------------------
                         (clock clk_pl_0 rise edge)
                                                      0.000     0.000 r  
    PS8_X0Y0             PS8                          0.000     0.000 r  dma_config_fir_i/zynq_ultra_ps_e_0/inst/PS8_i/PLCLK[0]
                         net (fo=1, routed)           0.181     0.181    dma_config_fir_i/zynq_ultra_ps_e_0/inst/pl_clk_unbuffered[0]
    BUFG_PS_X0Y80        BUFG_PS (Prop_BUFG_PS_I_O)
                                                      0.035     0.216 r  dma_config_fir_i/zynq_ultra_ps_e_0/inst/buffer_pl_clk_0.PL_CLK_0_BUFG/O
    X1Y1 (CLOCK_ROOT)    net (fo=17127, routed)       2.816     3.032    dma_config_fir_i/smartconnect_0/inst/s02_entry_pipeline/s02_si_converter/inst/gen_normal.splitter_inst/gen_no_wsplitter.gen_endpoint_woffset.gen_wbypass_offset_fifo.wbypass_offset_fifo/aclk
    SLICE_X13Y58         FDRE                                         r  dma_config_fir_i/smartconnect_0/inst/s02_entry_pipeline/s02_si_converter/inst/gen_normal.splitter_inst/gen_no_wsplitter.gen_endpoint_woffset.gen_wbypass_offset_fifo.wbypass_offset_fifo/gen_pipelined.mesg_reg_reg[12]/C
  -------------------------------------------------------------------    -------------------
    SLICE_X13Y58         FDRE (Prop_GFF_SLICEM_C_Q)
                                                      0.112     3.144 r  dma_config_fir_i/smartconnect_0/inst/s02_entry_pipeline/s02_si_converter/inst/gen_normal.splitter_inst/gen_no_wsplitter.gen_endpoint_woffset.gen_wbypass_offset_fifo.wbypass_offset_fifo/gen_pipelined.mesg_reg_reg[12]/Q
                         net (fo=1, routed)           0.080     3.224    dma_config_fir_i/smartconnect_0/inst/s02_entry_pipeline/s02_si_converter/inst/gen_normal.splitter_inst/gen_no_wsplitter.gen_endpoint_woffset.gen_wbypass_offset_fifo.wbypass_offset_fifo/gen_pipelined.mesg_reg[12]
    SLICE_X13Y60         LUT2 (Prop_D5LUT_SLICEM_I0_O)
                                                      0.087     3.311 r  dma_config_fir_i/smartconnect_0/inst/s02_entry_pipeline/s02_si_converter/inst/gen_normal.splitter_inst/gen_no_wsplitter.gen_endpoint_woffset.gen_wbypass_offset_fifo.wbypass_offset_fifo/m_axi_wuser[69]_INST_0/O
                         net (fo=1, routed)           0.017     3.328    dma_config_fir_i/smartconnect_0/inst/s02_nodes/s02_w_node/inst/inst_mi_handler/gen_normal_area.gen_upsizer.inst_upsizer/s_sc_payld[6]
    SLICE_X13Y60         FDRE                                         r  dma_config_fir_i/smartconnect_0/inst/s02_nodes/s02_w_node/inst/inst_mi_handler/gen_normal_area.gen_upsizer.inst_upsizer/gen_w_ch.accum_reg[first_offset][5]/D
  -------------------------------------------------------------------    -------------------

                         (clock clk_pl_0 rise edge)
                                                      0.000     0.000 r  
    PS8_X0Y0             PS8                          0.000     0.000 r  dma_config_fir_i/zynq_ultra_ps_e_0/inst/PS8_i/PLCLK[0]
                         net (fo=1, routed)           0.229     0.229    dma_config_fir_i/zynq_ultra_ps_e_0/inst/pl_clk_unbuffered[0]
    BUFG_PS_X0Y80        BUFG_PS (Prop_BUFG_PS_I_O)
                                                      0.038     0.267 r  dma_config_fir_i/zynq_ultra_ps_e_0/inst/buffer_pl_clk_0.PL_CLK_0_BUFG/O
    X1Y1 (CLOCK_ROOT)    net (fo=17127, routed)       3.134     3.401    dma_config_fir_i/smartconnect_0/inst/s02_nodes/s02_w_node/inst/inst_mi_handler/gen_normal_area.gen_upsizer.inst_upsizer/s_sc_aclk
    SLICE_X13Y60         FDRE                                         r  dma_config_fir_i/smartconnect_0/inst/s02_nodes/s02_w_node/inst/inst_mi_handler/gen_normal_area.gen_upsizer.inst_upsizer/gen_w_ch.accum_reg[first_offset][5]/C
                         clock pessimism             -0.188     3.213    
    SLICE_X13Y60         FDRE (Hold_DFF2_SLICEM_C_D)
                                                      0.102     3.315    dma_config_fir_i/smartconnect_0/inst/s02_nodes/s02_w_node/inst/inst_mi_handler/gen_normal_area.gen_upsizer.inst_upsizer/gen_w_ch.accum_reg[first_offset][5]
  -------------------------------------------------------------------
                         required time                         -3.315    
                         arrival time                           3.328    
  -------------------------------------------------------------------
                         slack                                  0.014    





Pulse Width Checks
--------------------------------------------------------------------------------------
Clock Name:         clk_pl_0
Waveform(ns):       { 0.000 5.156 }
Period(ns):         10.312
Sources:            { dma_config_fir_i/zynq_ultra_ps_e_0/inst/PS8_i/PLCLK[0] }

Check Type        Corner  Lib Pin             Reference Pin  Required(ns)  Actual(ns)  Slack(ns)  Location      Pin
Min Period        n/a     PS8/MAXIGP0ACLK     n/a            3.000         10.312      7.312      PS8_X0Y0      dma_config_fir_i/zynq_ultra_ps_e_0/inst/PS8_i/MAXIGP0ACLK
Min Period        n/a     RAMB36E2/CLKARDCLK  n/a            1.709         10.312      8.603      RAMB36_X0Y17  dma_config_fir_i/axi_dma_0/U0/I_PRMRY_DATAMOVER/GEN_MM2S_FULL.I_MM2S_FULL_WRAPPER/GEN_INCLUDE_MM2S_SF.I_RD_SF/I_DATA_FIFO/BLK_MEM.I_SYNC_FIFOGEN_FIFO/xpm_fifo_instance.xpm_fifo_sync_inst/xpm_fifo_base_inst/gen_sdpram.xpm_memory_base_inst/gen_wr_a.gen_word_narrow.mem_reg/CLKARDCLK
Min Period        n/a     RAMB36E2/CLKBWRCLK  n/a            1.709         10.312      8.603      RAMB36_X0Y17  dma_config_fir_i/axi_dma_0/U0/I_PRMRY_DATAMOVER/GEN_MM2S_FULL.I_MM2S_FULL_WRAPPER/GEN_INCLUDE_MM2S_SF.I_RD_SF/I_DATA_FIFO/BLK_MEM.I_SYNC_FIFOGEN_FIFO/xpm_fifo_instance.xpm_fifo_sync_inst/xpm_fifo_base_inst/gen_sdpram.xpm_memory_base_inst/gen_wr_a.gen_word_narrow.mem_reg/CLKBWRCLK
Min Period        n/a     RAMB36E2/CLKARDCLK  n/a            1.709         10.312      8.603      RAMB36_X0Y13  dma_config_fir_i/axi_dma_0/U0/I_PRMRY_DATAMOVER/GEN_S2MM_FULL.I_S2MM_FULL_WRAPPER/GEN_ENABLE_INDET_BTT_SF.I_INDET_BTT/I_DATA_FIFO/BLK_MEM.I_SYNC_FIFOGEN_FIFO/xpm_fifo_instance.xpm_fifo_sync_inst/xpm_fifo_base_inst/gen_sdpram.xpm_memory_base_inst/gen_wr_a.gen_word_narrow.mem_reg/CLKARDCLK
Min Period        n/a     RAMB36E2/CLKBWRCLK  n/a            1.709         10.312      8.603      RAMB36_X0Y13  dma_config_fir_i/axi_dma_0/U0/I_PRMRY_DATAMOVER/GEN_S2MM_FULL.I_S2MM_FULL_WRAPPER/GEN_ENABLE_INDET_BTT_SF.I_INDET_BTT/I_DATA_FIFO/BLK_MEM.I_SYNC_FIFOGEN_FIFO/xpm_fifo_instance.xpm_fifo_sync_inst/xpm_fifo_base_inst/gen_sdpram.xpm_memory_base_inst/gen_wr_a.gen_word_narrow.mem_reg/CLKBWRCLK
Min Period        n/a     RAMB36E2/CLKARDCLK  n/a            1.709         10.312      8.603      RAMB36_X0Y12  dma_config_fir_i/blk_mem_gen_0/U0/inst_blk_mem_gen/gnbram.gnative_mem_map_bmg.native_mem_map_blk_mem_gen/valid.cstr/ramloop[0].ram.r/prim_noinit.ram/DEVICE_8SERIES.WITH_BMM_INFO.SP.SIMPLE_PRIM36.SERIES8_SP_NO_ECC_ATTR.ram/CLKARDCLK
Min Period        n/a     RAMB36E2/CLKBWRCLK  n/a            1.709         10.312      8.603      RAMB36_X0Y12  dma_config_fir_i/blk_mem_gen_0/U0/inst_blk_mem_gen/gnbram.gnative_mem_map_bmg.native_mem_map_blk_mem_gen/valid.cstr/ramloop[0].ram.r/prim_noinit.ram/DEVICE_8SERIES.WITH_BMM_INFO.SP.SIMPLE_PRIM36.SERIES8_SP_NO_ECC_ATTR.ram/CLKBWRCLK
Min Period        n/a     RAMB36E2/CLKARDCLK  n/a            1.709         10.312      8.603      RAMB36_X0Y23  dma_config_fir_i/blk_mem_gen_0/U0/inst_blk_mem_gen/gnbram.gnative_mem_map_bmg.native_mem_map_blk_mem_gen/valid.cstr/ramloop[10].ram.r/prim_noinit.ram/DEVICE_8SERIES.WITH_BMM_INFO.SP.SIMPLE_PRIM36.SERIES8_SP_NO_ECC_ATTR.ram/CLKARDCLK
Min Period        n/a     RAMB36E2/CLKBWRCLK  n/a            1.709         10.312      8.603      RAMB36_X0Y23  dma_config_fir_i/blk_mem_gen_0/U0/inst_blk_mem_gen/gnbram.gnative_mem_map_bmg.native_mem_map_blk_mem_gen/valid.cstr/ramloop[10].ram.r/prim_noinit.ram/DEVICE_8SERIES.WITH_BMM_INFO.SP.SIMPLE_PRIM36.SERIES8_SP_NO_ECC_ATTR.ram/CLKBWRCLK
Min Period        n/a     RAMB36E2/CLKARDCLK  n/a            1.709         10.312      8.603      RAMB36_X0Y19  dma_config_fir_i/blk_mem_gen_0/U0/inst_blk_mem_gen/gnbram.gnative_mem_map_bmg.native_mem_map_blk_mem_gen/valid.cstr/ramloop[11].ram.r/prim_noinit.ram/DEVICE_8SERIES.WITH_BMM_INFO.SP.SIMPLE_PRIM36.SERIES8_SP_NO_ECC_ATTR.ram/CLKARDCLK
Low Pulse Width   Slow    PS8/MAXIGP0ACLK     n/a            1.500         5.156       3.656      PS8_X0Y0      dma_config_fir_i/zynq_ultra_ps_e_0/inst/PS8_i/MAXIGP0ACLK
Low Pulse Width   Fast    PS8/MAXIGP0ACLK     n/a            1.500         5.156       3.656      PS8_X0Y0      dma_config_fir_i/zynq_ultra_ps_e_0/inst/PS8_i/MAXIGP0ACLK
Low Pulse Width   Slow    SRL16E/CLK          n/a            0.762         5.156       4.394      SLICE_X21Y77  dma_config_fir_i/axi_dma_0/U0/I_PRMRY_DATAMOVER/GEN_MM2S_FULL.I_MM2S_FULL_WRAPPER/I_ADDR_CNTL/GEN_ADDR_FIFO.I_ADDR_QUAL_FIFO/USE_SRL_FIFO.I_SYNC_FIFO/I_SRL_FIFO_RBU_F/DYNSHREG_F_I/INFERRED_GEN.data_reg[3][11]_srl4/CLK
Low Pulse Width   Fast    SRL16E/CLK          n/a            0.762         5.156       4.394      SLICE_X21Y77  dma_config_fir_i/axi_dma_0/U0/I_PRMRY_DATAMOVER/GEN_MM2S_FULL.I_MM2S_FULL_WRAPPER/I_ADDR_CNTL/GEN_ADDR_FIFO.I_ADDR_QUAL_FIFO/USE_SRL_FIFO.I_SYNC_FIFO/I_SRL_FIFO_RBU_F/DYNSHREG_F_I/INFERRED_GEN.data_reg[3][11]_srl4/CLK
Low Pulse Width   Slow    SRL16E/CLK          n/a            0.762         5.156       4.394      SLICE_X21Y77  dma_config_fir_i/axi_dma_0/U0/I_PRMRY_DATAMOVER/GEN_MM2S_FULL.I_MM2S_FULL_WRAPPER/I_ADDR_CNTL/GEN_ADDR_FIFO.I_ADDR_QUAL_FIFO/USE_SRL_FIFO.I_SYNC_FIFO/I_SRL_FIFO_RBU_F/DYNSHREG_F_I/INFERRED_GEN.data_reg[3][13]_srl4/CLK
Low Pulse Width   Fast    SRL16E/CLK          n/a            0.762         5.156       4.394      SLICE_X21Y77  dma_config_fir_i/axi_dma_0/U0/I_PRMRY_DATAMOVER/GEN_MM2S_FULL.I_MM2S_FULL_WRAPPER/I_ADDR_CNTL/GEN_ADDR_FIFO.I_ADDR_QUAL_FIFO/USE_SRL_FIFO.I_SYNC_FIFO/I_SRL_FIFO_RBU_F/DYNSHREG_F_I/INFERRED_GEN.data_reg[3][13]_srl4/CLK
Low Pulse Width   Slow    SRL16E/CLK          n/a            0.762         5.156       4.394      SLICE_X21Y77  dma_config_fir_i/axi_dma_0/U0/I_PRMRY_DATAMOVER/GEN_MM2S_FULL.I_MM2S_FULL_WRAPPER/I_ADDR_CNTL/GEN_ADDR_FIFO.I_ADDR_QUAL_FIFO/USE_SRL_FIFO.I_SYNC_FIFO/I_SRL_FIFO_RBU_F/DYNSHREG_F_I/INFERRED_GEN.data_reg[3][19]_srl4/CLK
Low Pulse Width   Fast    SRL16E/CLK          n/a            0.762         5.156       4.394      SLICE_X21Y77  dma_config_fir_i/axi_dma_0/U0/I_PRMRY_DATAMOVER/GEN_MM2S_FULL.I_MM2S_FULL_WRAPPER/I_ADDR_CNTL/GEN_ADDR_FIFO.I_ADDR_QUAL_FIFO/USE_SRL_FIFO.I_SYNC_FIFO/I_SRL_FIFO_RBU_F/DYNSHREG_F_I/INFERRED_GEN.data_reg[3][19]_srl4/CLK
Low Pulse Width   Slow    SRL16E/CLK          n/a            0.762         5.156       4.394      SLICE_X21Y77  dma_config_fir_i/axi_dma_0/U0/I_PRMRY_DATAMOVER/GEN_MM2S_FULL.I_MM2S_FULL_WRAPPER/I_ADDR_CNTL/GEN_ADDR_FIFO.I_ADDR_QUAL_FIFO/USE_SRL_FIFO.I_SYNC_FIFO/I_SRL_FIFO_RBU_F/DYNSHREG_F_I/INFERRED_GEN.data_reg[3][20]_srl4/CLK
Low Pulse Width   Fast    SRL16E/CLK          n/a            0.762         5.156       4.394      SLICE_X21Y77  dma_config_fir_i/axi_dma_0/U0/I_PRMRY_DATAMOVER/GEN_MM2S_FULL.I_MM2S_FULL_WRAPPER/I_ADDR_CNTL/GEN_ADDR_FIFO.I_ADDR_QUAL_FIFO/USE_SRL_FIFO.I_SYNC_FIFO/I_SRL_FIFO_RBU_F/DYNSHREG_F_I/INFERRED_GEN.data_reg[3][20]_srl4/CLK
High Pulse Width  Slow    PS8/MAXIGP0ACLK     n/a            1.500         5.156       3.656      PS8_X0Y0      dma_config_fir_i/zynq_ultra_ps_e_0/inst/PS8_i/MAXIGP0ACLK
High Pulse Width  Fast    PS8/MAXIGP0ACLK     n/a            1.500         5.156       3.656      PS8_X0Y0      dma_config_fir_i/zynq_ultra_ps_e_0/inst/PS8_i/MAXIGP0ACLK
High Pulse Width  Slow    SRL16E/CLK          n/a            0.762         5.156       4.394      SLICE_X21Y77  dma_config_fir_i/axi_dma_0/U0/I_PRMRY_DATAMOVER/GEN_MM2S_FULL.I_MM2S_FULL_WRAPPER/I_ADDR_CNTL/GEN_ADDR_FIFO.I_ADDR_QUAL_FIFO/USE_SRL_FIFO.I_SYNC_FIFO/I_SRL_FIFO_RBU_F/DYNSHREG_F_I/INFERRED_GEN.data_reg[3][11]_srl4/CLK
High Pulse Width  Fast    SRL16E/CLK          n/a            0.762         5.156       4.394      SLICE_X21Y77  dma_config_fir_i/axi_dma_0/U0/I_PRMRY_DATAMOVER/GEN_MM2S_FULL.I_MM2S_FULL_WRAPPER/I_ADDR_CNTL/GEN_ADDR_FIFO.I_ADDR_QUAL_FIFO/USE_SRL_FIFO.I_SYNC_FIFO/I_SRL_FIFO_RBU_F/DYNSHREG_F_I/INFERRED_GEN.data_reg[3][11]_srl4/CLK
High Pulse Width  Slow    SRL16E/CLK          n/a            0.762         5.156       4.394      SLICE_X21Y77  dma_config_fir_i/axi_dma_0/U0/I_PRMRY_DATAMOVER/GEN_MM2S_FULL.I_MM2S_FULL_WRAPPER/I_ADDR_CNTL/GEN_ADDR_FIFO.I_ADDR_QUAL_FIFO/USE_SRL_FIFO.I_SYNC_FIFO/I_SRL_FIFO_RBU_F/DYNSHREG_F_I/INFERRED_GEN.data_reg[3][13]_srl4/CLK
High Pulse Width  Fast    SRL16E/CLK          n/a            0.762         5.156       4.394      SLICE_X21Y77  dma_config_fir_i/axi_dma_0/U0/I_PRMRY_DATAMOVER/GEN_MM2S_FULL.I_MM2S_FULL_WRAPPER/I_ADDR_CNTL/GEN_ADDR_FIFO.I_ADDR_QUAL_FIFO/USE_SRL_FIFO.I_SYNC_FIFO/I_SRL_FIFO_RBU_F/DYNSHREG_F_I/INFERRED_GEN.data_reg[3][13]_srl4/CLK
High Pulse Width  Slow    SRL16E/CLK          n/a            0.762         5.156       4.394      SLICE_X21Y77  dma_config_fir_i/axi_dma_0/U0/I_PRMRY_DATAMOVER/GEN_MM2S_FULL.I_MM2S_FULL_WRAPPER/I_ADDR_CNTL/GEN_ADDR_FIFO.I_ADDR_QUAL_FIFO/USE_SRL_FIFO.I_SYNC_FIFO/I_SRL_FIFO_RBU_F/DYNSHREG_F_I/INFERRED_GEN.data_reg[3][19]_srl4/CLK
High Pulse Width  Fast    SRL16E/CLK          n/a            0.762         5.156       4.394      SLICE_X21Y77  dma_config_fir_i/axi_dma_0/U0/I_PRMRY_DATAMOVER/GEN_MM2S_FULL.I_MM2S_FULL_WRAPPER/I_ADDR_CNTL/GEN_ADDR_FIFO.I_ADDR_QUAL_FIFO/USE_SRL_FIFO.I_SYNC_FIFO/I_SRL_FIFO_RBU_F/DYNSHREG_F_I/INFERRED_GEN.data_reg[3][19]_srl4/CLK
High Pulse Width  Slow    SRL16E/CLK          n/a            0.762         5.156       4.394      SLICE_X21Y77  dma_config_fir_i/axi_dma_0/U0/I_PRMRY_DATAMOVER/GEN_MM2S_FULL.I_MM2S_FULL_WRAPPER/I_ADDR_CNTL/GEN_ADDR_FIFO.I_ADDR_QUAL_FIFO/USE_SRL_FIFO.I_SYNC_FIFO/I_SRL_FIFO_RBU_F/DYNSHREG_F_I/INFERRED_GEN.data_reg[3][20]_srl4/CLK
High Pulse Width  Fast    SRL16E/CLK          n/a            0.762         5.156       4.394      SLICE_X21Y77  dma_config_fir_i/axi_dma_0/U0/I_PRMRY_DATAMOVER/GEN_MM2S_FULL.I_MM2S_FULL_WRAPPER/I_ADDR_CNTL/GEN_ADDR_FIFO.I_ADDR_QUAL_FIFO/USE_SRL_FIFO.I_SYNC_FIFO/I_SRL_FIFO_RBU_F/DYNSHREG_F_I/INFERRED_GEN.data_reg[3][20]_srl4/CLK



--------------------------------------------------------------------------------------
Path Group:  (none)
From Clock:  
  To Clock:  clk_pl_0

Max Delay             1 Endpoint
Min Delay             1 Endpoint
--------------------------------------------------------------------------------------


Max Delay Paths
--------------------------------------------------------------------------------------
Slack:                    inf
  Source:                 dma_config_fir_i/zynq_ultra_ps_e_0/inst/PS8_i/EMIOGPIOO[95]
                            (internal pin)
  Destination:            dma_config_fir_i/proc_sys_reset_0/U0/EXT_LPF/ACTIVE_LOW_EXT.ACT_LO_EXT/GENERATE_LEVEL_P_S_CDC.SINGLE_BIT.CROSS_PLEVEL_IN2SCNDRY_IN_cdc_to/D
                            (rising edge-triggered cell FDRE clocked by clk_pl_0  {rise@0.000ns fall@5.156ns period=10.312ns})
  Path Group:             (none)
  Path Type:              Setup (Max at Slow Process Corner)
  Data Path Delay:        2.960ns  (logic 0.223ns (7.534%)  route 2.737ns (92.466%))
  Logic Levels:           1  (LUT1=1)
  Clock Uncertainty:      0.157ns  ((TSJ^2 + DJ^2)^1/2) / 2 + PE
    Total System Jitter     (TSJ):    0.050ns
    Discrete Jitter          (DJ):    0.310ns
    Phase Error              (PE):    0.000ns
  Clock Net Delay (Destination): 2.804ns (routing 1.450ns, distribution 1.354ns)
  Timing Exception:       False Path

    Location             Delay type                Incr(ns)  Path(ns)    Netlist Resource(s)
  -------------------------------------------------------------------    -------------------
    PS8_X0Y0             PS8                          0.000     0.000 f  dma_config_fir_i/zynq_ultra_ps_e_0/inst/PS8_i/EMIOGPIOO[95]
                         net (fo=1, routed)           2.330     2.330    dma_config_fir_i/proc_sys_reset_0/U0/EXT_LPF/ACTIVE_LOW_EXT.ACT_LO_EXT/ext_reset_in
    SLICE_X15Y45         LUT1 (Prop_E6LUT_SLICEL_I0_O)
                                                      0.223     2.553 r  dma_config_fir_i/proc_sys_reset_0/U0/EXT_LPF/ACTIVE_LOW_EXT.ACT_LO_EXT/GENERATE_LEVEL_P_S_CDC.SINGLE_BIT.CROSS_PLEVEL_IN2SCNDRY_IN_cdc_to_i_1/O
                         net (fo=1, routed)           0.407     2.960    dma_config_fir_i/proc_sys_reset_0/U0/EXT_LPF/ACTIVE_LOW_EXT.ACT_LO_EXT/exr_d1
    SLICE_X15Y45         FDRE                                         r  dma_config_fir_i/proc_sys_reset_0/U0/EXT_LPF/ACTIVE_LOW_EXT.ACT_LO_EXT/GENERATE_LEVEL_P_S_CDC.SINGLE_BIT.CROSS_PLEVEL_IN2SCNDRY_IN_cdc_to/D
  -------------------------------------------------------------------    -------------------

                         (clock clk_pl_0 rise edge)
                                                      0.000     0.000 r  
    PS8_X0Y0             PS8                          0.000     0.000 r  dma_config_fir_i/zynq_ultra_ps_e_0/inst/PS8_i/PLCLK[0]
                         net (fo=1, routed)           0.181     0.181    dma_config_fir_i/zynq_ultra_ps_e_0/inst/pl_clk_unbuffered[0]
    BUFG_PS_X0Y80        BUFG_PS (Prop_BUFG_PS_I_O)
                                                      0.035     0.216 r  dma_config_fir_i/zynq_ultra_ps_e_0/inst/buffer_pl_clk_0.PL_CLK_0_BUFG/O
    X1Y1 (CLOCK_ROOT)    net (fo=17127, routed)       2.804     3.020    dma_config_fir_i/proc_sys_reset_0/U0/EXT_LPF/ACTIVE_LOW_EXT.ACT_LO_EXT/slowest_sync_clk
    SLICE_X15Y45         FDRE                                         r  dma_config_fir_i/proc_sys_reset_0/U0/EXT_LPF/ACTIVE_LOW_EXT.ACT_LO_EXT/GENERATE_LEVEL_P_S_CDC.SINGLE_BIT.CROSS_PLEVEL_IN2SCNDRY_IN_cdc_to/C





Min Delay Paths
--------------------------------------------------------------------------------------
Slack:                    inf
  Source:                 dma_config_fir_i/zynq_ultra_ps_e_0/inst/PS8_i/EMIOGPIOO[95]
                            (internal pin)
  Destination:            dma_config_fir_i/proc_sys_reset_0/U0/EXT_LPF/ACTIVE_LOW_EXT.ACT_LO_EXT/GENERATE_LEVEL_P_S_CDC.SINGLE_BIT.CROSS_PLEVEL_IN2SCNDRY_IN_cdc_to/D
                            (rising edge-triggered cell FDRE clocked by clk_pl_0  {rise@0.000ns fall@5.156ns period=10.312ns})
  Path Group:             (none)
  Path Type:              Hold (Min at Fast Process Corner)
  Data Path Delay:        1.189ns  (logic 0.103ns (8.663%)  route 1.086ns (91.337%))
  Logic Levels:           1  (LUT1=1)
  Clock Uncertainty:      0.157ns  ((TSJ^2 + DJ^2)^1/2) / 2 + PE
    Total System Jitter     (TSJ):    0.050ns
    Discrete Jitter          (DJ):    0.310ns
    Phase Error              (PE):    0.000ns
  Clock Net Delay (Destination): 1.865ns (routing 0.971ns, distribution 0.894ns)
  Timing Exception:       False Path

    Location             Delay type                Incr(ns)  Path(ns)    Netlist Resource(s)
  -------------------------------------------------------------------    -------------------
    PS8_X0Y0             PS8                          0.000     0.000 f  dma_config_fir_i/zynq_ultra_ps_e_0/inst/PS8_i/EMIOGPIOO[95]
                         net (fo=1, routed)           0.958     0.958    dma_config_fir_i/proc_sys_reset_0/U0/EXT_LPF/ACTIVE_LOW_EXT.ACT_LO_EXT/ext_reset_in
    SLICE_X15Y45         LUT1 (Prop_E6LUT_SLICEL_I0_O)
                                                      0.103     1.061 r  dma_config_fir_i/proc_sys_reset_0/U0/EXT_LPF/ACTIVE_LOW_EXT.ACT_LO_EXT/GENERATE_LEVEL_P_S_CDC.SINGLE_BIT.CROSS_PLEVEL_IN2SCNDRY_IN_cdc_to_i_1/O
                         net (fo=1, routed)           0.128     1.189    dma_config_fir_i/proc_sys_reset_0/U0/EXT_LPF/ACTIVE_LOW_EXT.ACT_LO_EXT/exr_d1
    SLICE_X15Y45         FDRE                                         r  dma_config_fir_i/proc_sys_reset_0/U0/EXT_LPF/ACTIVE_LOW_EXT.ACT_LO_EXT/GENERATE_LEVEL_P_S_CDC.SINGLE_BIT.CROSS_PLEVEL_IN2SCNDRY_IN_cdc_to/D
  -------------------------------------------------------------------    -------------------

                         (clock clk_pl_0 rise edge)
                                                      0.000     0.000 r  
    PS8_X0Y0             PS8                          0.000     0.000 r  dma_config_fir_i/zynq_ultra_ps_e_0/inst/PS8_i/PLCLK[0]
                         net (fo=1, routed)           0.164     0.164    dma_config_fir_i/zynq_ultra_ps_e_0/inst/pl_clk_unbuffered[0]
    BUFG_PS_X0Y80        BUFG_PS (Prop_BUFG_PS_I_O)
                                                      0.023     0.187 r  dma_config_fir_i/zynq_ultra_ps_e_0/inst/buffer_pl_clk_0.PL_CLK_0_BUFG/O
    X1Y1 (CLOCK_ROOT)    net (fo=17127, routed)       1.865     2.052    dma_config_fir_i/proc_sys_reset_0/U0/EXT_LPF/ACTIVE_LOW_EXT.ACT_LO_EXT/slowest_sync_clk
    SLICE_X15Y45         FDRE                                         r  dma_config_fir_i/proc_sys_reset_0/U0/EXT_LPF/ACTIVE_LOW_EXT.ACT_LO_EXT/GENERATE_LEVEL_P_S_CDC.SINGLE_BIT.CROSS_PLEVEL_IN2SCNDRY_IN_cdc_to/C





--------------------------------------------------------------------------------------
Path Group:  (none)
From Clock:  clk_pl_0
  To Clock:  clk_pl_0

Max Delay           108 Endpoints
Min Delay           108 Endpoints
--------------------------------------------------------------------------------------


Max Delay Paths
--------------------------------------------------------------------------------------
Slack:                    inf
  Source:                 dma_config_fir_i/smartconnect_0/inst/clk_map/psr_aclk/U0/ACTIVE_LOW_BSR_OUT_DFF[0].FDRE_BSR_N/C
                            (rising edge-triggered cell FDRE clocked by clk_pl_0  {rise@0.000ns fall@5.156ns period=10.312ns})
  Destination:            dma_config_fir_i/smartconnect_0/inst/m00_nodes/m00_ar_node/inst/s_sc_xpm_cdc_async_rst_inst/arststages_ff_reg[0]/CLR
                            (recovery check against rising-edge clock clk_pl_0  {rise@0.000ns fall@5.156ns period=10.312ns})
  Path Group:             (none)
  Path Type:              Recovery (Max at Slow Process Corner)
  Data Path Delay:        3.247ns  (logic 0.113ns (3.480%)  route 3.134ns (96.520%))
  Logic Levels:           0  
  Clock Path Skew:        -0.508ns (DCD - SCD + CPR)
    Destination Clock Delay (DCD):    2.837ns
    Source Clock Delay      (SCD):    3.345ns
    Clock Pessimism Removal (CPR):    0.000ns
  Clock Uncertainty:      0.159ns  ((TSJ^2 + DJ^2)^1/2) / 2 + PE
    Total System Jitter     (TSJ):    0.071ns
    Discrete Jitter          (DJ):    0.310ns
    Phase Error              (PE):    0.000ns
  Clock Net Delay (Source):      3.078ns (routing 1.584ns, distribution 1.494ns)
  Clock Net Delay (Destination): 2.621ns (routing 1.450ns, distribution 1.171ns)
  Timing Exception:       False Path

    Location             Delay type                Incr(ns)  Path(ns)    Netlist Resource(s)
  -------------------------------------------------------------------    -------------------
                         (clock clk_pl_0 rise edge)
                                                      0.000     0.000 r  
    PS8_X0Y0             PS8                          0.000     0.000 r  dma_config_fir_i/zynq_ultra_ps_e_0/inst/PS8_i/PLCLK[0]
                         net (fo=1, routed)           0.229     0.229    dma_config_fir_i/zynq_ultra_ps_e_0/inst/pl_clk_unbuffered[0]
    BUFG_PS_X0Y80        BUFG_PS (Prop_BUFG_PS_I_O)
                                                      0.038     0.267 r  dma_config_fir_i/zynq_ultra_ps_e_0/inst/buffer_pl_clk_0.PL_CLK_0_BUFG/O
    X1Y1 (CLOCK_ROOT)    net (fo=17127, routed)       3.078     3.345    dma_config_fir_i/smartconnect_0/inst/clk_map/psr_aclk/U0/aclk
    SLICE_X17Y41         FDRE                                         r  dma_config_fir_i/smartconnect_0/inst/clk_map/psr_aclk/U0/ACTIVE_LOW_BSR_OUT_DFF[0].FDRE_BSR_N/C
  -------------------------------------------------------------------    -------------------
    SLICE_X17Y41         FDRE (Prop_EFF_SLICEM_C_Q)
                                                      0.113     3.458 r  dma_config_fir_i/smartconnect_0/inst/clk_map/psr_aclk/U0/ACTIVE_LOW_BSR_OUT_DFF[0].FDRE_BSR_N/Q
                         net (fo=105, routed)         3.134     6.592    dma_config_fir_i/smartconnect_0/inst/m00_nodes/m00_ar_node/inst/s_sc_xpm_cdc_async_rst_inst/src_arst
    SLICE_X25Y93         FDCE                                         f  dma_config_fir_i/smartconnect_0/inst/m00_nodes/m00_ar_node/inst/s_sc_xpm_cdc_async_rst_inst/arststages_ff_reg[0]/CLR  (IS_INVERTED)
  -------------------------------------------------------------------    -------------------

                         (clock clk_pl_0 rise edge)
                                                      0.000     0.000 r  
    PS8_X0Y0             PS8                          0.000     0.000 r  dma_config_fir_i/zynq_ultra_ps_e_0/inst/PS8_i/PLCLK[0]
                         net (fo=1, routed)           0.181     0.181    dma_config_fir_i/zynq_ultra_ps_e_0/inst/pl_clk_unbuffered[0]
    BUFG_PS_X0Y80        BUFG_PS (Prop_BUFG_PS_I_O)
                                                      0.035     0.216 r  dma_config_fir_i/zynq_ultra_ps_e_0/inst/buffer_pl_clk_0.PL_CLK_0_BUFG/O
    X1Y1 (CLOCK_ROOT)    net (fo=17127, routed)       2.621     2.837    dma_config_fir_i/smartconnect_0/inst/m00_nodes/m00_ar_node/inst/s_sc_xpm_cdc_async_rst_inst/dest_clk
    SLICE_X25Y93         FDCE                                         r  dma_config_fir_i/smartconnect_0/inst/m00_nodes/m00_ar_node/inst/s_sc_xpm_cdc_async_rst_inst/arststages_ff_reg[0]/C

Slack:                    inf
  Source:                 dma_config_fir_i/smartconnect_0/inst/clk_map/psr_aclk/U0/ACTIVE_LOW_BSR_OUT_DFF[0].FDRE_BSR_N/C
                            (rising edge-triggered cell FDRE clocked by clk_pl_0  {rise@0.000ns fall@5.156ns period=10.312ns})
  Destination:            dma_config_fir_i/smartconnect_0/inst/m00_nodes/m00_ar_node/inst/s_sc_xpm_cdc_async_rst_inst/arststages_ff_reg[1]/CLR
                            (recovery check against rising-edge clock clk_pl_0  {rise@0.000ns fall@5.156ns period=10.312ns})
  Path Group:             (none)
  Path Type:              Recovery (Max at Slow Process Corner)
  Data Path Delay:        3.247ns  (logic 0.113ns (3.480%)  route 3.134ns (96.520%))
  Logic Levels:           0  
  Clock Path Skew:        -0.508ns (DCD - SCD + CPR)
    Destination Clock Delay (DCD):    2.837ns
    Source Clock Delay      (SCD):    3.345ns
    Clock Pessimism Removal (CPR):    0.000ns
  Clock Uncertainty:      0.159ns  ((TSJ^2 + DJ^2)^1/2) / 2 + PE
    Total System Jitter     (TSJ):    0.071ns
    Discrete Jitter          (DJ):    0.310ns
    Phase Error              (PE):    0.000ns
  Clock Net Delay (Source):      3.078ns (routing 1.584ns, distribution 1.494ns)
  Clock Net Delay (Destination): 2.621ns (routing 1.450ns, distribution 1.171ns)
  Timing Exception:       False Path

    Location             Delay type                Incr(ns)  Path(ns)    Netlist Resource(s)
  -------------------------------------------------------------------    -------------------
                         (clock clk_pl_0 rise edge)
                                                      0.000     0.000 r  
    PS8_X0Y0             PS8                          0.000     0.000 r  dma_config_fir_i/zynq_ultra_ps_e_0/inst/PS8_i/PLCLK[0]
                         net (fo=1, routed)           0.229     0.229    dma_config_fir_i/zynq_ultra_ps_e_0/inst/pl_clk_unbuffered[0]
    BUFG_PS_X0Y80        BUFG_PS (Prop_BUFG_PS_I_O)
                                                      0.038     0.267 r  dma_config_fir_i/zynq_ultra_ps_e_0/inst/buffer_pl_clk_0.PL_CLK_0_BUFG/O
    X1Y1 (CLOCK_ROOT)    net (fo=17127, routed)       3.078     3.345    dma_config_fir_i/smartconnect_0/inst/clk_map/psr_aclk/U0/aclk
    SLICE_X17Y41         FDRE                                         r  dma_config_fir_i/smartconnect_0/inst/clk_map/psr_aclk/U0/ACTIVE_LOW_BSR_OUT_DFF[0].FDRE_BSR_N/C
  -------------------------------------------------------------------    -------------------
    SLICE_X17Y41         FDRE (Prop_EFF_SLICEM_C_Q)
                                                      0.113     3.458 r  dma_config_fir_i/smartconnect_0/inst/clk_map/psr_aclk/U0/ACTIVE_LOW_BSR_OUT_DFF[0].FDRE_BSR_N/Q
                         net (fo=105, routed)         3.134     6.592    dma_config_fir_i/smartconnect_0/inst/m00_nodes/m00_ar_node/inst/s_sc_xpm_cdc_async_rst_inst/src_arst
    SLICE_X25Y93         FDCE                                         f  dma_config_fir_i/smartconnect_0/inst/m00_nodes/m00_ar_node/inst/s_sc_xpm_cdc_async_rst_inst/arststages_ff_reg[1]/CLR  (IS_INVERTED)
  -------------------------------------------------------------------    -------------------

                         (clock clk_pl_0 rise edge)
                                                      0.000     0.000 r  
    PS8_X0Y0             PS8                          0.000     0.000 r  dma_config_fir_i/zynq_ultra_ps_e_0/inst/PS8_i/PLCLK[0]
                         net (fo=1, routed)           0.181     0.181    dma_config_fir_i/zynq_ultra_ps_e_0/inst/pl_clk_unbuffered[0]
    BUFG_PS_X0Y80        BUFG_PS (Prop_BUFG_PS_I_O)
                                                      0.035     0.216 r  dma_config_fir_i/zynq_ultra_ps_e_0/inst/buffer_pl_clk_0.PL_CLK_0_BUFG/O
    X1Y1 (CLOCK_ROOT)    net (fo=17127, routed)       2.621     2.837    dma_config_fir_i/smartconnect_0/inst/m00_nodes/m00_ar_node/inst/s_sc_xpm_cdc_async_rst_inst/dest_clk
    SLICE_X25Y93         FDCE                                         r  dma_config_fir_i/smartconnect_0/inst/m00_nodes/m00_ar_node/inst/s_sc_xpm_cdc_async_rst_inst/arststages_ff_reg[1]/C

Slack:                    inf
  Source:                 dma_config_fir_i/smartconnect_0/inst/clk_map/psr_aclk/U0/ACTIVE_LOW_BSR_OUT_DFF[0].FDRE_BSR_N/C
                            (rising edge-triggered cell FDRE clocked by clk_pl_0  {rise@0.000ns fall@5.156ns period=10.312ns})
  Destination:            dma_config_fir_i/smartconnect_0/inst/m00_nodes/m00_ar_node/inst/s_sc_xpm_cdc_async_rst_inst/arststages_ff_reg[2]/CLR
                            (recovery check against rising-edge clock clk_pl_0  {rise@0.000ns fall@5.156ns period=10.312ns})
  Path Group:             (none)
  Path Type:              Recovery (Max at Slow Process Corner)
  Data Path Delay:        3.247ns  (logic 0.113ns (3.480%)  route 3.134ns (96.520%))
  Logic Levels:           0  
  Clock Path Skew:        -0.508ns (DCD - SCD + CPR)
    Destination Clock Delay (DCD):    2.837ns
    Source Clock Delay      (SCD):    3.345ns
    Clock Pessimism Removal (CPR):    0.000ns
  Clock Uncertainty:      0.159ns  ((TSJ^2 + DJ^2)^1/2) / 2 + PE
    Total System Jitter     (TSJ):    0.071ns
    Discrete Jitter          (DJ):    0.310ns
    Phase Error              (PE):    0.000ns
  Clock Net Delay (Source):      3.078ns (routing 1.584ns, distribution 1.494ns)
  Clock Net Delay (Destination): 2.621ns (routing 1.450ns, distribution 1.171ns)
  Timing Exception:       False Path

    Location             Delay type                Incr(ns)  Path(ns)    Netlist Resource(s)
  -------------------------------------------------------------------    -------------------
                         (clock clk_pl_0 rise edge)
                                                      0.000     0.000 r  
    PS8_X0Y0             PS8                          0.000     0.000 r  dma_config_fir_i/zynq_ultra_ps_e_0/inst/PS8_i/PLCLK[0]
                         net (fo=1, routed)           0.229     0.229    dma_config_fir_i/zynq_ultra_ps_e_0/inst/pl_clk_unbuffered[0]
    BUFG_PS_X0Y80        BUFG_PS (Prop_BUFG_PS_I_O)
                                                      0.038     0.267 r  dma_config_fir_i/zynq_ultra_ps_e_0/inst/buffer_pl_clk_0.PL_CLK_0_BUFG/O
    X1Y1 (CLOCK_ROOT)    net (fo=17127, routed)       3.078     3.345    dma_config_fir_i/smartconnect_0/inst/clk_map/psr_aclk/U0/aclk
    SLICE_X17Y41         FDRE                                         r  dma_config_fir_i/smartconnect_0/inst/clk_map/psr_aclk/U0/ACTIVE_LOW_BSR_OUT_DFF[0].FDRE_BSR_N/C
  -------------------------------------------------------------------    -------------------
    SLICE_X17Y41         FDRE (Prop_EFF_SLICEM_C_Q)
                                                      0.113     3.458 r  dma_config_fir_i/smartconnect_0/inst/clk_map/psr_aclk/U0/ACTIVE_LOW_BSR_OUT_DFF[0].FDRE_BSR_N/Q
                         net (fo=105, routed)         3.134     6.592    dma_config_fir_i/smartconnect_0/inst/m00_nodes/m00_ar_node/inst/s_sc_xpm_cdc_async_rst_inst/src_arst
    SLICE_X25Y93         FDCE                                         f  dma_config_fir_i/smartconnect_0/inst/m00_nodes/m00_ar_node/inst/s_sc_xpm_cdc_async_rst_inst/arststages_ff_reg[2]/CLR  (IS_INVERTED)
  -------------------------------------------------------------------    -------------------

                         (clock clk_pl_0 rise edge)
                                                      0.000     0.000 r  
    PS8_X0Y0             PS8                          0.000     0.000 r  dma_config_fir_i/zynq_ultra_ps_e_0/inst/PS8_i/PLCLK[0]
                         net (fo=1, routed)           0.181     0.181    dma_config_fir_i/zynq_ultra_ps_e_0/inst/pl_clk_unbuffered[0]
    BUFG_PS_X0Y80        BUFG_PS (Prop_BUFG_PS_I_O)
                                                      0.035     0.216 r  dma_config_fir_i/zynq_ultra_ps_e_0/inst/buffer_pl_clk_0.PL_CLK_0_BUFG/O
    X1Y1 (CLOCK_ROOT)    net (fo=17127, routed)       2.621     2.837    dma_config_fir_i/smartconnect_0/inst/m00_nodes/m00_ar_node/inst/s_sc_xpm_cdc_async_rst_inst/dest_clk
    SLICE_X25Y93         FDCE                                         r  dma_config_fir_i/smartconnect_0/inst/m00_nodes/m00_ar_node/inst/s_sc_xpm_cdc_async_rst_inst/arststages_ff_reg[2]/C

Slack:                    inf
  Source:                 dma_config_fir_i/smartconnect_0/inst/clk_map/psr_aclk/U0/ACTIVE_LOW_BSR_OUT_DFF[0].FDRE_BSR_N/C
                            (rising edge-triggered cell FDRE clocked by clk_pl_0  {rise@0.000ns fall@5.156ns period=10.312ns})
  Destination:            dma_config_fir_i/smartconnect_0/inst/s01_nodes/s01_r_node/inst/s_sc_xpm_cdc_async_rst_inst/arststages_ff_reg[0]/CLR
                            (recovery check against rising-edge clock clk_pl_0  {rise@0.000ns fall@5.156ns period=10.312ns})
  Path Group:             (none)
  Path Type:              Recovery (Max at Slow Process Corner)
  Data Path Delay:        3.192ns  (logic 0.113ns (3.540%)  route 3.079ns (96.460%))
  Logic Levels:           0  
  Clock Path Skew:        -0.452ns (DCD - SCD + CPR)
    Destination Clock Delay (DCD):    2.893ns
    Source Clock Delay      (SCD):    3.345ns
    Clock Pessimism Removal (CPR):    0.000ns
  Clock Uncertainty:      0.159ns  ((TSJ^2 + DJ^2)^1/2) / 2 + PE
    Total System Jitter     (TSJ):    0.071ns
    Discrete Jitter          (DJ):    0.310ns
    Phase Error              (PE):    0.000ns
  Clock Net Delay (Source):      3.078ns (routing 1.584ns, distribution 1.494ns)
  Clock Net Delay (Destination): 2.677ns (routing 1.450ns, distribution 1.227ns)
  Timing Exception:       False Path

    Location             Delay type                Incr(ns)  Path(ns)    Netlist Resource(s)
  -------------------------------------------------------------------    -------------------
                         (clock clk_pl_0 rise edge)
                                                      0.000     0.000 r  
    PS8_X0Y0             PS8                          0.000     0.000 r  dma_config_fir_i/zynq_ultra_ps_e_0/inst/PS8_i/PLCLK[0]
                         net (fo=1, routed)           0.229     0.229    dma_config_fir_i/zynq_ultra_ps_e_0/inst/pl_clk_unbuffered[0]
    BUFG_PS_X0Y80        BUFG_PS (Prop_BUFG_PS_I_O)
                                                      0.038     0.267 r  dma_config_fir_i/zynq_ultra_ps_e_0/inst/buffer_pl_clk_0.PL_CLK_0_BUFG/O
    X1Y1 (CLOCK_ROOT)    net (fo=17127, routed)       3.078     3.345    dma_config_fir_i/smartconnect_0/inst/clk_map/psr_aclk/U0/aclk
    SLICE_X17Y41         FDRE                                         r  dma_config_fir_i/smartconnect_0/inst/clk_map/psr_aclk/U0/ACTIVE_LOW_BSR_OUT_DFF[0].FDRE_BSR_N/C
  -------------------------------------------------------------------    -------------------
    SLICE_X17Y41         FDRE (Prop_EFF_SLICEM_C_Q)
                                                      0.113     3.458 r  dma_config_fir_i/smartconnect_0/inst/clk_map/psr_aclk/U0/ACTIVE_LOW_BSR_OUT_DFF[0].FDRE_BSR_N/Q
                         net (fo=105, routed)         3.079     6.537    dma_config_fir_i/smartconnect_0/inst/s01_nodes/s01_r_node/inst/s_sc_xpm_cdc_async_rst_inst/src_arst
    SLICE_X23Y120        FDCE                                         f  dma_config_fir_i/smartconnect_0/inst/s01_nodes/s01_r_node/inst/s_sc_xpm_cdc_async_rst_inst/arststages_ff_reg[0]/CLR  (IS_INVERTED)
  -------------------------------------------------------------------    -------------------

                         (clock clk_pl_0 rise edge)
                                                      0.000     0.000 r  
    PS8_X0Y0             PS8                          0.000     0.000 r  dma_config_fir_i/zynq_ultra_ps_e_0/inst/PS8_i/PLCLK[0]
                         net (fo=1, routed)           0.181     0.181    dma_config_fir_i/zynq_ultra_ps_e_0/inst/pl_clk_unbuffered[0]
    BUFG_PS_X0Y80        BUFG_PS (Prop_BUFG_PS_I_O)
                                                      0.035     0.216 r  dma_config_fir_i/zynq_ultra_ps_e_0/inst/buffer_pl_clk_0.PL_CLK_0_BUFG/O
    X1Y1 (CLOCK_ROOT)    net (fo=17127, routed)       2.677     2.893    dma_config_fir_i/smartconnect_0/inst/s01_nodes/s01_r_node/inst/s_sc_xpm_cdc_async_rst_inst/dest_clk
    SLICE_X23Y120        FDCE                                         r  dma_config_fir_i/smartconnect_0/inst/s01_nodes/s01_r_node/inst/s_sc_xpm_cdc_async_rst_inst/arststages_ff_reg[0]/C

Slack:                    inf
  Source:                 dma_config_fir_i/smartconnect_0/inst/clk_map/psr_aclk/U0/ACTIVE_LOW_BSR_OUT_DFF[0].FDRE_BSR_N/C
                            (rising edge-triggered cell FDRE clocked by clk_pl_0  {rise@0.000ns fall@5.156ns period=10.312ns})
  Destination:            dma_config_fir_i/smartconnect_0/inst/s01_nodes/s01_r_node/inst/s_sc_xpm_cdc_async_rst_inst/arststages_ff_reg[1]/CLR
                            (recovery check against rising-edge clock clk_pl_0  {rise@0.000ns fall@5.156ns period=10.312ns})
  Path Group:             (none)
  Path Type:              Recovery (Max at Slow Process Corner)
  Data Path Delay:        3.192ns  (logic 0.113ns (3.540%)  route 3.079ns (96.460%))
  Logic Levels:           0  
  Clock Path Skew:        -0.452ns (DCD - SCD + CPR)
    Destination Clock Delay (DCD):    2.893ns
    Source Clock Delay      (SCD):    3.345ns
    Clock Pessimism Removal (CPR):    0.000ns
  Clock Uncertainty:      0.159ns  ((TSJ^2 + DJ^2)^1/2) / 2 + PE
    Total System Jitter     (TSJ):    0.071ns
    Discrete Jitter          (DJ):    0.310ns
    Phase Error              (PE):    0.000ns
  Clock Net Delay (Source):      3.078ns (routing 1.584ns, distribution 1.494ns)
  Clock Net Delay (Destination): 2.677ns (routing 1.450ns, distribution 1.227ns)
  Timing Exception:       False Path

    Location             Delay type                Incr(ns)  Path(ns)    Netlist Resource(s)
  -------------------------------------------------------------------    -------------------
                         (clock clk_pl_0 rise edge)
                                                      0.000     0.000 r  
    PS8_X0Y0             PS8                          0.000     0.000 r  dma_config_fir_i/zynq_ultra_ps_e_0/inst/PS8_i/PLCLK[0]
                         net (fo=1, routed)           0.229     0.229    dma_config_fir_i/zynq_ultra_ps_e_0/inst/pl_clk_unbuffered[0]
    BUFG_PS_X0Y80        BUFG_PS (Prop_BUFG_PS_I_O)
                                                      0.038     0.267 r  dma_config_fir_i/zynq_ultra_ps_e_0/inst/buffer_pl_clk_0.PL_CLK_0_BUFG/O
    X1Y1 (CLOCK_ROOT)    net (fo=17127, routed)       3.078     3.345    dma_config_fir_i/smartconnect_0/inst/clk_map/psr_aclk/U0/aclk
    SLICE_X17Y41         FDRE                                         r  dma_config_fir_i/smartconnect_0/inst/clk_map/psr_aclk/U0/ACTIVE_LOW_BSR_OUT_DFF[0].FDRE_BSR_N/C
  -------------------------------------------------------------------    -------------------
    SLICE_X17Y41         FDRE (Prop_EFF_SLICEM_C_Q)
                                                      0.113     3.458 r  dma_config_fir_i/smartconnect_0/inst/clk_map/psr_aclk/U0/ACTIVE_LOW_BSR_OUT_DFF[0].FDRE_BSR_N/Q
                         net (fo=105, routed)         3.079     6.537    dma_config_fir_i/smartconnect_0/inst/s01_nodes/s01_r_node/inst/s_sc_xpm_cdc_async_rst_inst/src_arst
    SLICE_X23Y120        FDCE                                         f  dma_config_fir_i/smartconnect_0/inst/s01_nodes/s01_r_node/inst/s_sc_xpm_cdc_async_rst_inst/arststages_ff_reg[1]/CLR  (IS_INVERTED)
  -------------------------------------------------------------------    -------------------

                         (clock clk_pl_0 rise edge)
                                                      0.000     0.000 r  
    PS8_X0Y0             PS8                          0.000     0.000 r  dma_config_fir_i/zynq_ultra_ps_e_0/inst/PS8_i/PLCLK[0]
                         net (fo=1, routed)           0.181     0.181    dma_config_fir_i/zynq_ultra_ps_e_0/inst/pl_clk_unbuffered[0]
    BUFG_PS_X0Y80        BUFG_PS (Prop_BUFG_PS_I_O)
                                                      0.035     0.216 r  dma_config_fir_i/zynq_ultra_ps_e_0/inst/buffer_pl_clk_0.PL_CLK_0_BUFG/O
    X1Y1 (CLOCK_ROOT)    net (fo=17127, routed)       2.677     2.893    dma_config_fir_i/smartconnect_0/inst/s01_nodes/s01_r_node/inst/s_sc_xpm_cdc_async_rst_inst/dest_clk
    SLICE_X23Y120        FDCE                                         r  dma_config_fir_i/smartconnect_0/inst/s01_nodes/s01_r_node/inst/s_sc_xpm_cdc_async_rst_inst/arststages_ff_reg[1]/C

Slack:                    inf
  Source:                 dma_config_fir_i/smartconnect_0/inst/clk_map/psr_aclk/U0/ACTIVE_LOW_BSR_OUT_DFF[0].FDRE_BSR_N/C
                            (rising edge-triggered cell FDRE clocked by clk_pl_0  {rise@0.000ns fall@5.156ns period=10.312ns})
  Destination:            dma_config_fir_i/smartconnect_0/inst/s01_nodes/s01_r_node/inst/s_sc_xpm_cdc_async_rst_inst/arststages_ff_reg[2]/CLR
                            (recovery check against rising-edge clock clk_pl_0  {rise@0.000ns fall@5.156ns period=10.312ns})
  Path Group:             (none)
  Path Type:              Recovery (Max at Slow Process Corner)
  Data Path Delay:        3.192ns  (logic 0.113ns (3.540%)  route 3.079ns (96.460%))
  Logic Levels:           0  
  Clock Path Skew:        -0.452ns (DCD - SCD + CPR)
    Destination Clock Delay (DCD):    2.893ns
    Source Clock Delay      (SCD):    3.345ns
    Clock Pessimism Removal (CPR):    0.000ns
  Clock Uncertainty:      0.159ns  ((TSJ^2 + DJ^2)^1/2) / 2 + PE
    Total System Jitter     (TSJ):    0.071ns
    Discrete Jitter          (DJ):    0.310ns
    Phase Error              (PE):    0.000ns
  Clock Net Delay (Source):      3.078ns (routing 1.584ns, distribution 1.494ns)
  Clock Net Delay (Destination): 2.677ns (routing 1.450ns, distribution 1.227ns)
  Timing Exception:       False Path

    Location             Delay type                Incr(ns)  Path(ns)    Netlist Resource(s)
  -------------------------------------------------------------------    -------------------
                         (clock clk_pl_0 rise edge)
                                                      0.000     0.000 r  
    PS8_X0Y0             PS8                          0.000     0.000 r  dma_config_fir_i/zynq_ultra_ps_e_0/inst/PS8_i/PLCLK[0]
                         net (fo=1, routed)           0.229     0.229    dma_config_fir_i/zynq_ultra_ps_e_0/inst/pl_clk_unbuffered[0]
    BUFG_PS_X0Y80        BUFG_PS (Prop_BUFG_PS_I_O)
                                                      0.038     0.267 r  dma_config_fir_i/zynq_ultra_ps_e_0/inst/buffer_pl_clk_0.PL_CLK_0_BUFG/O
    X1Y1 (CLOCK_ROOT)    net (fo=17127, routed)       3.078     3.345    dma_config_fir_i/smartconnect_0/inst/clk_map/psr_aclk/U0/aclk
    SLICE_X17Y41         FDRE                                         r  dma_config_fir_i/smartconnect_0/inst/clk_map/psr_aclk/U0/ACTIVE_LOW_BSR_OUT_DFF[0].FDRE_BSR_N/C
  -------------------------------------------------------------------    -------------------
    SLICE_X17Y41         FDRE (Prop_EFF_SLICEM_C_Q)
                                                      0.113     3.458 r  dma_config_fir_i/smartconnect_0/inst/clk_map/psr_aclk/U0/ACTIVE_LOW_BSR_OUT_DFF[0].FDRE_BSR_N/Q
                         net (fo=105, routed)         3.079     6.537    dma_config_fir_i/smartconnect_0/inst/s01_nodes/s01_r_node/inst/s_sc_xpm_cdc_async_rst_inst/src_arst
    SLICE_X23Y120        FDCE                                         f  dma_config_fir_i/smartconnect_0/inst/s01_nodes/s01_r_node/inst/s_sc_xpm_cdc_async_rst_inst/arststages_ff_reg[2]/CLR  (IS_INVERTED)
  -------------------------------------------------------------------    -------------------

                         (clock clk_pl_0 rise edge)
                                                      0.000     0.000 r  
    PS8_X0Y0             PS8                          0.000     0.000 r  dma_config_fir_i/zynq_ultra_ps_e_0/inst/PS8_i/PLCLK[0]
                         net (fo=1, routed)           0.181     0.181    dma_config_fir_i/zynq_ultra_ps_e_0/inst/pl_clk_unbuffered[0]
    BUFG_PS_X0Y80        BUFG_PS (Prop_BUFG_PS_I_O)
                                                      0.035     0.216 r  dma_config_fir_i/zynq_ultra_ps_e_0/inst/buffer_pl_clk_0.PL_CLK_0_BUFG/O
    X1Y1 (CLOCK_ROOT)    net (fo=17127, routed)       2.677     2.893    dma_config_fir_i/smartconnect_0/inst/s01_nodes/s01_r_node/inst/s_sc_xpm_cdc_async_rst_inst/dest_clk
    SLICE_X23Y120        FDCE                                         r  dma_config_fir_i/smartconnect_0/inst/s01_nodes/s01_r_node/inst/s_sc_xpm_cdc_async_rst_inst/arststages_ff_reg[2]/C

Slack:                    inf
  Source:                 dma_config_fir_i/smartconnect_0/inst/clk_map/psr_aclk/U0/ACTIVE_LOW_BSR_OUT_DFF[0].FDRE_BSR_N/C
                            (rising edge-triggered cell FDRE clocked by clk_pl_0  {rise@0.000ns fall@5.156ns period=10.312ns})
  Destination:            dma_config_fir_i/smartconnect_0/inst/m02_nodes/m02_ar_node/inst/s_sc_xpm_cdc_async_rst_inst/arststages_ff_reg[0]/CLR
                            (recovery check against rising-edge clock clk_pl_0  {rise@0.000ns fall@5.156ns period=10.312ns})
  Path Group:             (none)
  Path Type:              Recovery (Max at Slow Process Corner)
  Data Path Delay:        3.122ns  (logic 0.113ns (3.619%)  route 3.009ns (96.381%))
  Logic Levels:           0  
  Clock Path Skew:        -0.503ns (DCD - SCD + CPR)
    Destination Clock Delay (DCD):    2.842ns
    Source Clock Delay      (SCD):    3.345ns
    Clock Pessimism Removal (CPR):    0.000ns
  Clock Uncertainty:      0.159ns  ((TSJ^2 + DJ^2)^1/2) / 2 + PE
    Total System Jitter     (TSJ):    0.071ns
    Discrete Jitter          (DJ):    0.310ns
    Phase Error              (PE):    0.000ns
  Clock Net Delay (Source):      3.078ns (routing 1.584ns, distribution 1.494ns)
  Clock Net Delay (Destination): 2.626ns (routing 1.450ns, distribution 1.176ns)
  Timing Exception:       False Path

    Location             Delay type                Incr(ns)  Path(ns)    Netlist Resource(s)
  -------------------------------------------------------------------    -------------------
                         (clock clk_pl_0 rise edge)
                                                      0.000     0.000 r  
    PS8_X0Y0             PS8                          0.000     0.000 r  dma_config_fir_i/zynq_ultra_ps_e_0/inst/PS8_i/PLCLK[0]
                         net (fo=1, routed)           0.229     0.229    dma_config_fir_i/zynq_ultra_ps_e_0/inst/pl_clk_unbuffered[0]
    BUFG_PS_X0Y80        BUFG_PS (Prop_BUFG_PS_I_O)
                                                      0.038     0.267 r  dma_config_fir_i/zynq_ultra_ps_e_0/inst/buffer_pl_clk_0.PL_CLK_0_BUFG/O
    X1Y1 (CLOCK_ROOT)    net (fo=17127, routed)       3.078     3.345    dma_config_fir_i/smartconnect_0/inst/clk_map/psr_aclk/U0/aclk
    SLICE_X17Y41         FDRE                                         r  dma_config_fir_i/smartconnect_0/inst/clk_map/psr_aclk/U0/ACTIVE_LOW_BSR_OUT_DFF[0].FDRE_BSR_N/C
  -------------------------------------------------------------------    -------------------
    SLICE_X17Y41         FDRE (Prop_EFF_SLICEM_C_Q)
                                                      0.113     3.458 r  dma_config_fir_i/smartconnect_0/inst/clk_map/psr_aclk/U0/ACTIVE_LOW_BSR_OUT_DFF[0].FDRE_BSR_N/Q
                         net (fo=105, routed)         3.009     6.467    dma_config_fir_i/smartconnect_0/inst/m02_nodes/m02_ar_node/inst/s_sc_xpm_cdc_async_rst_inst/src_arst
    SLICE_X25Y103        FDCE                                         f  dma_config_fir_i/smartconnect_0/inst/m02_nodes/m02_ar_node/inst/s_sc_xpm_cdc_async_rst_inst/arststages_ff_reg[0]/CLR  (IS_INVERTED)
  -------------------------------------------------------------------    -------------------

                         (clock clk_pl_0 rise edge)
                                                      0.000     0.000 r  
    PS8_X0Y0             PS8                          0.000     0.000 r  dma_config_fir_i/zynq_ultra_ps_e_0/inst/PS8_i/PLCLK[0]
                         net (fo=1, routed)           0.181     0.181    dma_config_fir_i/zynq_ultra_ps_e_0/inst/pl_clk_unbuffered[0]
    BUFG_PS_X0Y80        BUFG_PS (Prop_BUFG_PS_I_O)
                                                      0.035     0.216 r  dma_config_fir_i/zynq_ultra_ps_e_0/inst/buffer_pl_clk_0.PL_CLK_0_BUFG/O
    X1Y1 (CLOCK_ROOT)    net (fo=17127, routed)       2.626     2.842    dma_config_fir_i/smartconnect_0/inst/m02_nodes/m02_ar_node/inst/s_sc_xpm_cdc_async_rst_inst/dest_clk
    SLICE_X25Y103        FDCE                                         r  dma_config_fir_i/smartconnect_0/inst/m02_nodes/m02_ar_node/inst/s_sc_xpm_cdc_async_rst_inst/arststages_ff_reg[0]/C

Slack:                    inf
  Source:                 dma_config_fir_i/smartconnect_0/inst/clk_map/psr_aclk/U0/ACTIVE_LOW_BSR_OUT_DFF[0].FDRE_BSR_N/C
                            (rising edge-triggered cell FDRE clocked by clk_pl_0  {rise@0.000ns fall@5.156ns period=10.312ns})
  Destination:            dma_config_fir_i/smartconnect_0/inst/m02_nodes/m02_ar_node/inst/s_sc_xpm_cdc_async_rst_inst/arststages_ff_reg[1]/CLR
                            (recovery check against rising-edge clock clk_pl_0  {rise@0.000ns fall@5.156ns period=10.312ns})
  Path Group:             (none)
  Path Type:              Recovery (Max at Slow Process Corner)
  Data Path Delay:        3.122ns  (logic 0.113ns (3.619%)  route 3.009ns (96.381%))
  Logic Levels:           0  
  Clock Path Skew:        -0.503ns (DCD - SCD + CPR)
    Destination Clock Delay (DCD):    2.842ns
    Source Clock Delay      (SCD):    3.345ns
    Clock Pessimism Removal (CPR):    0.000ns
  Clock Uncertainty:      0.159ns  ((TSJ^2 + DJ^2)^1/2) / 2 + PE
    Total System Jitter     (TSJ):    0.071ns
    Discrete Jitter          (DJ):    0.310ns
    Phase Error              (PE):    0.000ns
  Clock Net Delay (Source):      3.078ns (routing 1.584ns, distribution 1.494ns)
  Clock Net Delay (Destination): 2.626ns (routing 1.450ns, distribution 1.176ns)
  Timing Exception:       False Path

    Location             Delay type                Incr(ns)  Path(ns)    Netlist Resource(s)
  -------------------------------------------------------------------    -------------------
                         (clock clk_pl_0 rise edge)
                                                      0.000     0.000 r  
    PS8_X0Y0             PS8                          0.000     0.000 r  dma_config_fir_i/zynq_ultra_ps_e_0/inst/PS8_i/PLCLK[0]
                         net (fo=1, routed)           0.229     0.229    dma_config_fir_i/zynq_ultra_ps_e_0/inst/pl_clk_unbuffered[0]
    BUFG_PS_X0Y80        BUFG_PS (Prop_BUFG_PS_I_O)
                                                      0.038     0.267 r  dma_config_fir_i/zynq_ultra_ps_e_0/inst/buffer_pl_clk_0.PL_CLK_0_BUFG/O
    X1Y1 (CLOCK_ROOT)    net (fo=17127, routed)       3.078     3.345    dma_config_fir_i/smartconnect_0/inst/clk_map/psr_aclk/U0/aclk
    SLICE_X17Y41         FDRE                                         r  dma_config_fir_i/smartconnect_0/inst/clk_map/psr_aclk/U0/ACTIVE_LOW_BSR_OUT_DFF[0].FDRE_BSR_N/C
  -------------------------------------------------------------------    -------------------
    SLICE_X17Y41         FDRE (Prop_EFF_SLICEM_C_Q)
                                                      0.113     3.458 r  dma_config_fir_i/smartconnect_0/inst/clk_map/psr_aclk/U0/ACTIVE_LOW_BSR_OUT_DFF[0].FDRE_BSR_N/Q
                         net (fo=105, routed)         3.009     6.467    dma_config_fir_i/smartconnect_0/inst/m02_nodes/m02_ar_node/inst/s_sc_xpm_cdc_async_rst_inst/src_arst
    SLICE_X25Y103        FDCE                                         f  dma_config_fir_i/smartconnect_0/inst/m02_nodes/m02_ar_node/inst/s_sc_xpm_cdc_async_rst_inst/arststages_ff_reg[1]/CLR  (IS_INVERTED)
  -------------------------------------------------------------------    -------------------

                         (clock clk_pl_0 rise edge)
                                                      0.000     0.000 r  
    PS8_X0Y0             PS8                          0.000     0.000 r  dma_config_fir_i/zynq_ultra_ps_e_0/inst/PS8_i/PLCLK[0]
                         net (fo=1, routed)           0.181     0.181    dma_config_fir_i/zynq_ultra_ps_e_0/inst/pl_clk_unbuffered[0]
    BUFG_PS_X0Y80        BUFG_PS (Prop_BUFG_PS_I_O)
                                                      0.035     0.216 r  dma_config_fir_i/zynq_ultra_ps_e_0/inst/buffer_pl_clk_0.PL_CLK_0_BUFG/O
    X1Y1 (CLOCK_ROOT)    net (fo=17127, routed)       2.626     2.842    dma_config_fir_i/smartconnect_0/inst/m02_nodes/m02_ar_node/inst/s_sc_xpm_cdc_async_rst_inst/dest_clk
    SLICE_X25Y103        FDCE                                         r  dma_config_fir_i/smartconnect_0/inst/m02_nodes/m02_ar_node/inst/s_sc_xpm_cdc_async_rst_inst/arststages_ff_reg[1]/C

Slack:                    inf
  Source:                 dma_config_fir_i/smartconnect_0/inst/clk_map/psr_aclk/U0/ACTIVE_LOW_BSR_OUT_DFF[0].FDRE_BSR_N/C
                            (rising edge-triggered cell FDRE clocked by clk_pl_0  {rise@0.000ns fall@5.156ns period=10.312ns})
  Destination:            dma_config_fir_i/smartconnect_0/inst/m02_nodes/m02_ar_node/inst/s_sc_xpm_cdc_async_rst_inst/arststages_ff_reg[2]/CLR
                            (recovery check against rising-edge clock clk_pl_0  {rise@0.000ns fall@5.156ns period=10.312ns})
  Path Group:             (none)
  Path Type:              Recovery (Max at Slow Process Corner)
  Data Path Delay:        3.122ns  (logic 0.113ns (3.619%)  route 3.009ns (96.381%))
  Logic Levels:           0  
  Clock Path Skew:        -0.503ns (DCD - SCD + CPR)
    Destination Clock Delay (DCD):    2.842ns
    Source Clock Delay      (SCD):    3.345ns
    Clock Pessimism Removal (CPR):    0.000ns
  Clock Uncertainty:      0.159ns  ((TSJ^2 + DJ^2)^1/2) / 2 + PE
    Total System Jitter     (TSJ):    0.071ns
    Discrete Jitter          (DJ):    0.310ns
    Phase Error              (PE):    0.000ns
  Clock Net Delay (Source):      3.078ns (routing 1.584ns, distribution 1.494ns)
  Clock Net Delay (Destination): 2.626ns (routing 1.450ns, distribution 1.176ns)
  Timing Exception:       False Path

    Location             Delay type                Incr(ns)  Path(ns)    Netlist Resource(s)
  -------------------------------------------------------------------    -------------------
                         (clock clk_pl_0 rise edge)
                                                      0.000     0.000 r  
    PS8_X0Y0             PS8                          0.000     0.000 r  dma_config_fir_i/zynq_ultra_ps_e_0/inst/PS8_i/PLCLK[0]
                         net (fo=1, routed)           0.229     0.229    dma_config_fir_i/zynq_ultra_ps_e_0/inst/pl_clk_unbuffered[0]
    BUFG_PS_X0Y80        BUFG_PS (Prop_BUFG_PS_I_O)
                                                      0.038     0.267 r  dma_config_fir_i/zynq_ultra_ps_e_0/inst/buffer_pl_clk_0.PL_CLK_0_BUFG/O
    X1Y1 (CLOCK_ROOT)    net (fo=17127, routed)       3.078     3.345    dma_config_fir_i/smartconnect_0/inst/clk_map/psr_aclk/U0/aclk
    SLICE_X17Y41         FDRE                                         r  dma_config_fir_i/smartconnect_0/inst/clk_map/psr_aclk/U0/ACTIVE_LOW_BSR_OUT_DFF[0].FDRE_BSR_N/C
  -------------------------------------------------------------------    -------------------
    SLICE_X17Y41         FDRE (Prop_EFF_SLICEM_C_Q)
                                                      0.113     3.458 r  dma_config_fir_i/smartconnect_0/inst/clk_map/psr_aclk/U0/ACTIVE_LOW_BSR_OUT_DFF[0].FDRE_BSR_N/Q
                         net (fo=105, routed)         3.009     6.467    dma_config_fir_i/smartconnect_0/inst/m02_nodes/m02_ar_node/inst/s_sc_xpm_cdc_async_rst_inst/src_arst
    SLICE_X25Y103        FDCE                                         f  dma_config_fir_i/smartconnect_0/inst/m02_nodes/m02_ar_node/inst/s_sc_xpm_cdc_async_rst_inst/arststages_ff_reg[2]/CLR  (IS_INVERTED)
  -------------------------------------------------------------------    -------------------

                         (clock clk_pl_0 rise edge)
                                                      0.000     0.000 r  
    PS8_X0Y0             PS8                          0.000     0.000 r  dma_config_fir_i/zynq_ultra_ps_e_0/inst/PS8_i/PLCLK[0]
                         net (fo=1, routed)           0.181     0.181    dma_config_fir_i/zynq_ultra_ps_e_0/inst/pl_clk_unbuffered[0]
    BUFG_PS_X0Y80        BUFG_PS (Prop_BUFG_PS_I_O)
                                                      0.035     0.216 r  dma_config_fir_i/zynq_ultra_ps_e_0/inst/buffer_pl_clk_0.PL_CLK_0_BUFG/O
    X1Y1 (CLOCK_ROOT)    net (fo=17127, routed)       2.626     2.842    dma_config_fir_i/smartconnect_0/inst/m02_nodes/m02_ar_node/inst/s_sc_xpm_cdc_async_rst_inst/dest_clk
    SLICE_X25Y103        FDCE                                         r  dma_config_fir_i/smartconnect_0/inst/m02_nodes/m02_ar_node/inst/s_sc_xpm_cdc_async_rst_inst/arststages_ff_reg[2]/C

Slack:                    inf
  Source:                 dma_config_fir_i/smartconnect_0/inst/clk_map/psr_aclk/U0/ACTIVE_LOW_BSR_OUT_DFF[0].FDRE_BSR_N/C
                            (rising edge-triggered cell FDRE clocked by clk_pl_0  {rise@0.000ns fall@5.156ns period=10.312ns})
  Destination:            dma_config_fir_i/smartconnect_0/inst/m01_nodes/m01_ar_node/inst/s_sc_xpm_cdc_async_rst_inst/arststages_ff_reg[0]/CLR
                            (recovery check against rising-edge clock clk_pl_0  {rise@0.000ns fall@5.156ns period=10.312ns})
  Path Group:             (none)
  Path Type:              Recovery (Max at Slow Process Corner)
  Data Path Delay:        3.088ns  (logic 0.113ns (3.659%)  route 2.975ns (96.341%))
  Logic Levels:           0  
  Clock Path Skew:        -0.515ns (DCD - SCD + CPR)
    Destination Clock Delay (DCD):    2.830ns
    Source Clock Delay      (SCD):    3.345ns
    Clock Pessimism Removal (CPR):    0.000ns
  Clock Uncertainty:      0.159ns  ((TSJ^2 + DJ^2)^1/2) / 2 + PE
    Total System Jitter     (TSJ):    0.071ns
    Discrete Jitter          (DJ):    0.310ns
    Phase Error              (PE):    0.000ns
  Clock Net Delay (Source):      3.078ns (routing 1.584ns, distribution 1.494ns)
  Clock Net Delay (Destination): 2.614ns (routing 1.450ns, distribution 1.164ns)
  Timing Exception:       False Path

    Location             Delay type                Incr(ns)  Path(ns)    Netlist Resource(s)
  -------------------------------------------------------------------    -------------------
                         (clock clk_pl_0 rise edge)
                                                      0.000     0.000 r  
    PS8_X0Y0             PS8                          0.000     0.000 r  dma_config_fir_i/zynq_ultra_ps_e_0/inst/PS8_i/PLCLK[0]
                         net (fo=1, routed)           0.229     0.229    dma_config_fir_i/zynq_ultra_ps_e_0/inst/pl_clk_unbuffered[0]
    BUFG_PS_X0Y80        BUFG_PS (Prop_BUFG_PS_I_O)
                                                      0.038     0.267 r  dma_config_fir_i/zynq_ultra_ps_e_0/inst/buffer_pl_clk_0.PL_CLK_0_BUFG/O
    X1Y1 (CLOCK_ROOT)    net (fo=17127, routed)       3.078     3.345    dma_config_fir_i/smartconnect_0/inst/clk_map/psr_aclk/U0/aclk
    SLICE_X17Y41         FDRE                                         r  dma_config_fir_i/smartconnect_0/inst/clk_map/psr_aclk/U0/ACTIVE_LOW_BSR_OUT_DFF[0].FDRE_BSR_N/C
  -------------------------------------------------------------------    -------------------
    SLICE_X17Y41         FDRE (Prop_EFF_SLICEM_C_Q)
                                                      0.113     3.458 r  dma_config_fir_i/smartconnect_0/inst/clk_map/psr_aclk/U0/ACTIVE_LOW_BSR_OUT_DFF[0].FDRE_BSR_N/Q
                         net (fo=105, routed)         2.975     6.433    dma_config_fir_i/smartconnect_0/inst/m01_nodes/m01_ar_node/inst/s_sc_xpm_cdc_async_rst_inst/src_arst
    SLICE_X24Y94         FDCE                                         f  dma_config_fir_i/smartconnect_0/inst/m01_nodes/m01_ar_node/inst/s_sc_xpm_cdc_async_rst_inst/arststages_ff_reg[0]/CLR  (IS_INVERTED)
  -------------------------------------------------------------------    -------------------

                         (clock clk_pl_0 rise edge)
                                                      0.000     0.000 r  
    PS8_X0Y0             PS8                          0.000     0.000 r  dma_config_fir_i/zynq_ultra_ps_e_0/inst/PS8_i/PLCLK[0]
                         net (fo=1, routed)           0.181     0.181    dma_config_fir_i/zynq_ultra_ps_e_0/inst/pl_clk_unbuffered[0]
    BUFG_PS_X0Y80        BUFG_PS (Prop_BUFG_PS_I_O)
                                                      0.035     0.216 r  dma_config_fir_i/zynq_ultra_ps_e_0/inst/buffer_pl_clk_0.PL_CLK_0_BUFG/O
    X1Y1 (CLOCK_ROOT)    net (fo=17127, routed)       2.614     2.830    dma_config_fir_i/smartconnect_0/inst/m01_nodes/m01_ar_node/inst/s_sc_xpm_cdc_async_rst_inst/dest_clk
    SLICE_X24Y94         FDCE                                         r  dma_config_fir_i/smartconnect_0/inst/m01_nodes/m01_ar_node/inst/s_sc_xpm_cdc_async_rst_inst/arststages_ff_reg[0]/C





Min Delay Paths
--------------------------------------------------------------------------------------
Slack:                    inf
  Source:                 dma_config_fir_i/smartconnect_0/inst/clk_map/psr_aclk/U0/ACTIVE_LOW_BSR_OUT_DFF[0].FDRE_BSR_N/C
                            (rising edge-triggered cell FDRE clocked by clk_pl_0  {rise@0.000ns fall@5.156ns period=10.312ns})
  Destination:            dma_config_fir_i/smartconnect_0/inst/m00_nodes/m00_b_node/inst/s_sc_xpm_cdc_async_rst_inst/arststages_ff_reg[0]/CLR
                            (removal check against rising-edge clock clk_pl_0  {rise@0.000ns fall@5.156ns period=10.312ns})
  Path Group:             (none)
  Path Type:              Removal (Min at Fast Process Corner)
  Data Path Delay:        0.178ns  (logic 0.082ns (46.129%)  route 0.096ns (53.871%))
  Logic Levels:           0  
  Clock Path Skew:        0.182ns (DCD - SCD - CPR)
    Destination Clock Delay (DCD):    2.039ns
    Source Clock Delay      (SCD):    1.857ns
    Clock Pessimism Removal (CPR):    -0.000ns
  Clock Uncertainty:      0.159ns  ((TSJ^2 + DJ^2)^1/2) / 2 + PE
    Total System Jitter     (TSJ):    0.071ns
    Discrete Jitter          (DJ):    0.310ns
    Phase Error              (PE):    0.000ns
  Clock Net Delay (Source):      1.706ns (routing 0.886ns, distribution 0.820ns)
  Clock Net Delay (Destination): 1.852ns (routing 0.971ns, distribution 0.881ns)
  Timing Exception:       False Path

    Location             Delay type                Incr(ns)  Path(ns)    Netlist Resource(s)
  -------------------------------------------------------------------    -------------------
                         (clock clk_pl_0 rise edge)
                                                      0.000     0.000 r  
    PS8_X0Y0             PS8                          0.000     0.000 r  dma_config_fir_i/zynq_ultra_ps_e_0/inst/PS8_i/PLCLK[0]
                         net (fo=1, routed)           0.129     0.129    dma_config_fir_i/zynq_ultra_ps_e_0/inst/pl_clk_unbuffered[0]
    BUFG_PS_X0Y80        BUFG_PS (Prop_BUFG_PS_I_O)
                                                      0.022     0.151 r  dma_config_fir_i/zynq_ultra_ps_e_0/inst/buffer_pl_clk_0.PL_CLK_0_BUFG/O
    X1Y1 (CLOCK_ROOT)    net (fo=17127, routed)       1.706     1.857    dma_config_fir_i/smartconnect_0/inst/clk_map/psr_aclk/U0/aclk
    SLICE_X17Y41         FDRE                                         r  dma_config_fir_i/smartconnect_0/inst/clk_map/psr_aclk/U0/ACTIVE_LOW_BSR_OUT_DFF[0].FDRE_BSR_N/C
  -------------------------------------------------------------------    -------------------
    SLICE_X17Y41         FDRE (Prop_EFF_SLICEM_C_Q)
                                                      0.082     1.939 r  dma_config_fir_i/smartconnect_0/inst/clk_map/psr_aclk/U0/ACTIVE_LOW_BSR_OUT_DFF[0].FDRE_BSR_N/Q
                         net (fo=105, routed)         0.096     2.034    dma_config_fir_i/smartconnect_0/inst/m00_nodes/m00_b_node/inst/s_sc_xpm_cdc_async_rst_inst/src_arst
    SLICE_X15Y41         FDCE                                         f  dma_config_fir_i/smartconnect_0/inst/m00_nodes/m00_b_node/inst/s_sc_xpm_cdc_async_rst_inst/arststages_ff_reg[0]/CLR  (IS_INVERTED)
  -------------------------------------------------------------------    -------------------

                         (clock clk_pl_0 rise edge)
                                                      0.000     0.000 r  
    PS8_X0Y0             PS8                          0.000     0.000 r  dma_config_fir_i/zynq_ultra_ps_e_0/inst/PS8_i/PLCLK[0]
                         net (fo=1, routed)           0.164     0.164    dma_config_fir_i/zynq_ultra_ps_e_0/inst/pl_clk_unbuffered[0]
    BUFG_PS_X0Y80        BUFG_PS (Prop_BUFG_PS_I_O)
                                                      0.023     0.187 r  dma_config_fir_i/zynq_ultra_ps_e_0/inst/buffer_pl_clk_0.PL_CLK_0_BUFG/O
    X1Y1 (CLOCK_ROOT)    net (fo=17127, routed)       1.852     2.039    dma_config_fir_i/smartconnect_0/inst/m00_nodes/m00_b_node/inst/s_sc_xpm_cdc_async_rst_inst/dest_clk
    SLICE_X15Y41         FDCE                                         r  dma_config_fir_i/smartconnect_0/inst/m00_nodes/m00_b_node/inst/s_sc_xpm_cdc_async_rst_inst/arststages_ff_reg[0]/C

Slack:                    inf
  Source:                 dma_config_fir_i/smartconnect_0/inst/clk_map/psr_aclk/U0/ACTIVE_LOW_BSR_OUT_DFF[0].FDRE_BSR_N/C
                            (rising edge-triggered cell FDRE clocked by clk_pl_0  {rise@0.000ns fall@5.156ns period=10.312ns})
  Destination:            dma_config_fir_i/smartconnect_0/inst/m00_nodes/m00_b_node/inst/s_sc_xpm_cdc_async_rst_inst/arststages_ff_reg[1]/CLR
                            (removal check against rising-edge clock clk_pl_0  {rise@0.000ns fall@5.156ns period=10.312ns})
  Path Group:             (none)
  Path Type:              Removal (Min at Fast Process Corner)
  Data Path Delay:        0.178ns  (logic 0.082ns (46.129%)  route 0.096ns (53.871%))
  Logic Levels:           0  
  Clock Path Skew:        0.182ns (DCD - SCD - CPR)
    Destination Clock Delay (DCD):    2.039ns
    Source Clock Delay      (SCD):    1.857ns
    Clock Pessimism Removal (CPR):    -0.000ns
  Clock Uncertainty:      0.159ns  ((TSJ^2 + DJ^2)^1/2) / 2 + PE
    Total System Jitter     (TSJ):    0.071ns
    Discrete Jitter          (DJ):    0.310ns
    Phase Error              (PE):    0.000ns
  Clock Net Delay (Source):      1.706ns (routing 0.886ns, distribution 0.820ns)
  Clock Net Delay (Destination): 1.852ns (routing 0.971ns, distribution 0.881ns)
  Timing Exception:       False Path

    Location             Delay type                Incr(ns)  Path(ns)    Netlist Resource(s)
  -------------------------------------------------------------------    -------------------
                         (clock clk_pl_0 rise edge)
                                                      0.000     0.000 r  
    PS8_X0Y0             PS8                          0.000     0.000 r  dma_config_fir_i/zynq_ultra_ps_e_0/inst/PS8_i/PLCLK[0]
                         net (fo=1, routed)           0.129     0.129    dma_config_fir_i/zynq_ultra_ps_e_0/inst/pl_clk_unbuffered[0]
    BUFG_PS_X0Y80        BUFG_PS (Prop_BUFG_PS_I_O)
                                                      0.022     0.151 r  dma_config_fir_i/zynq_ultra_ps_e_0/inst/buffer_pl_clk_0.PL_CLK_0_BUFG/O
    X1Y1 (CLOCK_ROOT)    net (fo=17127, routed)       1.706     1.857    dma_config_fir_i/smartconnect_0/inst/clk_map/psr_aclk/U0/aclk
    SLICE_X17Y41         FDRE                                         r  dma_config_fir_i/smartconnect_0/inst/clk_map/psr_aclk/U0/ACTIVE_LOW_BSR_OUT_DFF[0].FDRE_BSR_N/C
  -------------------------------------------------------------------    -------------------
    SLICE_X17Y41         FDRE (Prop_EFF_SLICEM_C_Q)
                                                      0.082     1.939 r  dma_config_fir_i/smartconnect_0/inst/clk_map/psr_aclk/U0/ACTIVE_LOW_BSR_OUT_DFF[0].FDRE_BSR_N/Q
                         net (fo=105, routed)         0.096     2.034    dma_config_fir_i/smartconnect_0/inst/m00_nodes/m00_b_node/inst/s_sc_xpm_cdc_async_rst_inst/src_arst
    SLICE_X15Y41         FDCE                                         f  dma_config_fir_i/smartconnect_0/inst/m00_nodes/m00_b_node/inst/s_sc_xpm_cdc_async_rst_inst/arststages_ff_reg[1]/CLR  (IS_INVERTED)
  -------------------------------------------------------------------    -------------------

                         (clock clk_pl_0 rise edge)
                                                      0.000     0.000 r  
    PS8_X0Y0             PS8                          0.000     0.000 r  dma_config_fir_i/zynq_ultra_ps_e_0/inst/PS8_i/PLCLK[0]
                         net (fo=1, routed)           0.164     0.164    dma_config_fir_i/zynq_ultra_ps_e_0/inst/pl_clk_unbuffered[0]
    BUFG_PS_X0Y80        BUFG_PS (Prop_BUFG_PS_I_O)
                                                      0.023     0.187 r  dma_config_fir_i/zynq_ultra_ps_e_0/inst/buffer_pl_clk_0.PL_CLK_0_BUFG/O
    X1Y1 (CLOCK_ROOT)    net (fo=17127, routed)       1.852     2.039    dma_config_fir_i/smartconnect_0/inst/m00_nodes/m00_b_node/inst/s_sc_xpm_cdc_async_rst_inst/dest_clk
    SLICE_X15Y41         FDCE                                         r  dma_config_fir_i/smartconnect_0/inst/m00_nodes/m00_b_node/inst/s_sc_xpm_cdc_async_rst_inst/arststages_ff_reg[1]/C

Slack:                    inf
  Source:                 dma_config_fir_i/smartconnect_0/inst/clk_map/psr_aclk/U0/ACTIVE_LOW_BSR_OUT_DFF[0].FDRE_BSR_N/C
                            (rising edge-triggered cell FDRE clocked by clk_pl_0  {rise@0.000ns fall@5.156ns period=10.312ns})
  Destination:            dma_config_fir_i/smartconnect_0/inst/m00_nodes/m00_b_node/inst/s_sc_xpm_cdc_async_rst_inst/arststages_ff_reg[2]/CLR
                            (removal check against rising-edge clock clk_pl_0  {rise@0.000ns fall@5.156ns period=10.312ns})
  Path Group:             (none)
  Path Type:              Removal (Min at Fast Process Corner)
  Data Path Delay:        0.178ns  (logic 0.082ns (46.129%)  route 0.096ns (53.871%))
  Logic Levels:           0  
  Clock Path Skew:        0.182ns (DCD - SCD - CPR)
    Destination Clock Delay (DCD):    2.039ns
    Source Clock Delay      (SCD):    1.857ns
    Clock Pessimism Removal (CPR):    -0.000ns
  Clock Uncertainty:      0.159ns  ((TSJ^2 + DJ^2)^1/2) / 2 + PE
    Total System Jitter     (TSJ):    0.071ns
    Discrete Jitter          (DJ):    0.310ns
    Phase Error              (PE):    0.000ns
  Clock Net Delay (Source):      1.706ns (routing 0.886ns, distribution 0.820ns)
  Clock Net Delay (Destination): 1.852ns (routing 0.971ns, distribution 0.881ns)
  Timing Exception:       False Path

    Location             Delay type                Incr(ns)  Path(ns)    Netlist Resource(s)
  -------------------------------------------------------------------    -------------------
                         (clock clk_pl_0 rise edge)
                                                      0.000     0.000 r  
    PS8_X0Y0             PS8                          0.000     0.000 r  dma_config_fir_i/zynq_ultra_ps_e_0/inst/PS8_i/PLCLK[0]
                         net (fo=1, routed)           0.129     0.129    dma_config_fir_i/zynq_ultra_ps_e_0/inst/pl_clk_unbuffered[0]
    BUFG_PS_X0Y80        BUFG_PS (Prop_BUFG_PS_I_O)
                                                      0.022     0.151 r  dma_config_fir_i/zynq_ultra_ps_e_0/inst/buffer_pl_clk_0.PL_CLK_0_BUFG/O
    X1Y1 (CLOCK_ROOT)    net (fo=17127, routed)       1.706     1.857    dma_config_fir_i/smartconnect_0/inst/clk_map/psr_aclk/U0/aclk
    SLICE_X17Y41         FDRE                                         r  dma_config_fir_i/smartconnect_0/inst/clk_map/psr_aclk/U0/ACTIVE_LOW_BSR_OUT_DFF[0].FDRE_BSR_N/C
  -------------------------------------------------------------------    -------------------
    SLICE_X17Y41         FDRE (Prop_EFF_SLICEM_C_Q)
                                                      0.082     1.939 r  dma_config_fir_i/smartconnect_0/inst/clk_map/psr_aclk/U0/ACTIVE_LOW_BSR_OUT_DFF[0].FDRE_BSR_N/Q
                         net (fo=105, routed)         0.096     2.034    dma_config_fir_i/smartconnect_0/inst/m00_nodes/m00_b_node/inst/s_sc_xpm_cdc_async_rst_inst/src_arst
    SLICE_X15Y41         FDCE                                         f  dma_config_fir_i/smartconnect_0/inst/m00_nodes/m00_b_node/inst/s_sc_xpm_cdc_async_rst_inst/arststages_ff_reg[2]/CLR  (IS_INVERTED)
  -------------------------------------------------------------------    -------------------

                         (clock clk_pl_0 rise edge)
                                                      0.000     0.000 r  
    PS8_X0Y0             PS8                          0.000     0.000 r  dma_config_fir_i/zynq_ultra_ps_e_0/inst/PS8_i/PLCLK[0]
                         net (fo=1, routed)           0.164     0.164    dma_config_fir_i/zynq_ultra_ps_e_0/inst/pl_clk_unbuffered[0]
    BUFG_PS_X0Y80        BUFG_PS (Prop_BUFG_PS_I_O)
                                                      0.023     0.187 r  dma_config_fir_i/zynq_ultra_ps_e_0/inst/buffer_pl_clk_0.PL_CLK_0_BUFG/O
    X1Y1 (CLOCK_ROOT)    net (fo=17127, routed)       1.852     2.039    dma_config_fir_i/smartconnect_0/inst/m00_nodes/m00_b_node/inst/s_sc_xpm_cdc_async_rst_inst/dest_clk
    SLICE_X15Y41         FDCE                                         r  dma_config_fir_i/smartconnect_0/inst/m00_nodes/m00_b_node/inst/s_sc_xpm_cdc_async_rst_inst/arststages_ff_reg[2]/C

Slack:                    inf
  Source:                 dma_config_fir_i/smartconnect_0/inst/clk_map/psr_aclk/U0/ACTIVE_LOW_BSR_OUT_DFF[0].FDRE_BSR_N/C
                            (rising edge-triggered cell FDRE clocked by clk_pl_0  {rise@0.000ns fall@5.156ns period=10.312ns})
  Destination:            dma_config_fir_i/smartconnect_0/inst/s02_nodes/s02_b_node/inst/s_sc_xpm_cdc_async_rst_inst/arststages_ff_reg[0]/CLR
                            (removal check against rising-edge clock clk_pl_0  {rise@0.000ns fall@5.156ns period=10.312ns})
  Path Group:             (none)
  Path Type:              Removal (Min at Fast Process Corner)
  Data Path Delay:        0.185ns  (logic 0.082ns (44.412%)  route 0.103ns (55.588%))
  Logic Levels:           0  
  Clock Path Skew:        0.187ns (DCD - SCD - CPR)
    Destination Clock Delay (DCD):    2.044ns
    Source Clock Delay      (SCD):    1.857ns
    Clock Pessimism Removal (CPR):    -0.000ns
  Clock Uncertainty:      0.159ns  ((TSJ^2 + DJ^2)^1/2) / 2 + PE
    Total System Jitter     (TSJ):    0.071ns
    Discrete Jitter          (DJ):    0.310ns
    Phase Error              (PE):    0.000ns
  Clock Net Delay (Source):      1.706ns (routing 0.886ns, distribution 0.820ns)
  Clock Net Delay (Destination): 1.857ns (routing 0.971ns, distribution 0.886ns)
  Timing Exception:       False Path

    Location             Delay type                Incr(ns)  Path(ns)    Netlist Resource(s)
  -------------------------------------------------------------------    -------------------
                         (clock clk_pl_0 rise edge)
                                                      0.000     0.000 r  
    PS8_X0Y0             PS8                          0.000     0.000 r  dma_config_fir_i/zynq_ultra_ps_e_0/inst/PS8_i/PLCLK[0]
                         net (fo=1, routed)           0.129     0.129    dma_config_fir_i/zynq_ultra_ps_e_0/inst/pl_clk_unbuffered[0]
    BUFG_PS_X0Y80        BUFG_PS (Prop_BUFG_PS_I_O)
                                                      0.022     0.151 r  dma_config_fir_i/zynq_ultra_ps_e_0/inst/buffer_pl_clk_0.PL_CLK_0_BUFG/O
    X1Y1 (CLOCK_ROOT)    net (fo=17127, routed)       1.706     1.857    dma_config_fir_i/smartconnect_0/inst/clk_map/psr_aclk/U0/aclk
    SLICE_X17Y41         FDRE                                         r  dma_config_fir_i/smartconnect_0/inst/clk_map/psr_aclk/U0/ACTIVE_LOW_BSR_OUT_DFF[0].FDRE_BSR_N/C
  -------------------------------------------------------------------    -------------------
    SLICE_X17Y41         FDRE (Prop_EFF_SLICEM_C_Q)
                                                      0.082     1.939 r  dma_config_fir_i/smartconnect_0/inst/clk_map/psr_aclk/U0/ACTIVE_LOW_BSR_OUT_DFF[0].FDRE_BSR_N/Q
                         net (fo=105, routed)         0.103     2.041    dma_config_fir_i/smartconnect_0/inst/s02_nodes/s02_b_node/inst/s_sc_xpm_cdc_async_rst_inst/src_arst
    SLICE_X17Y43         FDCE                                         f  dma_config_fir_i/smartconnect_0/inst/s02_nodes/s02_b_node/inst/s_sc_xpm_cdc_async_rst_inst/arststages_ff_reg[0]/CLR  (IS_INVERTED)
  -------------------------------------------------------------------    -------------------

                         (clock clk_pl_0 rise edge)
                                                      0.000     0.000 r  
    PS8_X0Y0             PS8                          0.000     0.000 r  dma_config_fir_i/zynq_ultra_ps_e_0/inst/PS8_i/PLCLK[0]
                         net (fo=1, routed)           0.164     0.164    dma_config_fir_i/zynq_ultra_ps_e_0/inst/pl_clk_unbuffered[0]
    BUFG_PS_X0Y80        BUFG_PS (Prop_BUFG_PS_I_O)
                                                      0.023     0.187 r  dma_config_fir_i/zynq_ultra_ps_e_0/inst/buffer_pl_clk_0.PL_CLK_0_BUFG/O
    X1Y1 (CLOCK_ROOT)    net (fo=17127, routed)       1.857     2.044    dma_config_fir_i/smartconnect_0/inst/s02_nodes/s02_b_node/inst/s_sc_xpm_cdc_async_rst_inst/dest_clk
    SLICE_X17Y43         FDCE                                         r  dma_config_fir_i/smartconnect_0/inst/s02_nodes/s02_b_node/inst/s_sc_xpm_cdc_async_rst_inst/arststages_ff_reg[0]/C

Slack:                    inf
  Source:                 dma_config_fir_i/smartconnect_0/inst/clk_map/psr_aclk/U0/ACTIVE_LOW_BSR_OUT_DFF[0].FDRE_BSR_N/C
                            (rising edge-triggered cell FDRE clocked by clk_pl_0  {rise@0.000ns fall@5.156ns period=10.312ns})
  Destination:            dma_config_fir_i/smartconnect_0/inst/s02_nodes/s02_b_node/inst/s_sc_xpm_cdc_async_rst_inst/arststages_ff_reg[1]/CLR
                            (removal check against rising-edge clock clk_pl_0  {rise@0.000ns fall@5.156ns period=10.312ns})
  Path Group:             (none)
  Path Type:              Removal (Min at Fast Process Corner)
  Data Path Delay:        0.185ns  (logic 0.082ns (44.412%)  route 0.103ns (55.588%))
  Logic Levels:           0  
  Clock Path Skew:        0.187ns (DCD - SCD - CPR)
    Destination Clock Delay (DCD):    2.044ns
    Source Clock Delay      (SCD):    1.857ns
    Clock Pessimism Removal (CPR):    -0.000ns
  Clock Uncertainty:      0.159ns  ((TSJ^2 + DJ^2)^1/2) / 2 + PE
    Total System Jitter     (TSJ):    0.071ns
    Discrete Jitter          (DJ):    0.310ns
    Phase Error              (PE):    0.000ns
  Clock Net Delay (Source):      1.706ns (routing 0.886ns, distribution 0.820ns)
  Clock Net Delay (Destination): 1.857ns (routing 0.971ns, distribution 0.886ns)
  Timing Exception:       False Path

    Location             Delay type                Incr(ns)  Path(ns)    Netlist Resource(s)
  -------------------------------------------------------------------    -------------------
                         (clock clk_pl_0 rise edge)
                                                      0.000     0.000 r  
    PS8_X0Y0             PS8                          0.000     0.000 r  dma_config_fir_i/zynq_ultra_ps_e_0/inst/PS8_i/PLCLK[0]
                         net (fo=1, routed)           0.129     0.129    dma_config_fir_i/zynq_ultra_ps_e_0/inst/pl_clk_unbuffered[0]
    BUFG_PS_X0Y80        BUFG_PS (Prop_BUFG_PS_I_O)
                                                      0.022     0.151 r  dma_config_fir_i/zynq_ultra_ps_e_0/inst/buffer_pl_clk_0.PL_CLK_0_BUFG/O
    X1Y1 (CLOCK_ROOT)    net (fo=17127, routed)       1.706     1.857    dma_config_fir_i/smartconnect_0/inst/clk_map/psr_aclk/U0/aclk
    SLICE_X17Y41         FDRE                                         r  dma_config_fir_i/smartconnect_0/inst/clk_map/psr_aclk/U0/ACTIVE_LOW_BSR_OUT_DFF[0].FDRE_BSR_N/C
  -------------------------------------------------------------------    -------------------
    SLICE_X17Y41         FDRE (Prop_EFF_SLICEM_C_Q)
                                                      0.082     1.939 r  dma_config_fir_i/smartconnect_0/inst/clk_map/psr_aclk/U0/ACTIVE_LOW_BSR_OUT_DFF[0].FDRE_BSR_N/Q
                         net (fo=105, routed)         0.103     2.041    dma_config_fir_i/smartconnect_0/inst/s02_nodes/s02_b_node/inst/s_sc_xpm_cdc_async_rst_inst/src_arst
    SLICE_X17Y43         FDCE                                         f  dma_config_fir_i/smartconnect_0/inst/s02_nodes/s02_b_node/inst/s_sc_xpm_cdc_async_rst_inst/arststages_ff_reg[1]/CLR  (IS_INVERTED)
  -------------------------------------------------------------------    -------------------

                         (clock clk_pl_0 rise edge)
                                                      0.000     0.000 r  
    PS8_X0Y0             PS8                          0.000     0.000 r  dma_config_fir_i/zynq_ultra_ps_e_0/inst/PS8_i/PLCLK[0]
                         net (fo=1, routed)           0.164     0.164    dma_config_fir_i/zynq_ultra_ps_e_0/inst/pl_clk_unbuffered[0]
    BUFG_PS_X0Y80        BUFG_PS (Prop_BUFG_PS_I_O)
                                                      0.023     0.187 r  dma_config_fir_i/zynq_ultra_ps_e_0/inst/buffer_pl_clk_0.PL_CLK_0_BUFG/O
    X1Y1 (CLOCK_ROOT)    net (fo=17127, routed)       1.857     2.044    dma_config_fir_i/smartconnect_0/inst/s02_nodes/s02_b_node/inst/s_sc_xpm_cdc_async_rst_inst/dest_clk
    SLICE_X17Y43         FDCE                                         r  dma_config_fir_i/smartconnect_0/inst/s02_nodes/s02_b_node/inst/s_sc_xpm_cdc_async_rst_inst/arststages_ff_reg[1]/C

Slack:                    inf
  Source:                 dma_config_fir_i/smartconnect_0/inst/clk_map/psr_aclk/U0/ACTIVE_LOW_BSR_OUT_DFF[0].FDRE_BSR_N/C
                            (rising edge-triggered cell FDRE clocked by clk_pl_0  {rise@0.000ns fall@5.156ns period=10.312ns})
  Destination:            dma_config_fir_i/smartconnect_0/inst/s02_nodes/s02_b_node/inst/s_sc_xpm_cdc_async_rst_inst/arststages_ff_reg[2]/CLR
                            (removal check against rising-edge clock clk_pl_0  {rise@0.000ns fall@5.156ns period=10.312ns})
  Path Group:             (none)
  Path Type:              Removal (Min at Fast Process Corner)
  Data Path Delay:        0.185ns  (logic 0.082ns (44.412%)  route 0.103ns (55.588%))
  Logic Levels:           0  
  Clock Path Skew:        0.187ns (DCD - SCD - CPR)
    Destination Clock Delay (DCD):    2.044ns
    Source Clock Delay      (SCD):    1.857ns
    Clock Pessimism Removal (CPR):    -0.000ns
  Clock Uncertainty:      0.159ns  ((TSJ^2 + DJ^2)^1/2) / 2 + PE
    Total System Jitter     (TSJ):    0.071ns
    Discrete Jitter          (DJ):    0.310ns
    Phase Error              (PE):    0.000ns
  Clock Net Delay (Source):      1.706ns (routing 0.886ns, distribution 0.820ns)
  Clock Net Delay (Destination): 1.857ns (routing 0.971ns, distribution 0.886ns)
  Timing Exception:       False Path

    Location             Delay type                Incr(ns)  Path(ns)    Netlist Resource(s)
  -------------------------------------------------------------------    -------------------
                         (clock clk_pl_0 rise edge)
                                                      0.000     0.000 r  
    PS8_X0Y0             PS8                          0.000     0.000 r  dma_config_fir_i/zynq_ultra_ps_e_0/inst/PS8_i/PLCLK[0]
                         net (fo=1, routed)           0.129     0.129    dma_config_fir_i/zynq_ultra_ps_e_0/inst/pl_clk_unbuffered[0]
    BUFG_PS_X0Y80        BUFG_PS (Prop_BUFG_PS_I_O)
                                                      0.022     0.151 r  dma_config_fir_i/zynq_ultra_ps_e_0/inst/buffer_pl_clk_0.PL_CLK_0_BUFG/O
    X1Y1 (CLOCK_ROOT)    net (fo=17127, routed)       1.706     1.857    dma_config_fir_i/smartconnect_0/inst/clk_map/psr_aclk/U0/aclk
    SLICE_X17Y41         FDRE                                         r  dma_config_fir_i/smartconnect_0/inst/clk_map/psr_aclk/U0/ACTIVE_LOW_BSR_OUT_DFF[0].FDRE_BSR_N/C
  -------------------------------------------------------------------    -------------------
    SLICE_X17Y41         FDRE (Prop_EFF_SLICEM_C_Q)
                                                      0.082     1.939 r  dma_config_fir_i/smartconnect_0/inst/clk_map/psr_aclk/U0/ACTIVE_LOW_BSR_OUT_DFF[0].FDRE_BSR_N/Q
                         net (fo=105, routed)         0.103     2.041    dma_config_fir_i/smartconnect_0/inst/s02_nodes/s02_b_node/inst/s_sc_xpm_cdc_async_rst_inst/src_arst
    SLICE_X17Y43         FDCE                                         f  dma_config_fir_i/smartconnect_0/inst/s02_nodes/s02_b_node/inst/s_sc_xpm_cdc_async_rst_inst/arststages_ff_reg[2]/CLR  (IS_INVERTED)
  -------------------------------------------------------------------    -------------------

                         (clock clk_pl_0 rise edge)
                                                      0.000     0.000 r  
    PS8_X0Y0             PS8                          0.000     0.000 r  dma_config_fir_i/zynq_ultra_ps_e_0/inst/PS8_i/PLCLK[0]
                         net (fo=1, routed)           0.164     0.164    dma_config_fir_i/zynq_ultra_ps_e_0/inst/pl_clk_unbuffered[0]
    BUFG_PS_X0Y80        BUFG_PS (Prop_BUFG_PS_I_O)
                                                      0.023     0.187 r  dma_config_fir_i/zynq_ultra_ps_e_0/inst/buffer_pl_clk_0.PL_CLK_0_BUFG/O
    X1Y1 (CLOCK_ROOT)    net (fo=17127, routed)       1.857     2.044    dma_config_fir_i/smartconnect_0/inst/s02_nodes/s02_b_node/inst/s_sc_xpm_cdc_async_rst_inst/dest_clk
    SLICE_X17Y43         FDCE                                         r  dma_config_fir_i/smartconnect_0/inst/s02_nodes/s02_b_node/inst/s_sc_xpm_cdc_async_rst_inst/arststages_ff_reg[2]/C

Slack:                    inf
  Source:                 dma_config_fir_i/smartconnect_0/inst/clk_map/psr_aclk/U0/ACTIVE_LOW_BSR_OUT_DFF[0].FDRE_BSR_N/C
                            (rising edge-triggered cell FDRE clocked by clk_pl_0  {rise@0.000ns fall@5.156ns period=10.312ns})
  Destination:            dma_config_fir_i/smartconnect_0/inst/s02_entry_pipeline/s02_mmu/inst/xpm_cdc_async_rst_inst/arststages_ff_reg[0]/CLR
                            (removal check against rising-edge clock clk_pl_0  {rise@0.000ns fall@5.156ns period=10.312ns})
  Path Group:             (none)
  Path Type:              Removal (Min at Fast Process Corner)
  Data Path Delay:        0.256ns  (logic 0.082ns (32.012%)  route 0.174ns (67.988%))
  Logic Levels:           0  
  Clock Path Skew:        0.196ns (DCD - SCD - CPR)
    Destination Clock Delay (DCD):    2.052ns
    Source Clock Delay      (SCD):    1.857ns
    Clock Pessimism Removal (CPR):    -0.000ns
  Clock Uncertainty:      0.159ns  ((TSJ^2 + DJ^2)^1/2) / 2 + PE
    Total System Jitter     (TSJ):    0.071ns
    Discrete Jitter          (DJ):    0.310ns
    Phase Error              (PE):    0.000ns
  Clock Net Delay (Source):      1.706ns (routing 0.886ns, distribution 0.820ns)
  Clock Net Delay (Destination): 1.865ns (routing 0.971ns, distribution 0.894ns)
  Timing Exception:       False Path

    Location             Delay type                Incr(ns)  Path(ns)    Netlist Resource(s)
  -------------------------------------------------------------------    -------------------
                         (clock clk_pl_0 rise edge)
                                                      0.000     0.000 r  
    PS8_X0Y0             PS8                          0.000     0.000 r  dma_config_fir_i/zynq_ultra_ps_e_0/inst/PS8_i/PLCLK[0]
                         net (fo=1, routed)           0.129     0.129    dma_config_fir_i/zynq_ultra_ps_e_0/inst/pl_clk_unbuffered[0]
    BUFG_PS_X0Y80        BUFG_PS (Prop_BUFG_PS_I_O)
                                                      0.022     0.151 r  dma_config_fir_i/zynq_ultra_ps_e_0/inst/buffer_pl_clk_0.PL_CLK_0_BUFG/O
    X1Y1 (CLOCK_ROOT)    net (fo=17127, routed)       1.706     1.857    dma_config_fir_i/smartconnect_0/inst/clk_map/psr_aclk/U0/aclk
    SLICE_X17Y41         FDRE                                         r  dma_config_fir_i/smartconnect_0/inst/clk_map/psr_aclk/U0/ACTIVE_LOW_BSR_OUT_DFF[0].FDRE_BSR_N/C
  -------------------------------------------------------------------    -------------------
    SLICE_X17Y41         FDRE (Prop_EFF_SLICEM_C_Q)
                                                      0.082     1.939 r  dma_config_fir_i/smartconnect_0/inst/clk_map/psr_aclk/U0/ACTIVE_LOW_BSR_OUT_DFF[0].FDRE_BSR_N/Q
                         net (fo=105, routed)         0.174     2.113    dma_config_fir_i/smartconnect_0/inst/s02_entry_pipeline/s02_mmu/inst/xpm_cdc_async_rst_inst/src_arst
    SLICE_X15Y49         FDCE                                         f  dma_config_fir_i/smartconnect_0/inst/s02_entry_pipeline/s02_mmu/inst/xpm_cdc_async_rst_inst/arststages_ff_reg[0]/CLR  (IS_INVERTED)
  -------------------------------------------------------------------    -------------------

                         (clock clk_pl_0 rise edge)
                                                      0.000     0.000 r  
    PS8_X0Y0             PS8                          0.000     0.000 r  dma_config_fir_i/zynq_ultra_ps_e_0/inst/PS8_i/PLCLK[0]
                         net (fo=1, routed)           0.164     0.164    dma_config_fir_i/zynq_ultra_ps_e_0/inst/pl_clk_unbuffered[0]
    BUFG_PS_X0Y80        BUFG_PS (Prop_BUFG_PS_I_O)
                                                      0.023     0.187 r  dma_config_fir_i/zynq_ultra_ps_e_0/inst/buffer_pl_clk_0.PL_CLK_0_BUFG/O
    X1Y1 (CLOCK_ROOT)    net (fo=17127, routed)       1.865     2.052    dma_config_fir_i/smartconnect_0/inst/s02_entry_pipeline/s02_mmu/inst/xpm_cdc_async_rst_inst/dest_clk
    SLICE_X15Y49         FDCE                                         r  dma_config_fir_i/smartconnect_0/inst/s02_entry_pipeline/s02_mmu/inst/xpm_cdc_async_rst_inst/arststages_ff_reg[0]/C

Slack:                    inf
  Source:                 dma_config_fir_i/smartconnect_0/inst/clk_map/psr_aclk/U0/ACTIVE_LOW_BSR_OUT_DFF[0].FDRE_BSR_N/C
                            (rising edge-triggered cell FDRE clocked by clk_pl_0  {rise@0.000ns fall@5.156ns period=10.312ns})
  Destination:            dma_config_fir_i/smartconnect_0/inst/s02_entry_pipeline/s02_mmu/inst/xpm_cdc_async_rst_inst/arststages_ff_reg[1]/CLR
                            (removal check against rising-edge clock clk_pl_0  {rise@0.000ns fall@5.156ns period=10.312ns})
  Path Group:             (none)
  Path Type:              Removal (Min at Fast Process Corner)
  Data Path Delay:        0.256ns  (logic 0.082ns (32.012%)  route 0.174ns (67.988%))
  Logic Levels:           0  
  Clock Path Skew:        0.196ns (DCD - SCD - CPR)
    Destination Clock Delay (DCD):    2.052ns
    Source Clock Delay      (SCD):    1.857ns
    Clock Pessimism Removal (CPR):    -0.000ns
  Clock Uncertainty:      0.159ns  ((TSJ^2 + DJ^2)^1/2) / 2 + PE
    Total System Jitter     (TSJ):    0.071ns
    Discrete Jitter          (DJ):    0.310ns
    Phase Error              (PE):    0.000ns
  Clock Net Delay (Source):      1.706ns (routing 0.886ns, distribution 0.820ns)
  Clock Net Delay (Destination): 1.865ns (routing 0.971ns, distribution 0.894ns)
  Timing Exception:       False Path

    Location             Delay type                Incr(ns)  Path(ns)    Netlist Resource(s)
  -------------------------------------------------------------------    -------------------
                         (clock clk_pl_0 rise edge)
                                                      0.000     0.000 r  
    PS8_X0Y0             PS8                          0.000     0.000 r  dma_config_fir_i/zynq_ultra_ps_e_0/inst/PS8_i/PLCLK[0]
                         net (fo=1, routed)           0.129     0.129    dma_config_fir_i/zynq_ultra_ps_e_0/inst/pl_clk_unbuffered[0]
    BUFG_PS_X0Y80        BUFG_PS (Prop_BUFG_PS_I_O)
                                                      0.022     0.151 r  dma_config_fir_i/zynq_ultra_ps_e_0/inst/buffer_pl_clk_0.PL_CLK_0_BUFG/O
    X1Y1 (CLOCK_ROOT)    net (fo=17127, routed)       1.706     1.857    dma_config_fir_i/smartconnect_0/inst/clk_map/psr_aclk/U0/aclk
    SLICE_X17Y41         FDRE                                         r  dma_config_fir_i/smartconnect_0/inst/clk_map/psr_aclk/U0/ACTIVE_LOW_BSR_OUT_DFF[0].FDRE_BSR_N/C
  -------------------------------------------------------------------    -------------------
    SLICE_X17Y41         FDRE (Prop_EFF_SLICEM_C_Q)
                                                      0.082     1.939 r  dma_config_fir_i/smartconnect_0/inst/clk_map/psr_aclk/U0/ACTIVE_LOW_BSR_OUT_DFF[0].FDRE_BSR_N/Q
                         net (fo=105, routed)         0.174     2.113    dma_config_fir_i/smartconnect_0/inst/s02_entry_pipeline/s02_mmu/inst/xpm_cdc_async_rst_inst/src_arst
    SLICE_X15Y49         FDCE                                         f  dma_config_fir_i/smartconnect_0/inst/s02_entry_pipeline/s02_mmu/inst/xpm_cdc_async_rst_inst/arststages_ff_reg[1]/CLR  (IS_INVERTED)
  -------------------------------------------------------------------    -------------------

                         (clock clk_pl_0 rise edge)
                                                      0.000     0.000 r  
    PS8_X0Y0             PS8                          0.000     0.000 r  dma_config_fir_i/zynq_ultra_ps_e_0/inst/PS8_i/PLCLK[0]
                         net (fo=1, routed)           0.164     0.164    dma_config_fir_i/zynq_ultra_ps_e_0/inst/pl_clk_unbuffered[0]
    BUFG_PS_X0Y80        BUFG_PS (Prop_BUFG_PS_I_O)
                                                      0.023     0.187 r  dma_config_fir_i/zynq_ultra_ps_e_0/inst/buffer_pl_clk_0.PL_CLK_0_BUFG/O
    X1Y1 (CLOCK_ROOT)    net (fo=17127, routed)       1.865     2.052    dma_config_fir_i/smartconnect_0/inst/s02_entry_pipeline/s02_mmu/inst/xpm_cdc_async_rst_inst/dest_clk
    SLICE_X15Y49         FDCE                                         r  dma_config_fir_i/smartconnect_0/inst/s02_entry_pipeline/s02_mmu/inst/xpm_cdc_async_rst_inst/arststages_ff_reg[1]/C

Slack:                    inf
  Source:                 dma_config_fir_i/smartconnect_0/inst/clk_map/psr_aclk/U0/ACTIVE_LOW_BSR_OUT_DFF[0].FDRE_BSR_N/C
                            (rising edge-triggered cell FDRE clocked by clk_pl_0  {rise@0.000ns fall@5.156ns period=10.312ns})
  Destination:            dma_config_fir_i/smartconnect_0/inst/s02_entry_pipeline/s02_mmu/inst/xpm_cdc_async_rst_inst/arststages_ff_reg[2]/CLR
                            (removal check against rising-edge clock clk_pl_0  {rise@0.000ns fall@5.156ns period=10.312ns})
  Path Group:             (none)
  Path Type:              Removal (Min at Fast Process Corner)
  Data Path Delay:        0.256ns  (logic 0.082ns (32.012%)  route 0.174ns (67.988%))
  Logic Levels:           0  
  Clock Path Skew:        0.196ns (DCD - SCD - CPR)
    Destination Clock Delay (DCD):    2.052ns
    Source Clock Delay      (SCD):    1.857ns
    Clock Pessimism Removal (CPR):    -0.000ns
  Clock Uncertainty:      0.159ns  ((TSJ^2 + DJ^2)^1/2) / 2 + PE
    Total System Jitter     (TSJ):    0.071ns
    Discrete Jitter          (DJ):    0.310ns
    Phase Error              (PE):    0.000ns
  Clock Net Delay (Source):      1.706ns (routing 0.886ns, distribution 0.820ns)
  Clock Net Delay (Destination): 1.865ns (routing 0.971ns, distribution 0.894ns)
  Timing Exception:       False Path

    Location             Delay type                Incr(ns)  Path(ns)    Netlist Resource(s)
  -------------------------------------------------------------------    -------------------
                         (clock clk_pl_0 rise edge)
                                                      0.000     0.000 r  
    PS8_X0Y0             PS8                          0.000     0.000 r  dma_config_fir_i/zynq_ultra_ps_e_0/inst/PS8_i/PLCLK[0]
                         net (fo=1, routed)           0.129     0.129    dma_config_fir_i/zynq_ultra_ps_e_0/inst/pl_clk_unbuffered[0]
    BUFG_PS_X0Y80        BUFG_PS (Prop_BUFG_PS_I_O)
                                                      0.022     0.151 r  dma_config_fir_i/zynq_ultra_ps_e_0/inst/buffer_pl_clk_0.PL_CLK_0_BUFG/O
    X1Y1 (CLOCK_ROOT)    net (fo=17127, routed)       1.706     1.857    dma_config_fir_i/smartconnect_0/inst/clk_map/psr_aclk/U0/aclk
    SLICE_X17Y41         FDRE                                         r  dma_config_fir_i/smartconnect_0/inst/clk_map/psr_aclk/U0/ACTIVE_LOW_BSR_OUT_DFF[0].FDRE_BSR_N/C
  -------------------------------------------------------------------    -------------------
    SLICE_X17Y41         FDRE (Prop_EFF_SLICEM_C_Q)
                                                      0.082     1.939 r  dma_config_fir_i/smartconnect_0/inst/clk_map/psr_aclk/U0/ACTIVE_LOW_BSR_OUT_DFF[0].FDRE_BSR_N/Q
                         net (fo=105, routed)         0.174     2.113    dma_config_fir_i/smartconnect_0/inst/s02_entry_pipeline/s02_mmu/inst/xpm_cdc_async_rst_inst/src_arst
    SLICE_X15Y49         FDCE                                         f  dma_config_fir_i/smartconnect_0/inst/s02_entry_pipeline/s02_mmu/inst/xpm_cdc_async_rst_inst/arststages_ff_reg[2]/CLR  (IS_INVERTED)
  -------------------------------------------------------------------    -------------------

                         (clock clk_pl_0 rise edge)
                                                      0.000     0.000 r  
    PS8_X0Y0             PS8                          0.000     0.000 r  dma_config_fir_i/zynq_ultra_ps_e_0/inst/PS8_i/PLCLK[0]
                         net (fo=1, routed)           0.164     0.164    dma_config_fir_i/zynq_ultra_ps_e_0/inst/pl_clk_unbuffered[0]
    BUFG_PS_X0Y80        BUFG_PS (Prop_BUFG_PS_I_O)
                                                      0.023     0.187 r  dma_config_fir_i/zynq_ultra_ps_e_0/inst/buffer_pl_clk_0.PL_CLK_0_BUFG/O
    X1Y1 (CLOCK_ROOT)    net (fo=17127, routed)       1.865     2.052    dma_config_fir_i/smartconnect_0/inst/s02_entry_pipeline/s02_mmu/inst/xpm_cdc_async_rst_inst/dest_clk
    SLICE_X15Y49         FDCE                                         r  dma_config_fir_i/smartconnect_0/inst/s02_entry_pipeline/s02_mmu/inst/xpm_cdc_async_rst_inst/arststages_ff_reg[2]/C

Slack:                    inf
  Source:                 dma_config_fir_i/proc_sys_reset_0/U0/ACTIVE_LOW_PR_OUT_DFF[0].FDRE_PER_N/C
                            (rising edge-triggered cell FDRE clocked by clk_pl_0  {rise@0.000ns fall@5.156ns period=10.312ns})
  Destination:            dma_config_fir_i/axi_dma_0/U0/I_RST_MODULE/REG_HRD_RST_OUT/GENERATE_LEVEL_P_S_CDC.SINGLE_BIT.CROSS_PLEVEL_IN2SCNDRY_IN_cdc_to/D
                            (rising edge-triggered cell FDRE clocked by clk_pl_0  {rise@0.000ns fall@5.156ns period=10.312ns})
  Path Group:             (none)
  Path Type:              Hold (Min at Fast Process Corner)
  Data Path Delay:        0.258ns  (logic 0.084ns (32.524%)  route 0.174ns (67.476%))
  Logic Levels:           0  
  Clock Path Skew:        0.197ns (DCD - SCD - CPR)
    Destination Clock Delay (DCD):    2.053ns
    Source Clock Delay      (SCD):    1.856ns
    Clock Pessimism Removal (CPR):    -0.000ns
  Clock Uncertainty:      0.159ns  ((TSJ^2 + DJ^2)^1/2) / 2 + PE
    Total System Jitter     (TSJ):    0.071ns
    Discrete Jitter          (DJ):    0.310ns
    Phase Error              (PE):    0.000ns
  Clock Net Delay (Source):      1.705ns (routing 0.886ns, distribution 0.819ns)
  Clock Net Delay (Destination): 1.866ns (routing 0.971ns, distribution 0.895ns)
  Timing Exception:       False Path

    Location             Delay type                Incr(ns)  Path(ns)    Netlist Resource(s)
  -------------------------------------------------------------------    -------------------
                         (clock clk_pl_0 rise edge)
                                                      0.000     0.000 r  
    PS8_X0Y0             PS8                          0.000     0.000 r  dma_config_fir_i/zynq_ultra_ps_e_0/inst/PS8_i/PLCLK[0]
                         net (fo=1, routed)           0.129     0.129    dma_config_fir_i/zynq_ultra_ps_e_0/inst/pl_clk_unbuffered[0]
    BUFG_PS_X0Y80        BUFG_PS (Prop_BUFG_PS_I_O)
                                                      0.022     0.151 r  dma_config_fir_i/zynq_ultra_ps_e_0/inst/buffer_pl_clk_0.PL_CLK_0_BUFG/O
    X1Y1 (CLOCK_ROOT)    net (fo=17127, routed)       1.705     1.856    dma_config_fir_i/proc_sys_reset_0/U0/slowest_sync_clk
    SLICE_X19Y41         FDRE                                         r  dma_config_fir_i/proc_sys_reset_0/U0/ACTIVE_LOW_PR_OUT_DFF[0].FDRE_PER_N/C
  -------------------------------------------------------------------    -------------------
    SLICE_X19Y41         FDRE (Prop_DFF_SLICEL_C_Q)
                                                      0.084     1.940 r  dma_config_fir_i/proc_sys_reset_0/U0/ACTIVE_LOW_PR_OUT_DFF[0].FDRE_PER_N/Q
                         net (fo=97, routed)          0.174     2.114    dma_config_fir_i/axi_dma_0/U0/I_RST_MODULE/REG_HRD_RST_OUT/axi_resetn
    SLICE_X17Y55         FDRE                                         r  dma_config_fir_i/axi_dma_0/U0/I_RST_MODULE/REG_HRD_RST_OUT/GENERATE_LEVEL_P_S_CDC.SINGLE_BIT.CROSS_PLEVEL_IN2SCNDRY_IN_cdc_to/D
  -------------------------------------------------------------------    -------------------

                         (clock clk_pl_0 rise edge)
                                                      0.000     0.000 r  
    PS8_X0Y0             PS8                          0.000     0.000 r  dma_config_fir_i/zynq_ultra_ps_e_0/inst/PS8_i/PLCLK[0]
                         net (fo=1, routed)           0.164     0.164    dma_config_fir_i/zynq_ultra_ps_e_0/inst/pl_clk_unbuffered[0]
    BUFG_PS_X0Y80        BUFG_PS (Prop_BUFG_PS_I_O)
                                                      0.023     0.187 r  dma_config_fir_i/zynq_ultra_ps_e_0/inst/buffer_pl_clk_0.PL_CLK_0_BUFG/O
    X1Y1 (CLOCK_ROOT)    net (fo=17127, routed)       1.866     2.053    dma_config_fir_i/axi_dma_0/U0/I_RST_MODULE/REG_HRD_RST_OUT/s_axi_lite_aclk
    SLICE_X17Y55         FDRE                                         r  dma_config_fir_i/axi_dma_0/U0/I_RST_MODULE/REG_HRD_RST_OUT/GENERATE_LEVEL_P_S_CDC.SINGLE_BIT.CROSS_PLEVEL_IN2SCNDRY_IN_cdc_to/C





