
*** Running vivado
    with args -log mixer_nco_wrapper.vds -m64 -product Vivado -mode batch -messageDb vivado.pb -notrace -source mixer_nco_wrapper.tcl



****** Vivado v2022.2 (64-bit)
  **** SW Build 3671981 on Fri Oct 14 05:00:03 MDT 2022
  **** IP Build 3669848 on Fri Oct 14 08:30:02 MDT 2022
    ** Copyright 1986-2022 Xilinx, Inc. All Rights Reserved.

source mixer_nco_wrapper.tcl -notrace
INFO: [IP_Flow 19-234] Refreshing IP repositories
INFO: [IP_Flow 19-1704] No user IP repositories specified
INFO: [IP_Flow 19-2313] Loaded Vivado IP repository 'D:/Xilinx/Vivado/2022.2/data/ip'.
INFO: [IP_Flow 19-5107] Inferred bus interface 'm_axis' of definition 'xilinx.com:interface:axis:1.0' (from Xilinx Repository).
INFO: [IP_Flow 19-5107] Inferred bus interface 's_axis' of definition 'xilinx.com:interface:axis:1.0' (from Xilinx Repository).
INFO: [IP_Flow 19-5107] Inferred bus interface 'aresetn' of definition 'xilinx.com:signal:reset:1.0' (from Xilinx Repository).
INFO: [IP_Flow 19-5107] Inferred bus interface 'aclk' of definition 'xilinx.com:signal:clock:1.0' (from Xilinx Repository).
INFO: [IP_Flow 19-4728] Bus Interface 'aresetn': Added interface parameter 'POLARITY' with value 'ACTIVE_LOW'.
INFO: [IP_Flow 19-4728] Bus Interface 'aclk': Added interface parameter 'ASSOCIATED_BUSIF' with value 'm_axis'.
INFO: [IP_Flow 19-4728] Bus Interface 'aclk': Added interface parameter 'ASSOCIATED_RESET' with value 'aresetn'.
INFO: [IP_Flow 19-234] Refreshing IP repositories
INFO: [IP_Flow 19-1704] No user IP repositories specified
Command: read_checkpoint -auto_incremental -incremental {D:/FPGA/Vivaldo Project/kr260_experiments/12_axis_dma_complex_mixer_nco/12_axis_dma_complex_mixer_nco.srcs/utils_1/imports/synth_1/mixer_nco_wrapper.dcp}
INFO: [Vivado 12-5825] Read reference checkpoint from D:/FPGA/Vivaldo Project/kr260_experiments/12_axis_dma_complex_mixer_nco/12_axis_dma_complex_mixer_nco.srcs/utils_1/imports/synth_1/mixer_nco_wrapper.dcp for incremental synthesis
INFO: [Vivado 12-7989] Please ensure there are no constraint changes
Command: synth_design -top mixer_nco_wrapper -part xck26-sfvc784-2LV-c
Starting synth_design
Attempting to get a license for feature 'Synthesis' and/or device 'xck26'
INFO: [Common 17-349] Got license for feature 'Synthesis' and/or device 'xck26'
INFO: [Device 21-403] Loading part xck26-sfvc784-2LV-c
INFO: [Designutils 20-5440] No compile time benefit to using incremental synthesis; A full resynthesis will be run
INFO: [Designutils 20-4379] Flow is switching to default flow due to incremental criteria not met. If you would like to alter this behaviour and have the flow terminate instead, please set the following parameter config_implementation {autoIncr.Synth.RejectBehavior Terminate}
INFO: [Synth 8-7079] Multithreading enabled for synth_design using a maximum of 2 processes.
INFO: [Synth 8-7078] Launching helper process for spawning children vivado processes
INFO: [Synth 8-7075] Helper process launched with PID 74648
INFO: [Synth 8-11241] undeclared symbol 'REGCCE', assumed default net type 'wire' [D:/Xilinx/Vivado/2022.2/data/verilog/src/unimacro/BRAM_SINGLE_MACRO.v:2170]
WARNING: [Synth 8-11067] parameter 'K_MAX_EP_ROUTE_WIDTH' declared inside package 'sc_util_v1_0_4_pkg' shall be treated as localparam [d:/FPGA/Vivaldo Project/kr260_experiments/12_axis_dma_complex_mixer_nco/12_axis_dma_complex_mixer_nco.gen/sources_1/bd/mixer_nco/ipshared/f0b6/hdl/sc_util_v1_0_vl_rfs.sv:87]
WARNING: [Synth 8-11067] parameter 'K_MAX_SC_ROUTE_WIDTH' declared inside package 'sc_util_v1_0_4_pkg' shall be treated as localparam [d:/FPGA/Vivaldo Project/kr260_experiments/12_axis_dma_complex_mixer_nco/12_axis_dma_complex_mixer_nco.gen/sources_1/bd/mixer_nco/ipshared/f0b6/hdl/sc_util_v1_0_vl_rfs.sv:88]
WARNING: [Synth 8-11067] parameter 'K_MAX_CMD_PTR' declared inside package 'sc_util_v1_0_4_pkg' shall be treated as localparam [d:/FPGA/Vivaldo Project/kr260_experiments/12_axis_dma_complex_mixer_nco/12_axis_dma_complex_mixer_nco.gen/sources_1/bd/mixer_nco/ipshared/f0b6/hdl/sc_util_v1_0_vl_rfs.sv:89]
WARNING: [Synth 8-11067] parameter 'K_MAX_LUTRAM_PTR' declared inside package 'sc_util_v1_0_4_pkg' shall be treated as localparam [d:/FPGA/Vivaldo Project/kr260_experiments/12_axis_dma_complex_mixer_nco/12_axis_dma_complex_mixer_nco.gen/sources_1/bd/mixer_nco/ipshared/f0b6/hdl/sc_util_v1_0_vl_rfs.sv:90]
WARNING: [Synth 8-11067] parameter 'K_MAX_BRAM_PTR' declared inside package 'sc_util_v1_0_4_pkg' shall be treated as localparam [d:/FPGA/Vivaldo Project/kr260_experiments/12_axis_dma_complex_mixer_nco/12_axis_dma_complex_mixer_nco.gen/sources_1/bd/mixer_nco/ipshared/f0b6/hdl/sc_util_v1_0_vl_rfs.sv:91]
WARNING: [Synth 8-11067] parameter 'K_MIN_BRAM_PTR' declared inside package 'sc_util_v1_0_4_pkg' shall be treated as localparam [d:/FPGA/Vivaldo Project/kr260_experiments/12_axis_dma_complex_mixer_nco/12_axis_dma_complex_mixer_nco.gen/sources_1/bd/mixer_nco/ipshared/f0b6/hdl/sc_util_v1_0_vl_rfs.sv:92]
WARNING: [Synth 8-11067] parameter 'K_MAX_SYNC_RATIO' declared inside package 'sc_util_v1_0_4_pkg' shall be treated as localparam [d:/FPGA/Vivaldo Project/kr260_experiments/12_axis_dma_complex_mixer_nco/12_axis_dma_complex_mixer_nco.gen/sources_1/bd/mixer_nco/ipshared/f0b6/hdl/sc_util_v1_0_vl_rfs.sv:93]
WARNING: [Synth 8-11067] parameter 'K_MAX_PIPELINES' declared inside package 'sc_util_v1_0_4_pkg' shall be treated as localparam [d:/FPGA/Vivaldo Project/kr260_experiments/12_axis_dma_complex_mixer_nco/12_axis_dma_complex_mixer_nco.gen/sources_1/bd/mixer_nco/ipshared/f0b6/hdl/sc_util_v1_0_vl_rfs.sv:94]
WARNING: [Synth 8-11067] parameter 'K_LOG_MAX_PIPELINES' declared inside package 'sc_util_v1_0_4_pkg' shall be treated as localparam [d:/FPGA/Vivaldo Project/kr260_experiments/12_axis_dma_complex_mixer_nco/12_axis_dma_complex_mixer_nco.gen/sources_1/bd/mixer_nco/ipshared/f0b6/hdl/sc_util_v1_0_vl_rfs.sv:95]
WARNING: [Synth 8-11067] parameter 'K_MAX_LATENCY' declared inside package 'sc_util_v1_0_4_pkg' shall be treated as localparam [d:/FPGA/Vivaldo Project/kr260_experiments/12_axis_dma_complex_mixer_nco/12_axis_dma_complex_mixer_nco.gen/sources_1/bd/mixer_nco/ipshared/f0b6/hdl/sc_util_v1_0_vl_rfs.sv:96]
WARNING: [Synth 8-11067] parameter 'K_LOG_MAX_LATENCY' declared inside package 'sc_util_v1_0_4_pkg' shall be treated as localparam [d:/FPGA/Vivaldo Project/kr260_experiments/12_axis_dma_complex_mixer_nco/12_axis_dma_complex_mixer_nco.gen/sources_1/bd/mixer_nco/ipshared/f0b6/hdl/sc_util_v1_0_vl_rfs.sv:97]
WARNING: [Synth 8-11067] parameter 'K_AXIS_ARB_TDATA_NUM_BYTES' declared inside package 'sc_util_v1_0_4_pkg' shall be treated as localparam [d:/FPGA/Vivaldo Project/kr260_experiments/12_axis_dma_complex_mixer_nco/12_axis_dma_complex_mixer_nco.gen/sources_1/bd/mixer_nco/ipshared/f0b6/hdl/sc_util_v1_0_vl_rfs.sv:98]
WARNING: [Synth 8-11067] parameter 'K_MAX_USER_BITS_PER_BYTE' declared inside package 'sc_util_v1_0_4_pkg' shall be treated as localparam [d:/FPGA/Vivaldo Project/kr260_experiments/12_axis_dma_complex_mixer_nco/12_axis_dma_complex_mixer_nco.gen/sources_1/bd/mixer_nco/ipshared/f0b6/hdl/sc_util_v1_0_vl_rfs.sv:99]
WARNING: [Synth 8-11067] parameter 'K_MAX_INFO_WIDTH' declared inside package 'sc_util_v1_0_4_pkg' shall be treated as localparam [d:/FPGA/Vivaldo Project/kr260_experiments/12_axis_dma_complex_mixer_nco/12_axis_dma_complex_mixer_nco.gen/sources_1/bd/mixer_nco/ipshared/f0b6/hdl/sc_util_v1_0_vl_rfs.sv:100]
WARNING: [Synth 8-11067] parameter 'K_MAX_OUTSTANDING_REQ' declared inside package 'sc_util_v1_0_4_pkg' shall be treated as localparam [d:/FPGA/Vivaldo Project/kr260_experiments/12_axis_dma_complex_mixer_nco/12_axis_dma_complex_mixer_nco.gen/sources_1/bd/mixer_nco/ipshared/f0b6/hdl/sc_util_v1_0_vl_rfs.sv:101]
WARNING: [Synth 8-11067] parameter 'K_AXI_SIZE_WIDTH' declared inside package 'sc_util_v1_0_4_pkg' shall be treated as localparam [d:/FPGA/Vivaldo Project/kr260_experiments/12_axis_dma_complex_mixer_nco/12_axis_dma_complex_mixer_nco.gen/sources_1/bd/mixer_nco/ipshared/f0b6/hdl/sc_util_v1_0_vl_rfs.sv:102]
WARNING: [Synth 8-11067] parameter 'K_AXI_BURST_WIDTH' declared inside package 'sc_util_v1_0_4_pkg' shall be treated as localparam [d:/FPGA/Vivaldo Project/kr260_experiments/12_axis_dma_complex_mixer_nco/12_axis_dma_complex_mixer_nco.gen/sources_1/bd/mixer_nco/ipshared/f0b6/hdl/sc_util_v1_0_vl_rfs.sv:103]
WARNING: [Synth 8-11067] parameter 'K_AXI_RESP_WIDTH' declared inside package 'sc_util_v1_0_4_pkg' shall be treated as localparam [d:/FPGA/Vivaldo Project/kr260_experiments/12_axis_dma_complex_mixer_nco/12_axis_dma_complex_mixer_nco.gen/sources_1/bd/mixer_nco/ipshared/f0b6/hdl/sc_util_v1_0_vl_rfs.sv:104]
WARNING: [Synth 8-11067] parameter 'K_AXI_LAST_WIDTH' declared inside package 'sc_util_v1_0_4_pkg' shall be treated as localparam [d:/FPGA/Vivaldo Project/kr260_experiments/12_axis_dma_complex_mixer_nco/12_axis_dma_complex_mixer_nco.gen/sources_1/bd/mixer_nco/ipshared/f0b6/hdl/sc_util_v1_0_vl_rfs.sv:105]
WARNING: [Synth 8-11067] parameter 'K_AXI_LEN_WIDTH' declared inside package 'sc_util_v1_0_4_pkg' shall be treated as localparam [d:/FPGA/Vivaldo Project/kr260_experiments/12_axis_dma_complex_mixer_nco/12_axis_dma_complex_mixer_nco.gen/sources_1/bd/mixer_nco/ipshared/f0b6/hdl/sc_util_v1_0_vl_rfs.sv:106]
WARNING: [Synth 8-11067] parameter 'K_AXI_EXCL_LEN_WIDTH' declared inside package 'sc_util_v1_0_4_pkg' shall be treated as localparam [d:/FPGA/Vivaldo Project/kr260_experiments/12_axis_dma_complex_mixer_nco/12_axis_dma_complex_mixer_nco.gen/sources_1/bd/mixer_nco/ipshared/f0b6/hdl/sc_util_v1_0_vl_rfs.sv:107]
WARNING: [Synth 8-11067] parameter 'K_AXI_LOCK_WIDTH' declared inside package 'sc_util_v1_0_4_pkg' shall be treated as localparam [d:/FPGA/Vivaldo Project/kr260_experiments/12_axis_dma_complex_mixer_nco/12_axis_dma_complex_mixer_nco.gen/sources_1/bd/mixer_nco/ipshared/f0b6/hdl/sc_util_v1_0_vl_rfs.sv:108]
WARNING: [Synth 8-11067] parameter 'K_AXI3_LEN_WIDTH' declared inside package 'sc_util_v1_0_4_pkg' shall be treated as localparam [d:/FPGA/Vivaldo Project/kr260_experiments/12_axis_dma_complex_mixer_nco/12_axis_dma_complex_mixer_nco.gen/sources_1/bd/mixer_nco/ipshared/f0b6/hdl/sc_util_v1_0_vl_rfs.sv:109]
WARNING: [Synth 8-11067] parameter 'K_AXI3_LOCK_WIDTH' declared inside package 'sc_util_v1_0_4_pkg' shall be treated as localparam [d:/FPGA/Vivaldo Project/kr260_experiments/12_axis_dma_complex_mixer_nco/12_axis_dma_complex_mixer_nco.gen/sources_1/bd/mixer_nco/ipshared/f0b6/hdl/sc_util_v1_0_vl_rfs.sv:110]
WARNING: [Synth 8-11067] parameter 'K_AXI_PROT_WIDTH' declared inside package 'sc_util_v1_0_4_pkg' shall be treated as localparam [d:/FPGA/Vivaldo Project/kr260_experiments/12_axis_dma_complex_mixer_nco/12_axis_dma_complex_mixer_nco.gen/sources_1/bd/mixer_nco/ipshared/f0b6/hdl/sc_util_v1_0_vl_rfs.sv:111]
WARNING: [Synth 8-11067] parameter 'K_AXI_QOS_WIDTH' declared inside package 'sc_util_v1_0_4_pkg' shall be treated as localparam [d:/FPGA/Vivaldo Project/kr260_experiments/12_axis_dma_complex_mixer_nco/12_axis_dma_complex_mixer_nco.gen/sources_1/bd/mixer_nco/ipshared/f0b6/hdl/sc_util_v1_0_vl_rfs.sv:112]
WARNING: [Synth 8-11067] parameter 'K_AXI_CACHE_WIDTH' declared inside package 'sc_util_v1_0_4_pkg' shall be treated as localparam [d:/FPGA/Vivaldo Project/kr260_experiments/12_axis_dma_complex_mixer_nco/12_axis_dma_complex_mixer_nco.gen/sources_1/bd/mixer_nco/ipshared/f0b6/hdl/sc_util_v1_0_vl_rfs.sv:113]
WARNING: [Synth 8-11067] parameter 'K_MAX_ACCEPTANCE' declared inside package 'sc_util_v1_0_4_pkg' shall be treated as localparam [d:/FPGA/Vivaldo Project/kr260_experiments/12_axis_dma_complex_mixer_nco/12_axis_dma_complex_mixer_nco.gen/sources_1/bd/mixer_nco/ipshared/f0b6/hdl/sc_util_v1_0_vl_rfs.sv:114]
WARNING: [Synth 8-11067] parameter 'K_MAX_FANOUT' declared inside package 'sc_util_v1_0_4_pkg' shall be treated as localparam [d:/FPGA/Vivaldo Project/kr260_experiments/12_axis_dma_complex_mixer_nco/12_axis_dma_complex_mixer_nco.gen/sources_1/bd/mixer_nco/ipshared/f0b6/hdl/sc_util_v1_0_vl_rfs.sv:115]
WARNING: [Synth 8-11067] parameter 'K_MAX_READ_WATERMARK' declared inside package 'sc_util_v1_0_4_pkg' shall be treated as localparam [d:/FPGA/Vivaldo Project/kr260_experiments/12_axis_dma_complex_mixer_nco/12_axis_dma_complex_mixer_nco.gen/sources_1/bd/mixer_nco/ipshared/f0b6/hdl/sc_util_v1_0_vl_rfs.sv:116]
WARNING: [Synth 8-11067] parameter 'K_MAX_BURST_LENGTH' declared inside package 'sc_util_v1_0_4_pkg' shall be treated as localparam [d:/FPGA/Vivaldo Project/kr260_experiments/12_axis_dma_complex_mixer_nco/12_axis_dma_complex_mixer_nco.gen/sources_1/bd/mixer_nco/ipshared/f0b6/hdl/sc_util_v1_0_vl_rfs.sv:117]
WARNING: [Synth 8-11067] parameter 'CH_R' declared inside package 'sc_util_v1_0_4_pkg' shall be treated as localparam [d:/FPGA/Vivaldo Project/kr260_experiments/12_axis_dma_complex_mixer_nco/12_axis_dma_complex_mixer_nco.gen/sources_1/bd/mixer_nco/ipshared/f0b6/hdl/sc_util_v1_0_vl_rfs.sv:164]
WARNING: [Synth 8-11067] parameter 'CH_W' declared inside package 'sc_util_v1_0_4_pkg' shall be treated as localparam [d:/FPGA/Vivaldo Project/kr260_experiments/12_axis_dma_complex_mixer_nco/12_axis_dma_complex_mixer_nco.gen/sources_1/bd/mixer_nco/ipshared/f0b6/hdl/sc_util_v1_0_vl_rfs.sv:165]
WARNING: [Synth 8-11067] parameter 'CH_AR' declared inside package 'sc_util_v1_0_4_pkg' shall be treated as localparam [d:/FPGA/Vivaldo Project/kr260_experiments/12_axis_dma_complex_mixer_nco/12_axis_dma_complex_mixer_nco.gen/sources_1/bd/mixer_nco/ipshared/f0b6/hdl/sc_util_v1_0_vl_rfs.sv:166]
WARNING: [Synth 8-11067] parameter 'CH_AW' declared inside package 'sc_util_v1_0_4_pkg' shall be treated as localparam [d:/FPGA/Vivaldo Project/kr260_experiments/12_axis_dma_complex_mixer_nco/12_axis_dma_complex_mixer_nco.gen/sources_1/bd/mixer_nco/ipshared/f0b6/hdl/sc_util_v1_0_vl_rfs.sv:167]
WARNING: [Synth 8-11067] parameter 'CH_B' declared inside package 'sc_util_v1_0_4_pkg' shall be treated as localparam [d:/FPGA/Vivaldo Project/kr260_experiments/12_axis_dma_complex_mixer_nco/12_axis_dma_complex_mixer_nco.gen/sources_1/bd/mixer_nco/ipshared/f0b6/hdl/sc_util_v1_0_vl_rfs.sv:168]
WARNING: [Synth 8-11067] parameter 'CLK_DOWN' declared inside package 'sc_util_v1_0_4_pkg' shall be treated as localparam [d:/FPGA/Vivaldo Project/kr260_experiments/12_axis_dma_complex_mixer_nco/12_axis_dma_complex_mixer_nco.gen/sources_1/bd/mixer_nco/ipshared/f0b6/hdl/sc_util_v1_0_vl_rfs.sv:170]
WARNING: [Synth 8-11067] parameter 'CLK_SYNC_ALIAS' declared inside package 'sc_util_v1_0_4_pkg' shall be treated as localparam [d:/FPGA/Vivaldo Project/kr260_experiments/12_axis_dma_complex_mixer_nco/12_axis_dma_complex_mixer_nco.gen/sources_1/bd/mixer_nco/ipshared/f0b6/hdl/sc_util_v1_0_vl_rfs.sv:171]
WARNING: [Synth 8-11067] parameter 'CLK_ASYNC' declared inside package 'sc_util_v1_0_4_pkg' shall be treated as localparam [d:/FPGA/Vivaldo Project/kr260_experiments/12_axis_dma_complex_mixer_nco/12_axis_dma_complex_mixer_nco.gen/sources_1/bd/mixer_nco/ipshared/f0b6/hdl/sc_util_v1_0_vl_rfs.sv:172]
WARNING: [Synth 8-11067] parameter 'CLK_SYNC' declared inside package 'sc_util_v1_0_4_pkg' shall be treated as localparam [d:/FPGA/Vivaldo Project/kr260_experiments/12_axis_dma_complex_mixer_nco/12_axis_dma_complex_mixer_nco.gen/sources_1/bd/mixer_nco/ipshared/f0b6/hdl/sc_util_v1_0_vl_rfs.sv:173]
WARNING: [Synth 8-11067] parameter 'CLK_UP' declared inside package 'sc_util_v1_0_4_pkg' shall be treated as localparam [d:/FPGA/Vivaldo Project/kr260_experiments/12_axis_dma_complex_mixer_nco/12_axis_dma_complex_mixer_nco.gen/sources_1/bd/mixer_nco/ipshared/f0b6/hdl/sc_util_v1_0_vl_rfs.sv:174]
WARNING: [Synth 8-11067] parameter 'CLKEN_NONE' declared inside package 'sc_util_v1_0_4_pkg' shall be treated as localparam [d:/FPGA/Vivaldo Project/kr260_experiments/12_axis_dma_complex_mixer_nco/12_axis_dma_complex_mixer_nco.gen/sources_1/bd/mixer_nco/ipshared/f0b6/hdl/sc_util_v1_0_vl_rfs.sv:176]
WARNING: [Synth 8-11067] parameter 'CLKEN_S' declared inside package 'sc_util_v1_0_4_pkg' shall be treated as localparam [d:/FPGA/Vivaldo Project/kr260_experiments/12_axis_dma_complex_mixer_nco/12_axis_dma_complex_mixer_nco.gen/sources_1/bd/mixer_nco/ipshared/f0b6/hdl/sc_util_v1_0_vl_rfs.sv:177]
WARNING: [Synth 8-11067] parameter 'CLKEN_M' declared inside package 'sc_util_v1_0_4_pkg' shall be treated as localparam [d:/FPGA/Vivaldo Project/kr260_experiments/12_axis_dma_complex_mixer_nco/12_axis_dma_complex_mixer_nco.gen/sources_1/bd/mixer_nco/ipshared/f0b6/hdl/sc_util_v1_0_vl_rfs.sv:178]
WARNING: [Synth 8-11067] parameter 'CLKEN_S_AND_M' declared inside package 'sc_util_v1_0_4_pkg' shall be treated as localparam [d:/FPGA/Vivaldo Project/kr260_experiments/12_axis_dma_complex_mixer_nco/12_axis_dma_complex_mixer_nco.gen/sources_1/bd/mixer_nco/ipshared/f0b6/hdl/sc_util_v1_0_vl_rfs.sv:179]
WARNING: [Synth 8-11067] parameter 'ARB_BYPASS' declared inside package 'sc_util_v1_0_4_pkg' shall be treated as localparam [d:/FPGA/Vivaldo Project/kr260_experiments/12_axis_dma_complex_mixer_nco/12_axis_dma_complex_mixer_nco.gen/sources_1/bd/mixer_nco/ipshared/f0b6/hdl/sc_util_v1_0_vl_rfs.sv:180]
WARNING: [Synth 8-11067] parameter 'ARB_ROUNDROBIN' declared inside package 'sc_util_v1_0_4_pkg' shall be treated as localparam [d:/FPGA/Vivaldo Project/kr260_experiments/12_axis_dma_complex_mixer_nco/12_axis_dma_complex_mixer_nco.gen/sources_1/bd/mixer_nco/ipshared/f0b6/hdl/sc_util_v1_0_vl_rfs.sv:181]
WARNING: [Synth 8-11067] parameter 'ARB_SLAVE' declared inside package 'sc_util_v1_0_4_pkg' shall be treated as localparam [d:/FPGA/Vivaldo Project/kr260_experiments/12_axis_dma_complex_mixer_nco/12_axis_dma_complex_mixer_nco.gen/sources_1/bd/mixer_nco/ipshared/f0b6/hdl/sc_util_v1_0_vl_rfs.sv:182]
WARNING: [Synth 8-11067] parameter 'FIFO_LUTRAM' declared inside package 'sc_util_v1_0_4_pkg' shall be treated as localparam [d:/FPGA/Vivaldo Project/kr260_experiments/12_axis_dma_complex_mixer_nco/12_axis_dma_complex_mixer_nco.gen/sources_1/bd/mixer_nco/ipshared/f0b6/hdl/sc_util_v1_0_vl_rfs.sv:183]
WARNING: [Synth 8-11067] parameter 'FIFO_BRAM' declared inside package 'sc_util_v1_0_4_pkg' shall be treated as localparam [d:/FPGA/Vivaldo Project/kr260_experiments/12_axis_dma_complex_mixer_nco/12_axis_dma_complex_mixer_nco.gen/sources_1/bd/mixer_nco/ipshared/f0b6/hdl/sc_util_v1_0_vl_rfs.sv:184]
WARNING: [Synth 8-11067] parameter 'FIFO_NONE' declared inside package 'sc_util_v1_0_4_pkg' shall be treated as localparam [d:/FPGA/Vivaldo Project/kr260_experiments/12_axis_dma_complex_mixer_nco/12_axis_dma_complex_mixer_nco.gen/sources_1/bd/mixer_nco/ipshared/f0b6/hdl/sc_util_v1_0_vl_rfs.sv:185]
WARNING: [Synth 8-11067] parameter 'FIFO_IP_XPM_MEMORY' declared inside package 'sc_util_v1_0_4_pkg' shall be treated as localparam [d:/FPGA/Vivaldo Project/kr260_experiments/12_axis_dma_complex_mixer_nco/12_axis_dma_complex_mixer_nco.gen/sources_1/bd/mixer_nco/ipshared/f0b6/hdl/sc_util_v1_0_vl_rfs.sv:186]
WARNING: [Synth 8-11067] parameter 'FIFO_IP_FG' declared inside package 'sc_util_v1_0_4_pkg' shall be treated as localparam [d:/FPGA/Vivaldo Project/kr260_experiments/12_axis_dma_complex_mixer_nco/12_axis_dma_complex_mixer_nco.gen/sources_1/bd/mixer_nco/ipshared/f0b6/hdl/sc_util_v1_0_vl_rfs.sv:187]
WARNING: [Synth 8-11067] parameter 'FIFO_IP_XPM_FIFO' declared inside package 'sc_util_v1_0_4_pkg' shall be treated as localparam [d:/FPGA/Vivaldo Project/kr260_experiments/12_axis_dma_complex_mixer_nco/12_axis_dma_complex_mixer_nco.gen/sources_1/bd/mixer_nco/ipshared/f0b6/hdl/sc_util_v1_0_vl_rfs.sv:188]
WARNING: [Synth 8-11067] parameter 'K_T_STRUCT_EXCLUSIVE_WIDTH' declared inside package 'sc_util_v1_0_4_pkg' shall be treated as localparam [d:/FPGA/Vivaldo Project/kr260_experiments/12_axis_dma_complex_mixer_nco/12_axis_dma_complex_mixer_nco.gen/sources_1/bd/mixer_nco/ipshared/f0b6/hdl/sc_util_v1_0_vl_rfs.sv:230]
WARNING: [Synth 8-11067] parameter 'K_T_STATIC_ADDR_PAYLD_WIDTH' declared inside package 'sc_util_v1_0_4_pkg' shall be treated as localparam [d:/FPGA/Vivaldo Project/kr260_experiments/12_axis_dma_complex_mixer_nco/12_axis_dma_complex_mixer_nco.gen/sources_1/bd/mixer_nco/ipshared/f0b6/hdl/sc_util_v1_0_vl_rfs.sv:232]
WARNING: [Synth 8-11067] parameter 'K_T_STATIC_RDATA_PAYLD_WIDTH' declared inside package 'sc_util_v1_0_4_pkg' shall be treated as localparam [d:/FPGA/Vivaldo Project/kr260_experiments/12_axis_dma_complex_mixer_nco/12_axis_dma_complex_mixer_nco.gen/sources_1/bd/mixer_nco/ipshared/f0b6/hdl/sc_util_v1_0_vl_rfs.sv:240]
WARNING: [Synth 8-11067] parameter 'K_T_STATIC_WDATA_PAYLD_WIDTH' declared inside package 'sc_util_v1_0_4_pkg' shall be treated as localparam [d:/FPGA/Vivaldo Project/kr260_experiments/12_axis_dma_complex_mixer_nco/12_axis_dma_complex_mixer_nco.gen/sources_1/bd/mixer_nco/ipshared/f0b6/hdl/sc_util_v1_0_vl_rfs.sv:244]
WARNING: [Synth 8-11067] parameter 'K_T_STATIC_BRSP_PAYLD_WIDTH' declared inside package 'sc_util_v1_0_4_pkg' shall be treated as localparam [d:/FPGA/Vivaldo Project/kr260_experiments/12_axis_dma_complex_mixer_nco/12_axis_dma_complex_mixer_nco.gen/sources_1/bd/mixer_nco/ipshared/f0b6/hdl/sc_util_v1_0_vl_rfs.sv:247]
WARNING: [Synth 8-11067] parameter 'K_T_EXCLUSIVE_WIDTH' declared inside package 'sc_util_v1_0_4_pkg' shall be treated as localparam [d:/FPGA/Vivaldo Project/kr260_experiments/12_axis_dma_complex_mixer_nco/12_axis_dma_complex_mixer_nco.gen/sources_1/bd/mixer_nco/ipshared/f0b6/hdl/sc_util_v1_0_vl_rfs.sv:253]
WARNING: [Synth 8-11067] parameter 'K_T_ADDR_AUGMENT_WIDTH' declared inside package 'sc_util_v1_0_4_pkg' shall be treated as localparam [d:/FPGA/Vivaldo Project/kr260_experiments/12_axis_dma_complex_mixer_nco/12_axis_dma_complex_mixer_nco.gen/sources_1/bd/mixer_nco/ipshared/f0b6/hdl/sc_util_v1_0_vl_rfs.sv:256]
WARNING: [Synth 8-11067] parameter 'K_T_DATA_AUGMENT_WIDTH' declared inside package 'sc_util_v1_0_4_pkg' shall be treated as localparam [d:/FPGA/Vivaldo Project/kr260_experiments/12_axis_dma_complex_mixer_nco/12_axis_dma_complex_mixer_nco.gen/sources_1/bd/mixer_nco/ipshared/f0b6/hdl/sc_util_v1_0_vl_rfs.sv:259]
WARNING: [Synth 8-11067] parameter 'K_T_BRSP_AUGMENT_WIDTH' declared inside package 'sc_util_v1_0_4_pkg' shall be treated as localparam [d:/FPGA/Vivaldo Project/kr260_experiments/12_axis_dma_complex_mixer_nco/12_axis_dma_complex_mixer_nco.gen/sources_1/bd/mixer_nco/ipshared/f0b6/hdl/sc_util_v1_0_vl_rfs.sv:261]
WARNING: [Synth 8-11067] parameter 'K_USABLE_T_ADDR_CASCADE_WIDTH' declared inside package 'sc_util_v1_0_4_pkg' shall be treated as localparam [d:/FPGA/Vivaldo Project/kr260_experiments/12_axis_dma_complex_mixer_nco/12_axis_dma_complex_mixer_nco.gen/sources_1/bd/mixer_nco/ipshared/f0b6/hdl/sc_util_v1_0_vl_rfs.sv:263]
WARNING: [Synth 8-11067] parameter 'K_USABLE_T_DATA_CASCADE_WIDTH' declared inside package 'sc_util_v1_0_4_pkg' shall be treated as localparam [d:/FPGA/Vivaldo Project/kr260_experiments/12_axis_dma_complex_mixer_nco/12_axis_dma_complex_mixer_nco.gen/sources_1/bd/mixer_nco/ipshared/f0b6/hdl/sc_util_v1_0_vl_rfs.sv:265]
WARNING: [Synth 8-11067] parameter 'K_USABLE_T_BRSP_CASCADE_WIDTH' declared inside package 'sc_util_v1_0_4_pkg' shall be treated as localparam [d:/FPGA/Vivaldo Project/kr260_experiments/12_axis_dma_complex_mixer_nco/12_axis_dma_complex_mixer_nco.gen/sources_1/bd/mixer_nco/ipshared/f0b6/hdl/sc_util_v1_0_vl_rfs.sv:267]
WARNING: [Synth 8-11067] parameter 'K_T_CASCADE_WIDTH' declared inside package 'sc_util_v1_0_4_pkg' shall be treated as localparam [d:/FPGA/Vivaldo Project/kr260_experiments/12_axis_dma_complex_mixer_nco/12_axis_dma_complex_mixer_nco.gen/sources_1/bd/mixer_nco/ipshared/f0b6/hdl/sc_util_v1_0_vl_rfs.sv:270]
WARNING: [Synth 8-11067] parameter 'K_T_SEG_LEN_WIDTH' declared inside package 'sc_util_v1_0_4_pkg' shall be treated as localparam [d:/FPGA/Vivaldo Project/kr260_experiments/12_axis_dma_complex_mixer_nco/12_axis_dma_complex_mixer_nco.gen/sources_1/bd/mixer_nco/ipshared/f0b6/hdl/sc_util_v1_0_vl_rfs.sv:304]
WARNING: [Synth 8-11067] parameter 'K_USABLE_T_ADDR_SIDEBAND_WIDTH' declared inside package 'sc_util_v1_0_4_pkg' shall be treated as localparam [d:/FPGA/Vivaldo Project/kr260_experiments/12_axis_dma_complex_mixer_nco/12_axis_dma_complex_mixer_nco.gen/sources_1/bd/mixer_nco/ipshared/f0b6/hdl/sc_util_v1_0_vl_rfs.sv:305]
WARNING: [Synth 8-11067] parameter 'K_USABLE_T_DATA_SIDEBAND_WIDTH' declared inside package 'sc_util_v1_0_4_pkg' shall be treated as localparam [d:/FPGA/Vivaldo Project/kr260_experiments/12_axis_dma_complex_mixer_nco/12_axis_dma_complex_mixer_nco.gen/sources_1/bd/mixer_nco/ipshared/f0b6/hdl/sc_util_v1_0_vl_rfs.sv:308]
WARNING: [Synth 8-11067] parameter 'K_USABLE_T_BRSP_SIDEBAND_WIDTH' declared inside package 'sc_util_v1_0_4_pkg' shall be treated as localparam [d:/FPGA/Vivaldo Project/kr260_experiments/12_axis_dma_complex_mixer_nco/12_axis_dma_complex_mixer_nco.gen/sources_1/bd/mixer_nco/ipshared/f0b6/hdl/sc_util_v1_0_vl_rfs.sv:310]
WARNING: [Synth 8-11067] parameter 'K_T_SIDEBAND_WIDTH' declared inside package 'sc_util_v1_0_4_pkg' shall be treated as localparam [d:/FPGA/Vivaldo Project/kr260_experiments/12_axis_dma_complex_mixer_nco/12_axis_dma_complex_mixer_nco.gen/sources_1/bd/mixer_nco/ipshared/f0b6/hdl/sc_util_v1_0_vl_rfs.sv:313]
WARNING: [Synth 8-11067] parameter 'K_USABLE_T_AXPAYLD_WIDTH' declared inside package 'sc_util_v1_0_4_pkg' shall be treated as localparam [d:/FPGA/Vivaldo Project/kr260_experiments/12_axis_dma_complex_mixer_nco/12_axis_dma_complex_mixer_nco.gen/sources_1/bd/mixer_nco/ipshared/f0b6/hdl/sc_util_v1_0_vl_rfs.sv:341]
WARNING: [Synth 8-11067] parameter 'K_USABLE_T_WPAYLD_WIDTH' declared inside package 'sc_util_v1_0_4_pkg' shall be treated as localparam [d:/FPGA/Vivaldo Project/kr260_experiments/12_axis_dma_complex_mixer_nco/12_axis_dma_complex_mixer_nco.gen/sources_1/bd/mixer_nco/ipshared/f0b6/hdl/sc_util_v1_0_vl_rfs.sv:348]
WARNING: [Synth 8-11067] parameter 'K_USABLE_T_RPAYLD_WIDTH' declared inside package 'sc_util_v1_0_4_pkg' shall be treated as localparam [d:/FPGA/Vivaldo Project/kr260_experiments/12_axis_dma_complex_mixer_nco/12_axis_dma_complex_mixer_nco.gen/sources_1/bd/mixer_nco/ipshared/f0b6/hdl/sc_util_v1_0_vl_rfs.sv:352]
WARNING: [Synth 8-11067] parameter 'K_USABLE_T_BPAYLD_WIDTH' declared inside package 'sc_util_v1_0_4_pkg' shall be treated as localparam [d:/FPGA/Vivaldo Project/kr260_experiments/12_axis_dma_complex_mixer_nco/12_axis_dma_complex_mixer_nco.gen/sources_1/bd/mixer_nco/ipshared/f0b6/hdl/sc_util_v1_0_vl_rfs.sv:357]
WARNING: [Synth 8-11067] parameter 'K_T_PAYLD_WIDTH' declared inside package 'sc_util_v1_0_4_pkg' shall be treated as localparam [d:/FPGA/Vivaldo Project/kr260_experiments/12_axis_dma_complex_mixer_nco/12_axis_dma_complex_mixer_nco.gen/sources_1/bd/mixer_nco/ipshared/f0b6/hdl/sc_util_v1_0_vl_rfs.sv:361]
WARNING: [Synth 8-11067] parameter 'K_MAX_PAYLD_WIDTH' declared inside package 'sc_util_v1_0_4_pkg' shall be treated as localparam [d:/FPGA/Vivaldo Project/kr260_experiments/12_axis_dma_complex_mixer_nco/12_axis_dma_complex_mixer_nco.gen/sources_1/bd/mixer_nco/ipshared/f0b6/hdl/sc_util_v1_0_vl_rfs.sv:362]
WARNING: [Synth 8-11067] parameter 'K_USABLE_T_AXVECTOR_WIDTH' declared inside package 'sc_util_v1_0_4_pkg' shall be treated as localparam [d:/FPGA/Vivaldo Project/kr260_experiments/12_axis_dma_complex_mixer_nco/12_axis_dma_complex_mixer_nco.gen/sources_1/bd/mixer_nco/ipshared/f0b6/hdl/sc_util_v1_0_vl_rfs.sv:547]
WARNING: [Synth 8-11067] parameter 'K_USABLE_T_WVECTOR_WIDTH' declared inside package 'sc_util_v1_0_4_pkg' shall be treated as localparam [d:/FPGA/Vivaldo Project/kr260_experiments/12_axis_dma_complex_mixer_nco/12_axis_dma_complex_mixer_nco.gen/sources_1/bd/mixer_nco/ipshared/f0b6/hdl/sc_util_v1_0_vl_rfs.sv:557]
WARNING: [Synth 8-11067] parameter 'K_USABLE_T_RVECTOR_WIDTH' declared inside package 'sc_util_v1_0_4_pkg' shall be treated as localparam [d:/FPGA/Vivaldo Project/kr260_experiments/12_axis_dma_complex_mixer_nco/12_axis_dma_complex_mixer_nco.gen/sources_1/bd/mixer_nco/ipshared/f0b6/hdl/sc_util_v1_0_vl_rfs.sv:561]
WARNING: [Synth 8-11067] parameter 'K_USABLE_T_BVECTOR_WIDTH' declared inside package 'sc_util_v1_0_4_pkg' shall be treated as localparam [d:/FPGA/Vivaldo Project/kr260_experiments/12_axis_dma_complex_mixer_nco/12_axis_dma_complex_mixer_nco.gen/sources_1/bd/mixer_nco/ipshared/f0b6/hdl/sc_util_v1_0_vl_rfs.sv:566]
WARNING: [Synth 8-11067] parameter 'K_STATIC_AXVECTOR_WIDTH' declared inside package 'sc_util_v1_0_4_pkg' shall be treated as localparam [d:/FPGA/Vivaldo Project/kr260_experiments/12_axis_dma_complex_mixer_nco/12_axis_dma_complex_mixer_nco.gen/sources_1/bd/mixer_nco/ipshared/f0b6/hdl/sc_util_v1_0_vl_rfs.sv:574]
WARNING: [Synth 8-11067] parameter 'K_STATIC_WVECTOR_WIDTH' declared inside package 'sc_util_v1_0_4_pkg' shall be treated as localparam [d:/FPGA/Vivaldo Project/kr260_experiments/12_axis_dma_complex_mixer_nco/12_axis_dma_complex_mixer_nco.gen/sources_1/bd/mixer_nco/ipshared/f0b6/hdl/sc_util_v1_0_vl_rfs.sv:584]
WARNING: [Synth 8-11067] parameter 'K_STATIC_RVECTOR_WIDTH' declared inside package 'sc_util_v1_0_4_pkg' shall be treated as localparam [d:/FPGA/Vivaldo Project/kr260_experiments/12_axis_dma_complex_mixer_nco/12_axis_dma_complex_mixer_nco.gen/sources_1/bd/mixer_nco/ipshared/f0b6/hdl/sc_util_v1_0_vl_rfs.sv:588]
WARNING: [Synth 8-11067] parameter 'K_STATIC_BVECTOR_WIDTH' declared inside package 'sc_util_v1_0_4_pkg' shall be treated as localparam [d:/FPGA/Vivaldo Project/kr260_experiments/12_axis_dma_complex_mixer_nco/12_axis_dma_complex_mixer_nco.gen/sources_1/bd/mixer_nco/ipshared/f0b6/hdl/sc_util_v1_0_vl_rfs.sv:593]
WARNING: [Synth 8-11067] parameter 'K_T_VECTOR_WIDTH' declared inside package 'sc_util_v1_0_4_pkg' shall be treated as localparam [d:/FPGA/Vivaldo Project/kr260_experiments/12_axis_dma_complex_mixer_nco/12_axis_dma_complex_mixer_nco.gen/sources_1/bd/mixer_nco/ipshared/f0b6/hdl/sc_util_v1_0_vl_rfs.sv:596]
WARNING: [Synth 8-11067] parameter 'K_MAX_VECTOR_WIDTH' declared inside package 'sc_util_v1_0_4_pkg' shall be treated as localparam [d:/FPGA/Vivaldo Project/kr260_experiments/12_axis_dma_complex_mixer_nco/12_axis_dma_complex_mixer_nco.gen/sources_1/bd/mixer_nco/ipshared/f0b6/hdl/sc_util_v1_0_vl_rfs.sv:597]
WARNING: [Synth 8-11067] parameter 'K_MAX_NUM_MNOC' declared inside package 'sc_util_v1_0_4_pkg_noc' shall be treated as localparam [d:/FPGA/Vivaldo Project/kr260_experiments/12_axis_dma_complex_mixer_nco/12_axis_dma_complex_mixer_nco.gen/sources_1/bd/mixer_nco/ipshared/f0b6/hdl/sc_util_v1_0_vl_rfs.sv:674]
WARNING: [Synth 8-11067] parameter 'K_MAX_NUM_SNOC' declared inside package 'sc_util_v1_0_4_pkg_noc' shall be treated as localparam [d:/FPGA/Vivaldo Project/kr260_experiments/12_axis_dma_complex_mixer_nco/12_axis_dma_complex_mixer_nco.gen/sources_1/bd/mixer_nco/ipshared/f0b6/hdl/sc_util_v1_0_vl_rfs.sv:675]
WARNING: [Synth 8-11067] parameter 'NOC_MAX_SCHED_LEN' declared inside package 'sc_util_v1_0_4_pkg_noc' shall be treated as localparam [d:/FPGA/Vivaldo Project/kr260_experiments/12_axis_dma_complex_mixer_nco/12_axis_dma_complex_mixer_nco.gen/sources_1/bd/mixer_nco/ipshared/f0b6/hdl/sc_util_v1_0_vl_rfs.sv:676]
WARNING: [Synth 8-11067] parameter 'NOC_MAX_TKN_WIDTH' declared inside package 'sc_util_v1_0_4_pkg_noc' shall be treated as localparam [d:/FPGA/Vivaldo Project/kr260_experiments/12_axis_dma_complex_mixer_nco/12_axis_dma_complex_mixer_nco.gen/sources_1/bd/mixer_nco/ipshared/f0b6/hdl/sc_util_v1_0_vl_rfs.sv:677]
WARNING: [Synth 8-11067] parameter 'NOC_MAX_RTR_ADDR_WIDTH' declared inside package 'sc_util_v1_0_4_pkg_noc' shall be treated as localparam [d:/FPGA/Vivaldo Project/kr260_experiments/12_axis_dma_complex_mixer_nco/12_axis_dma_complex_mixer_nco.gen/sources_1/bd/mixer_nco/ipshared/f0b6/hdl/sc_util_v1_0_vl_rfs.sv:678]
WARNING: [Synth 8-11067] parameter 'NOC_PORT_EJECT' declared inside package 'sc_util_v1_0_4_pkg_noc' shall be treated as localparam [d:/FPGA/Vivaldo Project/kr260_experiments/12_axis_dma_complex_mixer_nco/12_axis_dma_complex_mixer_nco.gen/sources_1/bd/mixer_nco/ipshared/f0b6/hdl/sc_util_v1_0_vl_rfs.sv:679]
WARNING: [Synth 8-11067] parameter 'NOC_PORT_ASCEND' declared inside package 'sc_util_v1_0_4_pkg_noc' shall be treated as localparam [d:/FPGA/Vivaldo Project/kr260_experiments/12_axis_dma_complex_mixer_nco/12_axis_dma_complex_mixer_nco.gen/sources_1/bd/mixer_nco/ipshared/f0b6/hdl/sc_util_v1_0_vl_rfs.sv:680]
WARNING: [Synth 8-11067] parameter 'NOC_PORT_DESCEND' declared inside package 'sc_util_v1_0_4_pkg_noc' shall be treated as localparam [d:/FPGA/Vivaldo Project/kr260_experiments/12_axis_dma_complex_mixer_nco/12_axis_dma_complex_mixer_nco.gen/sources_1/bd/mixer_nco/ipshared/f0b6/hdl/sc_util_v1_0_vl_rfs.sv:681]
WARNING: [Synth 8-11067] parameter 'NOC_PORT_THROUGH' declared inside package 'sc_util_v1_0_4_pkg_noc' shall be treated as localparam [d:/FPGA/Vivaldo Project/kr260_experiments/12_axis_dma_complex_mixer_nco/12_axis_dma_complex_mixer_nco.gen/sources_1/bd/mixer_nco/ipshared/f0b6/hdl/sc_util_v1_0_vl_rfs.sv:682]
WARNING: [Synth 8-11067] parameter 'NOC_TOKEN_THROUGH' declared inside package 'sc_util_v1_0_4_pkg_noc' shall be treated as localparam [d:/FPGA/Vivaldo Project/kr260_experiments/12_axis_dma_complex_mixer_nco/12_axis_dma_complex_mixer_nco.gen/sources_1/bd/mixer_nco/ipshared/f0b6/hdl/sc_util_v1_0_vl_rfs.sv:683]
WARNING: [Synth 8-11067] parameter 'NOC_TOKEN_ASCEND' declared inside package 'sc_util_v1_0_4_pkg_noc' shall be treated as localparam [d:/FPGA/Vivaldo Project/kr260_experiments/12_axis_dma_complex_mixer_nco/12_axis_dma_complex_mixer_nco.gen/sources_1/bd/mixer_nco/ipshared/f0b6/hdl/sc_util_v1_0_vl_rfs.sv:684]
WARNING: [Synth 8-11067] parameter 'NOC_TOKEN_DESCEND' declared inside package 'sc_util_v1_0_4_pkg_noc' shall be treated as localparam [d:/FPGA/Vivaldo Project/kr260_experiments/12_axis_dma_complex_mixer_nco/12_axis_dma_complex_mixer_nco.gen/sources_1/bd/mixer_nco/ipshared/f0b6/hdl/sc_util_v1_0_vl_rfs.sv:685]
INFO: [Common 17-14] Message 'Synth 8-11067' appears 100 times and further instances of the messages will be disabled. Use the Tcl command set_msg_config to change the current settings.
WARNING: [Synth 8-11014] non-net output port 'upsizer_valid' cannot be initialized at declaration in SystemVerilog mode [d:/FPGA/Vivaldo Project/kr260_experiments/12_axis_dma_complex_mixer_nco/12_axis_dma_complex_mixer_nco.gen/sources_1/bd/mixer_nco/ipshared/66be/hdl/sc_node_v1_0_vl_rfs.sv:2589]
INFO: [Synth 8-11241] undeclared symbol 'dp_audi_ref_clk', assumed default net type 'wire' [d:/FPGA/Vivaldo Project/kr260_experiments/12_axis_dma_complex_mixer_nco/12_axis_dma_complex_mixer_nco.gen/sources_1/bd/mixer_nco/ip/mixer_nco_zynq_ultra_ps_e_0_0/hdl/zynq_ultra_ps_e_v3_4_1.v:2470]
---------------------------------------------------------------------------------
Starting RTL Elaboration : Time (s): cpu = 00:00:12 ; elapsed = 00:00:14 . Memory (MB): peak = 1810.922 ; gain = 334.699
---------------------------------------------------------------------------------
INFO: [Synth 8-6157] synthesizing module 'mixer_nco_wrapper' [D:/FPGA/Vivaldo Project/kr260_experiments/12_axis_dma_complex_mixer_nco/12_axis_dma_complex_mixer_nco.gen/sources_1/bd/mixer_nco/hdl/mixer_nco_wrapper.v:12]
INFO: [Synth 8-6157] synthesizing module 'mixer_nco' [d:/FPGA/Vivaldo Project/kr260_experiments/12_axis_dma_complex_mixer_nco/12_axis_dma_complex_mixer_nco.gen/sources_1/bd/mixer_nco/synth/mixer_nco.v:12]
INFO: [Synth 8-638] synthesizing module 'mixer_nco_axi_bram_ctrl_0_0' [d:/FPGA/Vivaldo Project/kr260_experiments/12_axis_dma_complex_mixer_nco/12_axis_dma_complex_mixer_nco.gen/sources_1/bd/mixer_nco/ip/mixer_nco_axi_bram_ctrl_0_0/synth/mixer_nco_axi_bram_ctrl_0_0.vhd:104]
	Parameter C_BRAM_INST_MODE bound to: EXTERNAL - type: string 
	Parameter C_MEMORY_DEPTH bound to: 16384 - type: integer 
	Parameter C_BRAM_ADDR_WIDTH bound to: 14 - type: integer 
	Parameter C_S_AXI_ADDR_WIDTH bound to: 16 - type: integer 
	Parameter C_S_AXI_DATA_WIDTH bound to: 32 - type: integer 
	Parameter C_S_AXI_ID_WIDTH bound to: 1 - type: integer 
	Parameter C_S_AXI_PROTOCOL bound to: AXI4 - type: string 
	Parameter C_S_AXI_SUPPORTS_NARROW_BURST bound to: 0 - type: integer 
	Parameter C_SINGLE_PORT_BRAM bound to: 1 - type: integer 
	Parameter C_FAMILY bound to: zynquplus - type: string 
	Parameter C_READ_LATENCY bound to: 1 - type: integer 
	Parameter C_RD_CMD_OPTIMIZATION bound to: 0 - type: integer 
	Parameter C_S_AXI_CTRL_ADDR_WIDTH bound to: 32 - type: integer 
	Parameter C_S_AXI_CTRL_DATA_WIDTH bound to: 32 - type: integer 
	Parameter C_ECC bound to: 0 - type: integer 
	Parameter C_ECC_TYPE bound to: 0 - type: integer 
	Parameter C_FAULT_INJECT bound to: 0 - type: integer 
	Parameter C_ECC_ONOFF_RESET_VALUE bound to: 0 - type: integer 
INFO: [Synth 8-3491] module 'axi_bram_ctrl' declared at 'd:/FPGA/Vivaldo Project/kr260_experiments/12_axis_dma_complex_mixer_nco/12_axis_dma_complex_mixer_nco.gen/sources_1/bd/mixer_nco/ipshared/f80b/hdl/axi_bram_ctrl_v4_1_rfs.vhd:31357' bound to instance 'U0' of component 'axi_bram_ctrl' [d:/FPGA/Vivaldo Project/kr260_experiments/12_axis_dma_complex_mixer_nco/12_axis_dma_complex_mixer_nco.gen/sources_1/bd/mixer_nco/ip/mixer_nco_axi_bram_ctrl_0_0/synth/mixer_nco_axi_bram_ctrl_0_0.vhd:255]
INFO: [Synth 8-638] synthesizing module 'axi_bram_ctrl' [d:/FPGA/Vivaldo Project/kr260_experiments/12_axis_dma_complex_mixer_nco/12_axis_dma_complex_mixer_nco.gen/sources_1/bd/mixer_nco/ipshared/f80b/hdl/axi_bram_ctrl_v4_1_rfs.vhd:31528]
INFO: [Synth 8-638] synthesizing module 'axi_bram_ctrl_top' [d:/FPGA/Vivaldo Project/kr260_experiments/12_axis_dma_complex_mixer_nco/12_axis_dma_complex_mixer_nco.gen/sources_1/bd/mixer_nco/ipshared/f80b/hdl/axi_bram_ctrl_v4_1_rfs.vhd:30527]
INFO: [Synth 8-638] synthesizing module 'full_axi' [d:/FPGA/Vivaldo Project/kr260_experiments/12_axis_dma_complex_mixer_nco/12_axis_dma_complex_mixer_nco.gen/sources_1/bd/mixer_nco/ipshared/f80b/hdl/axi_bram_ctrl_v4_1_rfs.vhd:29280]
WARNING: [Synth 8-6774] Null subtype or type declaration found [d:/FPGA/Vivaldo Project/kr260_experiments/12_axis_dma_complex_mixer_nco/12_axis_dma_complex_mixer_nco.gen/sources_1/bd/mixer_nco/ipshared/f80b/hdl/axi_bram_ctrl_v4_1_rfs.vhd:29350]
INFO: [Synth 8-3919] null assignment ignored [d:/FPGA/Vivaldo Project/kr260_experiments/12_axis_dma_complex_mixer_nco/12_axis_dma_complex_mixer_nco.gen/sources_1/bd/mixer_nco/ipshared/f80b/hdl/axi_bram_ctrl_v4_1_rfs.vhd:29350]
INFO: [Synth 8-638] synthesizing module 'sng_port_arb' [d:/FPGA/Vivaldo Project/kr260_experiments/12_axis_dma_complex_mixer_nco/12_axis_dma_complex_mixer_nco.gen/sources_1/bd/mixer_nco/ipshared/f80b/hdl/axi_bram_ctrl_v4_1_rfs.vhd:11456]
INFO: [Synth 8-256] done synthesizing module 'sng_port_arb' (0#1) [d:/FPGA/Vivaldo Project/kr260_experiments/12_axis_dma_complex_mixer_nco/12_axis_dma_complex_mixer_nco.gen/sources_1/bd/mixer_nco/ipshared/f80b/hdl/axi_bram_ctrl_v4_1_rfs.vhd:11456]
INFO: [Synth 8-638] synthesizing module 'wr_chnl' [d:/FPGA/Vivaldo Project/kr260_experiments/12_axis_dma_complex_mixer_nco/12_axis_dma_complex_mixer_nco.gen/sources_1/bd/mixer_nco/ipshared/f80b/hdl/axi_bram_ctrl_v4_1_rfs.vhd:24159]
INFO: [Synth 8-506] null port 'FaultInjectECC' ignored [d:/FPGA/Vivaldo Project/kr260_experiments/12_axis_dma_complex_mixer_nco/12_axis_dma_complex_mixer_nco.gen/sources_1/bd/mixer_nco/ipshared/f80b/hdl/axi_bram_ctrl_v4_1_rfs.vhd:24126]
INFO: [Synth 8-638] synthesizing module 'wrap_brst' [d:/FPGA/Vivaldo Project/kr260_experiments/12_axis_dma_complex_mixer_nco/12_axis_dma_complex_mixer_nco.gen/sources_1/bd/mixer_nco/ipshared/f80b/hdl/axi_bram_ctrl_v4_1_rfs.vhd:12455]
INFO: [Synth 8-256] done synthesizing module 'wrap_brst' (0#1) [d:/FPGA/Vivaldo Project/kr260_experiments/12_axis_dma_complex_mixer_nco/12_axis_dma_complex_mixer_nco.gen/sources_1/bd/mixer_nco/ipshared/f80b/hdl/axi_bram_ctrl_v4_1_rfs.vhd:12455]
INFO: [Synth 8-638] synthesizing module 'SRL_FIFO' [d:/FPGA/Vivaldo Project/kr260_experiments/12_axis_dma_complex_mixer_nco/12_axis_dma_complex_mixer_nco.gen/sources_1/bd/mixer_nco/ipshared/f80b/hdl/axi_bram_ctrl_v4_1_rfs.vhd:133]
INFO: [Synth 8-3491] module 'FDR' declared at 'D:/Xilinx/Vivado/2022.2/scripts/rt/data/unisim_comp.v:38695' bound to instance 'Data_Exists_DFF' of component 'FDR' [d:/FPGA/Vivaldo Project/kr260_experiments/12_axis_dma_complex_mixer_nco/12_axis_dma_complex_mixer_nco.gen/sources_1/bd/mixer_nco/ipshared/f80b/hdl/axi_bram_ctrl_v4_1_rfs.vhd:230]
INFO: [Synth 8-6157] synthesizing module 'FDR' [D:/Xilinx/Vivado/2022.2/scripts/rt/data/unisim_comp.v:38695]
INFO: [Synth 8-6155] done synthesizing module 'FDR' (0#1) [D:/Xilinx/Vivado/2022.2/scripts/rt/data/unisim_comp.v:38695]
INFO: [Synth 8-3491] module 'MUXCY_L' declared at 'D:/Xilinx/Vivado/2022.2/scripts/rt/data/unisim_comp.v:82830' bound to instance 'MUXCY_L_I' of component 'MUXCY_L' [d:/FPGA/Vivaldo Project/kr260_experiments/12_axis_dma_complex_mixer_nco/12_axis_dma_complex_mixer_nco.gen/sources_1/bd/mixer_nco/ipshared/f80b/hdl/axi_bram_ctrl_v4_1_rfs.vhd:247]
INFO: [Synth 8-6157] synthesizing module 'MUXCY_L' [D:/Xilinx/Vivado/2022.2/scripts/rt/data/unisim_comp.v:82830]
INFO: [Synth 8-6155] done synthesizing module 'MUXCY_L' (0#1) [D:/Xilinx/Vivado/2022.2/scripts/rt/data/unisim_comp.v:82830]
INFO: [Synth 8-3491] module 'XORCY' declared at 'D:/Xilinx/Vivado/2022.2/scripts/rt/data/unisim_comp.v:136539' bound to instance 'XORCY_I' of component 'XORCY' [d:/FPGA/Vivaldo Project/kr260_experiments/12_axis_dma_complex_mixer_nco/12_axis_dma_complex_mixer_nco.gen/sources_1/bd/mixer_nco/ipshared/f80b/hdl/axi_bram_ctrl_v4_1_rfs.vhd:254]
INFO: [Synth 8-6157] synthesizing module 'XORCY' [D:/Xilinx/Vivado/2022.2/scripts/rt/data/unisim_comp.v:136539]
INFO: [Synth 8-6155] done synthesizing module 'XORCY' (0#1) [D:/Xilinx/Vivado/2022.2/scripts/rt/data/unisim_comp.v:136539]
INFO: [Synth 8-3491] module 'FDRE' declared at 'D:/Xilinx/Vivado/2022.2/scripts/rt/data/unisim_comp.v:38708' bound to instance 'FDRE_I' of component 'FDRE' [d:/FPGA/Vivaldo Project/kr260_experiments/12_axis_dma_complex_mixer_nco/12_axis_dma_complex_mixer_nco.gen/sources_1/bd/mixer_nco/ipshared/f80b/hdl/axi_bram_ctrl_v4_1_rfs.vhd:260]
INFO: [Synth 8-6157] synthesizing module 'FDRE' [D:/Xilinx/Vivado/2022.2/scripts/rt/data/unisim_comp.v:38708]
INFO: [Synth 8-6155] done synthesizing module 'FDRE' (0#1) [D:/Xilinx/Vivado/2022.2/scripts/rt/data/unisim_comp.v:38708]
INFO: [Synth 8-3491] module 'MUXCY_L' declared at 'D:/Xilinx/Vivado/2022.2/scripts/rt/data/unisim_comp.v:82830' bound to instance 'MUXCY_L_I' of component 'MUXCY_L' [d:/FPGA/Vivaldo Project/kr260_experiments/12_axis_dma_complex_mixer_nco/12_axis_dma_complex_mixer_nco.gen/sources_1/bd/mixer_nco/ipshared/f80b/hdl/axi_bram_ctrl_v4_1_rfs.vhd:247]
INFO: [Synth 8-3491] module 'XORCY' declared at 'D:/Xilinx/Vivado/2022.2/scripts/rt/data/unisim_comp.v:136539' bound to instance 'XORCY_I' of component 'XORCY' [d:/FPGA/Vivaldo Project/kr260_experiments/12_axis_dma_complex_mixer_nco/12_axis_dma_complex_mixer_nco.gen/sources_1/bd/mixer_nco/ipshared/f80b/hdl/axi_bram_ctrl_v4_1_rfs.vhd:254]
INFO: [Synth 8-3491] module 'FDRE' declared at 'D:/Xilinx/Vivado/2022.2/scripts/rt/data/unisim_comp.v:38708' bound to instance 'FDRE_I' of component 'FDRE' [d:/FPGA/Vivaldo Project/kr260_experiments/12_axis_dma_complex_mixer_nco/12_axis_dma_complex_mixer_nco.gen/sources_1/bd/mixer_nco/ipshared/f80b/hdl/axi_bram_ctrl_v4_1_rfs.vhd:260]
INFO: [Synth 8-3491] module 'MUXCY_L' declared at 'D:/Xilinx/Vivado/2022.2/scripts/rt/data/unisim_comp.v:82830' bound to instance 'MUXCY_L_I' of component 'MUXCY_L' [d:/FPGA/Vivaldo Project/kr260_experiments/12_axis_dma_complex_mixer_nco/12_axis_dma_complex_mixer_nco.gen/sources_1/bd/mixer_nco/ipshared/f80b/hdl/axi_bram_ctrl_v4_1_rfs.vhd:247]
INFO: [Synth 8-3491] module 'XORCY' declared at 'D:/Xilinx/Vivado/2022.2/scripts/rt/data/unisim_comp.v:136539' bound to instance 'XORCY_I' of component 'XORCY' [d:/FPGA/Vivaldo Project/kr260_experiments/12_axis_dma_complex_mixer_nco/12_axis_dma_complex_mixer_nco.gen/sources_1/bd/mixer_nco/ipshared/f80b/hdl/axi_bram_ctrl_v4_1_rfs.vhd:254]
INFO: [Synth 8-3491] module 'FDRE' declared at 'D:/Xilinx/Vivado/2022.2/scripts/rt/data/unisim_comp.v:38708' bound to instance 'FDRE_I' of component 'FDRE' [d:/FPGA/Vivaldo Project/kr260_experiments/12_axis_dma_complex_mixer_nco/12_axis_dma_complex_mixer_nco.gen/sources_1/bd/mixer_nco/ipshared/f80b/hdl/axi_bram_ctrl_v4_1_rfs.vhd:260]
INFO: [Synth 8-3491] module 'MUXCY_L' declared at 'D:/Xilinx/Vivado/2022.2/scripts/rt/data/unisim_comp.v:82830' bound to instance 'MUXCY_L_I' of component 'MUXCY_L' [d:/FPGA/Vivaldo Project/kr260_experiments/12_axis_dma_complex_mixer_nco/12_axis_dma_complex_mixer_nco.gen/sources_1/bd/mixer_nco/ipshared/f80b/hdl/axi_bram_ctrl_v4_1_rfs.vhd:247]
INFO: [Synth 8-3491] module 'XORCY' declared at 'D:/Xilinx/Vivado/2022.2/scripts/rt/data/unisim_comp.v:136539' bound to instance 'XORCY_I' of component 'XORCY' [d:/FPGA/Vivaldo Project/kr260_experiments/12_axis_dma_complex_mixer_nco/12_axis_dma_complex_mixer_nco.gen/sources_1/bd/mixer_nco/ipshared/f80b/hdl/axi_bram_ctrl_v4_1_rfs.vhd:254]
INFO: [Synth 8-3491] module 'FDRE' declared at 'D:/Xilinx/Vivado/2022.2/scripts/rt/data/unisim_comp.v:38708' bound to instance 'FDRE_I' of component 'FDRE' [d:/FPGA/Vivaldo Project/kr260_experiments/12_axis_dma_complex_mixer_nco/12_axis_dma_complex_mixer_nco.gen/sources_1/bd/mixer_nco/ipshared/f80b/hdl/axi_bram_ctrl_v4_1_rfs.vhd:260]
INFO: [Synth 8-3491] module 'SRL16E' declared at 'D:/Xilinx/Vivado/2022.2/scripts/rt/data/unisim_comp.v:131644' bound to instance 'SRL16E_I' of component 'SRL16E' [d:/FPGA/Vivaldo Project/kr260_experiments/12_axis_dma_complex_mixer_nco/12_axis_dma_complex_mixer_nco.gen/sources_1/bd/mixer_nco/ipshared/f80b/hdl/axi_bram_ctrl_v4_1_rfs.vhd:271]
INFO: [Synth 8-6157] synthesizing module 'SRL16E' [D:/Xilinx/Vivado/2022.2/scripts/rt/data/unisim_comp.v:131644]
INFO: [Synth 8-6155] done synthesizing module 'SRL16E' (0#1) [D:/Xilinx/Vivado/2022.2/scripts/rt/data/unisim_comp.v:131644]
INFO: [Synth 8-256] done synthesizing module 'SRL_FIFO' (0#1) [d:/FPGA/Vivaldo Project/kr260_experiments/12_axis_dma_complex_mixer_nco/12_axis_dma_complex_mixer_nco.gen/sources_1/bd/mixer_nco/ipshared/f80b/hdl/axi_bram_ctrl_v4_1_rfs.vhd:133]
INFO: [Synth 8-256] done synthesizing module 'wr_chnl' (0#1) [d:/FPGA/Vivaldo Project/kr260_experiments/12_axis_dma_complex_mixer_nco/12_axis_dma_complex_mixer_nco.gen/sources_1/bd/mixer_nco/ipshared/f80b/hdl/axi_bram_ctrl_v4_1_rfs.vhd:24159]
WARNING: [Synth 8-6778] Component port with null array found, Will be ignored [d:/FPGA/Vivaldo Project/kr260_experiments/12_axis_dma_complex_mixer_nco/12_axis_dma_complex_mixer_nco.gen/sources_1/bd/mixer_nco/ipshared/f80b/hdl/axi_bram_ctrl_v4_1_rfs.vhd:30020]
INFO: [Synth 8-638] synthesizing module 'rd_chnl' [d:/FPGA/Vivaldo Project/kr260_experiments/12_axis_dma_complex_mixer_nco/12_axis_dma_complex_mixer_nco.gen/sources_1/bd/mixer_nco/ipshared/f80b/hdl/axi_bram_ctrl_v4_1_rfs.vhd:14746]
INFO: [Synth 8-256] done synthesizing module 'rd_chnl' (0#1) [d:/FPGA/Vivaldo Project/kr260_experiments/12_axis_dma_complex_mixer_nco/12_axis_dma_complex_mixer_nco.gen/sources_1/bd/mixer_nco/ipshared/f80b/hdl/axi_bram_ctrl_v4_1_rfs.vhd:14746]
INFO: [Synth 8-256] done synthesizing module 'full_axi' (0#1) [d:/FPGA/Vivaldo Project/kr260_experiments/12_axis_dma_complex_mixer_nco/12_axis_dma_complex_mixer_nco.gen/sources_1/bd/mixer_nco/ipshared/f80b/hdl/axi_bram_ctrl_v4_1_rfs.vhd:29280]
INFO: [Synth 8-256] done synthesizing module 'axi_bram_ctrl_top' (0#1) [d:/FPGA/Vivaldo Project/kr260_experiments/12_axis_dma_complex_mixer_nco/12_axis_dma_complex_mixer_nco.gen/sources_1/bd/mixer_nco/ipshared/f80b/hdl/axi_bram_ctrl_v4_1_rfs.vhd:30527]
INFO: [Synth 8-256] done synthesizing module 'axi_bram_ctrl' (0#1) [d:/FPGA/Vivaldo Project/kr260_experiments/12_axis_dma_complex_mixer_nco/12_axis_dma_complex_mixer_nco.gen/sources_1/bd/mixer_nco/ipshared/f80b/hdl/axi_bram_ctrl_v4_1_rfs.vhd:31528]
INFO: [Synth 8-256] done synthesizing module 'mixer_nco_axi_bram_ctrl_0_0' (0#1) [d:/FPGA/Vivaldo Project/kr260_experiments/12_axis_dma_complex_mixer_nco/12_axis_dma_complex_mixer_nco.gen/sources_1/bd/mixer_nco/ip/mixer_nco_axi_bram_ctrl_0_0/synth/mixer_nco_axi_bram_ctrl_0_0.vhd:104]
INFO: [Synth 8-638] synthesizing module 'mixer_nco_axi_dma_0_0' [d:/FPGA/Vivaldo Project/kr260_experiments/12_axis_dma_complex_mixer_nco/12_axis_dma_complex_mixer_nco.gen/sources_1/bd/mixer_nco/ip/mixer_nco_axi_dma_0_0/synth/mixer_nco_axi_dma_0_0.vhd:128]
	Parameter C_S_AXI_LITE_ADDR_WIDTH bound to: 10 - type: integer 
	Parameter C_S_AXI_LITE_DATA_WIDTH bound to: 32 - type: integer 
	Parameter C_DLYTMR_RESOLUTION bound to: 125 - type: integer 
	Parameter C_PRMRY_IS_ACLK_ASYNC bound to: 0 - type: integer 
	Parameter C_ENABLE_MULTI_CHANNEL bound to: 0 - type: integer 
	Parameter C_NUM_MM2S_CHANNELS bound to: 1 - type: integer 
	Parameter C_NUM_S2MM_CHANNELS bound to: 1 - type: integer 
	Parameter C_INCLUDE_SG bound to: 0 - type: integer 
	Parameter C_SG_INCLUDE_STSCNTRL_STRM bound to: 0 - type: integer 
	Parameter C_SG_USE_STSAPP_LENGTH bound to: 0 - type: integer 
	Parameter C_SG_LENGTH_WIDTH bound to: 14 - type: integer 
	Parameter C_M_AXI_SG_ADDR_WIDTH bound to: 32 - type: integer 
	Parameter C_M_AXI_SG_DATA_WIDTH bound to: 32 - type: integer 
	Parameter C_M_AXIS_MM2S_CNTRL_TDATA_WIDTH bound to: 32 - type: integer 
	Parameter C_S_AXIS_S2MM_STS_TDATA_WIDTH bound to: 32 - type: integer 
	Parameter C_MICRO_DMA bound to: 0 - type: integer 
	Parameter C_INCLUDE_MM2S bound to: 1 - type: integer 
	Parameter C_INCLUDE_MM2S_SF bound to: 1 - type: integer 
	Parameter C_MM2S_BURST_SIZE bound to: 16 - type: integer 
	Parameter C_M_AXI_MM2S_ADDR_WIDTH bound to: 32 - type: integer 
	Parameter C_M_AXI_MM2S_DATA_WIDTH bound to: 32 - type: integer 
	Parameter C_M_AXIS_MM2S_TDATA_WIDTH bound to: 32 - type: integer 
	Parameter C_INCLUDE_MM2S_DRE bound to: 0 - type: integer 
	Parameter C_INCLUDE_S2MM bound to: 1 - type: integer 
	Parameter C_INCLUDE_S2MM_SF bound to: 1 - type: integer 
	Parameter C_S2MM_BURST_SIZE bound to: 16 - type: integer 
	Parameter C_M_AXI_S2MM_ADDR_WIDTH bound to: 32 - type: integer 
	Parameter C_M_AXI_S2MM_DATA_WIDTH bound to: 32 - type: integer 
	Parameter C_S_AXIS_S2MM_TDATA_WIDTH bound to: 32 - type: integer 
	Parameter C_INCLUDE_S2MM_DRE bound to: 0 - type: integer 
	Parameter C_INCREASE_THROUGHPUT bound to: 0 - type: integer 
	Parameter C_FAMILY bound to: zynquplus - type: string 
INFO: [Synth 8-3491] module 'axi_dma' declared at 'd:/FPGA/Vivaldo Project/kr260_experiments/12_axis_dma_complex_mixer_nco/12_axis_dma_complex_mixer_nco.gen/sources_1/bd/mixer_nco/ipshared/70c4/hdl/axi_dma_v7_1_vh_rfs.vhd:21833' bound to instance 'U0' of component 'axi_dma' [d:/FPGA/Vivaldo Project/kr260_experiments/12_axis_dma_complex_mixer_nco/12_axis_dma_complex_mixer_nco.gen/sources_1/bd/mixer_nco/ip/mixer_nco_axi_dma_0_0/synth/mixer_nco_axi_dma_0_0.vhd:374]
INFO: [Synth 8-638] synthesizing module 'axi_dma' [d:/FPGA/Vivaldo Project/kr260_experiments/12_axis_dma_complex_mixer_nco/12_axis_dma_complex_mixer_nco.gen/sources_1/bd/mixer_nco/ipshared/70c4/hdl/axi_dma_v7_1_vh_rfs.vhd:22178]
INFO: [Synth 8-638] synthesizing module 'axi_dma_rst_module' [d:/FPGA/Vivaldo Project/kr260_experiments/12_axis_dma_complex_mixer_nco/12_axis_dma_complex_mixer_nco.gen/sources_1/bd/mixer_nco/ipshared/70c4/hdl/axi_dma_v7_1_vh_rfs.vhd:1595]
INFO: [Synth 8-638] synthesizing module 'cdc_sync' [d:/FPGA/Vivaldo Project/kr260_experiments/12_axis_dma_complex_mixer_nco/12_axis_dma_complex_mixer_nco.gen/sources_1/bd/mixer_nco/ipshared/ef1e/hdl/lib_cdc_v1_0_rfs.vhd:106]
	Parameter INIT bound to: 1'b0 
INFO: [Synth 8-113] binding component instance 'CROSS_PLEVEL_IN2SCNDRY_IN_cdc_to' to cell 'FDR' [d:/FPGA/Vivaldo Project/kr260_experiments/12_axis_dma_complex_mixer_nco/12_axis_dma_complex_mixer_nco.gen/sources_1/bd/mixer_nco/ipshared/ef1e/hdl/lib_cdc_v1_0_rfs.vhd:514]
	Parameter INIT bound to: 1'b0 
INFO: [Synth 8-113] binding component instance 'CROSS_PLEVEL_IN2SCNDRY_s_level_out_d2' to cell 'FDR' [d:/FPGA/Vivaldo Project/kr260_experiments/12_axis_dma_complex_mixer_nco/12_axis_dma_complex_mixer_nco.gen/sources_1/bd/mixer_nco/ipshared/ef1e/hdl/lib_cdc_v1_0_rfs.vhd:545]
	Parameter INIT bound to: 1'b0 
INFO: [Synth 8-113] binding component instance 'CROSS_PLEVEL_IN2SCNDRY_s_level_out_d3' to cell 'FDR' [d:/FPGA/Vivaldo Project/kr260_experiments/12_axis_dma_complex_mixer_nco/12_axis_dma_complex_mixer_nco.gen/sources_1/bd/mixer_nco/ipshared/ef1e/hdl/lib_cdc_v1_0_rfs.vhd:554]
	Parameter INIT bound to: 1'b0 
INFO: [Synth 8-113] binding component instance 'CROSS_PLEVEL_IN2SCNDRY_s_level_out_d4' to cell 'FDR' [d:/FPGA/Vivaldo Project/kr260_experiments/12_axis_dma_complex_mixer_nco/12_axis_dma_complex_mixer_nco.gen/sources_1/bd/mixer_nco/ipshared/ef1e/hdl/lib_cdc_v1_0_rfs.vhd:564]
	Parameter INIT bound to: 1'b0 
INFO: [Synth 8-113] binding component instance 'CROSS_PLEVEL_IN2SCNDRY_s_level_out_d5' to cell 'FDR' [d:/FPGA/Vivaldo Project/kr260_experiments/12_axis_dma_complex_mixer_nco/12_axis_dma_complex_mixer_nco.gen/sources_1/bd/mixer_nco/ipshared/ef1e/hdl/lib_cdc_v1_0_rfs.vhd:574]
	Parameter INIT bound to: 1'b0 
INFO: [Synth 8-113] binding component instance 'CROSS_PLEVEL_IN2SCNDRY_s_level_out_d6' to cell 'FDR' [d:/FPGA/Vivaldo Project/kr260_experiments/12_axis_dma_complex_mixer_nco/12_axis_dma_complex_mixer_nco.gen/sources_1/bd/mixer_nco/ipshared/ef1e/hdl/lib_cdc_v1_0_rfs.vhd:584]
INFO: [Synth 8-256] done synthesizing module 'cdc_sync' (0#1) [d:/FPGA/Vivaldo Project/kr260_experiments/12_axis_dma_complex_mixer_nco/12_axis_dma_complex_mixer_nco.gen/sources_1/bd/mixer_nco/ipshared/ef1e/hdl/lib_cdc_v1_0_rfs.vhd:106]
INFO: [Synth 8-638] synthesizing module 'axi_dma_reset' [d:/FPGA/Vivaldo Project/kr260_experiments/12_axis_dma_complex_mixer_nco/12_axis_dma_complex_mixer_nco.gen/sources_1/bd/mixer_nco/ipshared/70c4/hdl/axi_dma_v7_1_vh_rfs.vhd:603]
INFO: [Synth 8-256] done synthesizing module 'axi_dma_reset' (0#1) [d:/FPGA/Vivaldo Project/kr260_experiments/12_axis_dma_complex_mixer_nco/12_axis_dma_complex_mixer_nco.gen/sources_1/bd/mixer_nco/ipshared/70c4/hdl/axi_dma_v7_1_vh_rfs.vhd:603]
INFO: [Synth 8-256] done synthesizing module 'axi_dma_rst_module' (0#1) [d:/FPGA/Vivaldo Project/kr260_experiments/12_axis_dma_complex_mixer_nco/12_axis_dma_complex_mixer_nco.gen/sources_1/bd/mixer_nco/ipshared/70c4/hdl/axi_dma_v7_1_vh_rfs.vhd:1595]
INFO: [Synth 8-638] synthesizing module 'axi_dma_reg_module' [d:/FPGA/Vivaldo Project/kr260_experiments/12_axis_dma_complex_mixer_nco/12_axis_dma_complex_mixer_nco.gen/sources_1/bd/mixer_nco/ipshared/70c4/hdl/axi_dma_v7_1_vh_rfs.vhd:8436]
INFO: [Synth 8-638] synthesizing module 'axi_dma_lite_if' [d:/FPGA/Vivaldo Project/kr260_experiments/12_axis_dma_complex_mixer_nco/12_axis_dma_complex_mixer_nco.gen/sources_1/bd/mixer_nco/ipshared/70c4/hdl/axi_dma_v7_1_vh_rfs.vhd:2066]
INFO: [Synth 8-256] done synthesizing module 'axi_dma_lite_if' (0#1) [d:/FPGA/Vivaldo Project/kr260_experiments/12_axis_dma_complex_mixer_nco/12_axis_dma_complex_mixer_nco.gen/sources_1/bd/mixer_nco/ipshared/70c4/hdl/axi_dma_v7_1_vh_rfs.vhd:2066]
INFO: [Synth 8-638] synthesizing module 'axi_dma_register' [d:/FPGA/Vivaldo Project/kr260_experiments/12_axis_dma_complex_mixer_nco/12_axis_dma_complex_mixer_nco.gen/sources_1/bd/mixer_nco/ipshared/70c4/hdl/axi_dma_v7_1_vh_rfs.vhd:3607]
INFO: [Synth 8-256] done synthesizing module 'axi_dma_register' (0#1) [d:/FPGA/Vivaldo Project/kr260_experiments/12_axis_dma_complex_mixer_nco/12_axis_dma_complex_mixer_nco.gen/sources_1/bd/mixer_nco/ipshared/70c4/hdl/axi_dma_v7_1_vh_rfs.vhd:3607]
INFO: [Synth 8-638] synthesizing module 'axi_dma_register_s2mm' [d:/FPGA/Vivaldo Project/kr260_experiments/12_axis_dma_complex_mixer_nco/12_axis_dma_complex_mixer_nco.gen/sources_1/bd/mixer_nco/ipshared/70c4/hdl/axi_dma_v7_1_vh_rfs.vhd:4853]
INFO: [Synth 8-256] done synthesizing module 'axi_dma_register_s2mm' (0#1) [d:/FPGA/Vivaldo Project/kr260_experiments/12_axis_dma_complex_mixer_nco/12_axis_dma_complex_mixer_nco.gen/sources_1/bd/mixer_nco/ipshared/70c4/hdl/axi_dma_v7_1_vh_rfs.vhd:4853]
INFO: [Synth 8-256] done synthesizing module 'axi_dma_reg_module' (0#1) [d:/FPGA/Vivaldo Project/kr260_experiments/12_axis_dma_complex_mixer_nco/12_axis_dma_complex_mixer_nco.gen/sources_1/bd/mixer_nco/ipshared/70c4/hdl/axi_dma_v7_1_vh_rfs.vhd:8436]
INFO: [Synth 8-638] synthesizing module 'axi_dma_mm2s_mngr' [d:/FPGA/Vivaldo Project/kr260_experiments/12_axis_dma_complex_mixer_nco/12_axis_dma_complex_mixer_nco.gen/sources_1/bd/mixer_nco/ipshared/70c4/hdl/axi_dma_v7_1_vh_rfs.vhd:15178]
INFO: [Synth 8-638] synthesizing module 'axi_dma_smple_sm' [d:/FPGA/Vivaldo Project/kr260_experiments/12_axis_dma_complex_mixer_nco/12_axis_dma_complex_mixer_nco.gen/sources_1/bd/mixer_nco/ipshared/70c4/hdl/axi_dma_v7_1_vh_rfs.vhd:11972]
INFO: [Synth 8-256] done synthesizing module 'axi_dma_smple_sm' (0#1) [d:/FPGA/Vivaldo Project/kr260_experiments/12_axis_dma_complex_mixer_nco/12_axis_dma_complex_mixer_nco.gen/sources_1/bd/mixer_nco/ipshared/70c4/hdl/axi_dma_v7_1_vh_rfs.vhd:11972]
INFO: [Synth 8-638] synthesizing module 'axi_dma_mm2s_cmdsts_if' [d:/FPGA/Vivaldo Project/kr260_experiments/12_axis_dma_complex_mixer_nco/12_axis_dma_complex_mixer_nco.gen/sources_1/bd/mixer_nco/ipshared/70c4/hdl/axi_dma_v7_1_vh_rfs.vhd:13960]
INFO: [Synth 8-256] done synthesizing module 'axi_dma_mm2s_cmdsts_if' (0#1) [d:/FPGA/Vivaldo Project/kr260_experiments/12_axis_dma_complex_mixer_nco/12_axis_dma_complex_mixer_nco.gen/sources_1/bd/mixer_nco/ipshared/70c4/hdl/axi_dma_v7_1_vh_rfs.vhd:13960]
INFO: [Synth 8-638] synthesizing module 'axi_dma_mm2s_sts_mngr' [d:/FPGA/Vivaldo Project/kr260_experiments/12_axis_dma_complex_mixer_nco/12_axis_dma_complex_mixer_nco.gen/sources_1/bd/mixer_nco/ipshared/70c4/hdl/axi_dma_v7_1_vh_rfs.vhd:14275]
INFO: [Synth 8-256] done synthesizing module 'axi_dma_mm2s_sts_mngr' (0#1) [d:/FPGA/Vivaldo Project/kr260_experiments/12_axis_dma_complex_mixer_nco/12_axis_dma_complex_mixer_nco.gen/sources_1/bd/mixer_nco/ipshared/70c4/hdl/axi_dma_v7_1_vh_rfs.vhd:14275]
INFO: [Synth 8-256] done synthesizing module 'axi_dma_mm2s_mngr' (0#1) [d:/FPGA/Vivaldo Project/kr260_experiments/12_axis_dma_complex_mixer_nco/12_axis_dma_complex_mixer_nco.gen/sources_1/bd/mixer_nco/ipshared/70c4/hdl/axi_dma_v7_1_vh_rfs.vhd:15178]
INFO: [Synth 8-638] synthesizing module 'axi_dma_sofeof_gen' [d:/FPGA/Vivaldo Project/kr260_experiments/12_axis_dma_complex_mixer_nco/12_axis_dma_complex_mixer_nco.gen/sources_1/bd/mixer_nco/ipshared/70c4/hdl/axi_dma_v7_1_vh_rfs.vhd:11441]
INFO: [Synth 8-256] done synthesizing module 'axi_dma_sofeof_gen' (0#1) [d:/FPGA/Vivaldo Project/kr260_experiments/12_axis_dma_complex_mixer_nco/12_axis_dma_complex_mixer_nco.gen/sources_1/bd/mixer_nco/ipshared/70c4/hdl/axi_dma_v7_1_vh_rfs.vhd:11441]
INFO: [Synth 8-638] synthesizing module 'axi_dma_s2mm_mngr' [d:/FPGA/Vivaldo Project/kr260_experiments/12_axis_dma_complex_mixer_nco/12_axis_dma_complex_mixer_nco.gen/sources_1/bd/mixer_nco/ipshared/70c4/hdl/axi_dma_v7_1_vh_rfs.vhd:20564]
INFO: [Synth 8-638] synthesizing module 'axi_dma_s2mm_cmdsts_if' [d:/FPGA/Vivaldo Project/kr260_experiments/12_axis_dma_complex_mixer_nco/12_axis_dma_complex_mixer_nco.gen/sources_1/bd/mixer_nco/ipshared/70c4/hdl/axi_dma_v7_1_vh_rfs.vhd:18828]
INFO: [Synth 8-256] done synthesizing module 'axi_dma_s2mm_cmdsts_if' (0#1) [d:/FPGA/Vivaldo Project/kr260_experiments/12_axis_dma_complex_mixer_nco/12_axis_dma_complex_mixer_nco.gen/sources_1/bd/mixer_nco/ipshared/70c4/hdl/axi_dma_v7_1_vh_rfs.vhd:18828]
INFO: [Synth 8-638] synthesizing module 'axi_dma_s2mm_sts_mngr' [d:/FPGA/Vivaldo Project/kr260_experiments/12_axis_dma_complex_mixer_nco/12_axis_dma_complex_mixer_nco.gen/sources_1/bd/mixer_nco/ipshared/70c4/hdl/axi_dma_v7_1_vh_rfs.vhd:19258]
INFO: [Synth 8-256] done synthesizing module 'axi_dma_s2mm_sts_mngr' (0#1) [d:/FPGA/Vivaldo Project/kr260_experiments/12_axis_dma_complex_mixer_nco/12_axis_dma_complex_mixer_nco.gen/sources_1/bd/mixer_nco/ipshared/70c4/hdl/axi_dma_v7_1_vh_rfs.vhd:19258]
INFO: [Synth 8-256] done synthesizing module 'axi_dma_s2mm_mngr' (0#1) [d:/FPGA/Vivaldo Project/kr260_experiments/12_axis_dma_complex_mixer_nco/12_axis_dma_complex_mixer_nco.gen/sources_1/bd/mixer_nco/ipshared/70c4/hdl/axi_dma_v7_1_vh_rfs.vhd:20564]
INFO: [Synth 8-638] synthesizing module 'axi_datamover' [d:/FPGA/Vivaldo Project/kr260_experiments/12_axis_dma_complex_mixer_nco/12_axis_dma_complex_mixer_nco.gen/sources_1/bd/mixer_nco/ipshared/2237/hdl/axi_datamover_v5_1_vh_rfs.vhd:55439]
INFO: [Synth 8-638] synthesizing module 'axi_datamover_mm2s_full_wrap' [d:/FPGA/Vivaldo Project/kr260_experiments/12_axis_dma_complex_mixer_nco/12_axis_dma_complex_mixer_nco.gen/sources_1/bd/mixer_nco/ipshared/2237/hdl/axi_datamover_v5_1_vh_rfs.vhd:53572]
INFO: [Synth 8-638] synthesizing module 'axi_datamover_reset' [d:/FPGA/Vivaldo Project/kr260_experiments/12_axis_dma_complex_mixer_nco/12_axis_dma_complex_mixer_nco.gen/sources_1/bd/mixer_nco/ipshared/2237/hdl/axi_datamover_v5_1_vh_rfs.vhd:153]
INFO: [Synth 8-256] done synthesizing module 'axi_datamover_reset' (0#1) [d:/FPGA/Vivaldo Project/kr260_experiments/12_axis_dma_complex_mixer_nco/12_axis_dma_complex_mixer_nco.gen/sources_1/bd/mixer_nco/ipshared/2237/hdl/axi_datamover_v5_1_vh_rfs.vhd:153]
INFO: [Synth 8-638] synthesizing module 'axi_datamover_cmd_status' [d:/FPGA/Vivaldo Project/kr260_experiments/12_axis_dma_complex_mixer_nco/12_axis_dma_complex_mixer_nco.gen/sources_1/bd/mixer_nco/ipshared/2237/hdl/axi_datamover_v5_1_vh_rfs.vhd:2698]
INFO: [Synth 8-638] synthesizing module 'axi_datamover_fifo' [d:/FPGA/Vivaldo Project/kr260_experiments/12_axis_dma_complex_mixer_nco/12_axis_dma_complex_mixer_nco.gen/sources_1/bd/mixer_nco/ipshared/2237/hdl/axi_datamover_v5_1_vh_rfs.vhd:1886]
INFO: [Synth 8-256] done synthesizing module 'axi_datamover_fifo' (0#1) [d:/FPGA/Vivaldo Project/kr260_experiments/12_axis_dma_complex_mixer_nco/12_axis_dma_complex_mixer_nco.gen/sources_1/bd/mixer_nco/ipshared/2237/hdl/axi_datamover_v5_1_vh_rfs.vhd:1886]
INFO: [Synth 8-638] synthesizing module 'axi_datamover_fifo__parameterized0' [d:/FPGA/Vivaldo Project/kr260_experiments/12_axis_dma_complex_mixer_nco/12_axis_dma_complex_mixer_nco.gen/sources_1/bd/mixer_nco/ipshared/2237/hdl/axi_datamover_v5_1_vh_rfs.vhd:1886]
INFO: [Synth 8-256] done synthesizing module 'axi_datamover_fifo__parameterized0' (0#1) [d:/FPGA/Vivaldo Project/kr260_experiments/12_axis_dma_complex_mixer_nco/12_axis_dma_complex_mixer_nco.gen/sources_1/bd/mixer_nco/ipshared/2237/hdl/axi_datamover_v5_1_vh_rfs.vhd:1886]
INFO: [Synth 8-256] done synthesizing module 'axi_datamover_cmd_status' (0#1) [d:/FPGA/Vivaldo Project/kr260_experiments/12_axis_dma_complex_mixer_nco/12_axis_dma_complex_mixer_nco.gen/sources_1/bd/mixer_nco/ipshared/2237/hdl/axi_datamover_v5_1_vh_rfs.vhd:2698]
INFO: [Synth 8-638] synthesizing module 'axi_datamover_rd_status_cntl' [d:/FPGA/Vivaldo Project/kr260_experiments/12_axis_dma_complex_mixer_nco/12_axis_dma_complex_mixer_nco.gen/sources_1/bd/mixer_nco/ipshared/2237/hdl/axi_datamover_v5_1_vh_rfs.vhd:13746]
INFO: [Synth 8-256] done synthesizing module 'axi_datamover_rd_status_cntl' (0#1) [d:/FPGA/Vivaldo Project/kr260_experiments/12_axis_dma_complex_mixer_nco/12_axis_dma_complex_mixer_nco.gen/sources_1/bd/mixer_nco/ipshared/2237/hdl/axi_datamover_v5_1_vh_rfs.vhd:13746]
INFO: [Synth 8-638] synthesizing module 'axi_datamover_pcc' [d:/FPGA/Vivaldo Project/kr260_experiments/12_axis_dma_complex_mixer_nco/12_axis_dma_complex_mixer_nco.gen/sources_1/bd/mixer_nco/ipshared/2237/hdl/axi_datamover_v5_1_vh_rfs.vhd:7416]
INFO: [Synth 8-638] synthesizing module 'axi_datamover_strb_gen2' [d:/FPGA/Vivaldo Project/kr260_experiments/12_axis_dma_complex_mixer_nco/12_axis_dma_complex_mixer_nco.gen/sources_1/bd/mixer_nco/ipshared/2237/hdl/axi_datamover_v5_1_vh_rfs.vhd:4342]
INFO: [Synth 8-256] done synthesizing module 'axi_datamover_strb_gen2' (0#1) [d:/FPGA/Vivaldo Project/kr260_experiments/12_axis_dma_complex_mixer_nco/12_axis_dma_complex_mixer_nco.gen/sources_1/bd/mixer_nco/ipshared/2237/hdl/axi_datamover_v5_1_vh_rfs.vhd:4342]
INFO: [Synth 8-638] synthesizing module 'axi_datamover_strb_gen2__parameterized0' [d:/FPGA/Vivaldo Project/kr260_experiments/12_axis_dma_complex_mixer_nco/12_axis_dma_complex_mixer_nco.gen/sources_1/bd/mixer_nco/ipshared/2237/hdl/axi_datamover_v5_1_vh_rfs.vhd:4342]
INFO: [Synth 8-256] done synthesizing module 'axi_datamover_strb_gen2__parameterized0' (0#1) [d:/FPGA/Vivaldo Project/kr260_experiments/12_axis_dma_complex_mixer_nco/12_axis_dma_complex_mixer_nco.gen/sources_1/bd/mixer_nco/ipshared/2237/hdl/axi_datamover_v5_1_vh_rfs.vhd:4342]
INFO: [Synth 8-226] default block is never used [d:/FPGA/Vivaldo Project/kr260_experiments/12_axis_dma_complex_mixer_nco/12_axis_dma_complex_mixer_nco.gen/sources_1/bd/mixer_nco/ipshared/2237/hdl/axi_datamover_v5_1_vh_rfs.vhd:9490]
INFO: [Synth 8-256] done synthesizing module 'axi_datamover_pcc' (0#1) [d:/FPGA/Vivaldo Project/kr260_experiments/12_axis_dma_complex_mixer_nco/12_axis_dma_complex_mixer_nco.gen/sources_1/bd/mixer_nco/ipshared/2237/hdl/axi_datamover_v5_1_vh_rfs.vhd:7416]
INFO: [Synth 8-638] synthesizing module 'axi_datamover_addr_cntl' [d:/FPGA/Vivaldo Project/kr260_experiments/12_axis_dma_complex_mixer_nco/12_axis_dma_complex_mixer_nco.gen/sources_1/bd/mixer_nco/ipshared/2237/hdl/axi_datamover_v5_1_vh_rfs.vhd:10000]
INFO: [Synth 8-638] synthesizing module 'axi_datamover_fifo__parameterized1' [d:/FPGA/Vivaldo Project/kr260_experiments/12_axis_dma_complex_mixer_nco/12_axis_dma_complex_mixer_nco.gen/sources_1/bd/mixer_nco/ipshared/2237/hdl/axi_datamover_v5_1_vh_rfs.vhd:1886]
INFO: [Synth 8-638] synthesizing module 'srl_fifo_f' [d:/FPGA/Vivaldo Project/kr260_experiments/12_axis_dma_complex_mixer_nco/12_axis_dma_complex_mixer_nco.gen/sources_1/bd/mixer_nco/ipshared/51ce/hdl/lib_srl_fifo_v1_0_rfs.vhd:1000]
INFO: [Synth 8-638] synthesizing module 'srl_fifo_rbu_f' [d:/FPGA/Vivaldo Project/kr260_experiments/12_axis_dma_complex_mixer_nco/12_axis_dma_complex_mixer_nco.gen/sources_1/bd/mixer_nco/ipshared/51ce/hdl/lib_srl_fifo_v1_0_rfs.vhd:697]
INFO: [Synth 8-638] synthesizing module 'cntr_incr_decr_addn_f' [d:/FPGA/Vivaldo Project/kr260_experiments/12_axis_dma_complex_mixer_nco/12_axis_dma_complex_mixer_nco.gen/sources_1/bd/mixer_nco/ipshared/51ce/hdl/lib_srl_fifo_v1_0_rfs.vhd:143]
INFO: [Synth 8-256] done synthesizing module 'cntr_incr_decr_addn_f' (0#1) [d:/FPGA/Vivaldo Project/kr260_experiments/12_axis_dma_complex_mixer_nco/12_axis_dma_complex_mixer_nco.gen/sources_1/bd/mixer_nco/ipshared/51ce/hdl/lib_srl_fifo_v1_0_rfs.vhd:143]
INFO: [Synth 8-638] synthesizing module 'dynshreg_f' [d:/FPGA/Vivaldo Project/kr260_experiments/12_axis_dma_complex_mixer_nco/12_axis_dma_complex_mixer_nco.gen/sources_1/bd/mixer_nco/ipshared/51ce/hdl/lib_srl_fifo_v1_0_rfs.vhd:397]
INFO: [Synth 8-256] done synthesizing module 'dynshreg_f' (0#1) [d:/FPGA/Vivaldo Project/kr260_experiments/12_axis_dma_complex_mixer_nco/12_axis_dma_complex_mixer_nco.gen/sources_1/bd/mixer_nco/ipshared/51ce/hdl/lib_srl_fifo_v1_0_rfs.vhd:397]
INFO: [Synth 8-256] done synthesizing module 'srl_fifo_rbu_f' (0#1) [d:/FPGA/Vivaldo Project/kr260_experiments/12_axis_dma_complex_mixer_nco/12_axis_dma_complex_mixer_nco.gen/sources_1/bd/mixer_nco/ipshared/51ce/hdl/lib_srl_fifo_v1_0_rfs.vhd:697]
INFO: [Synth 8-256] done synthesizing module 'srl_fifo_f' (0#1) [d:/FPGA/Vivaldo Project/kr260_experiments/12_axis_dma_complex_mixer_nco/12_axis_dma_complex_mixer_nco.gen/sources_1/bd/mixer_nco/ipshared/51ce/hdl/lib_srl_fifo_v1_0_rfs.vhd:1000]
INFO: [Synth 8-256] done synthesizing module 'axi_datamover_fifo__parameterized1' (0#1) [d:/FPGA/Vivaldo Project/kr260_experiments/12_axis_dma_complex_mixer_nco/12_axis_dma_complex_mixer_nco.gen/sources_1/bd/mixer_nco/ipshared/2237/hdl/axi_datamover_v5_1_vh_rfs.vhd:1886]
INFO: [Synth 8-256] done synthesizing module 'axi_datamover_addr_cntl' (0#1) [d:/FPGA/Vivaldo Project/kr260_experiments/12_axis_dma_complex_mixer_nco/12_axis_dma_complex_mixer_nco.gen/sources_1/bd/mixer_nco/ipshared/2237/hdl/axi_datamover_v5_1_vh_rfs.vhd:10000]
INFO: [Synth 8-638] synthesizing module 'axi_datamover_rddata_cntl' [d:/FPGA/Vivaldo Project/kr260_experiments/12_axis_dma_complex_mixer_nco/12_axis_dma_complex_mixer_nco.gen/sources_1/bd/mixer_nco/ipshared/2237/hdl/axi_datamover_v5_1_vh_rfs.vhd:12185]
INFO: [Synth 8-638] synthesizing module 'axi_datamover_rdmux' [d:/FPGA/Vivaldo Project/kr260_experiments/12_axis_dma_complex_mixer_nco/12_axis_dma_complex_mixer_nco.gen/sources_1/bd/mixer_nco/ipshared/2237/hdl/axi_datamover_v5_1_vh_rfs.vhd:10681]
INFO: [Synth 8-256] done synthesizing module 'axi_datamover_rdmux' (0#1) [d:/FPGA/Vivaldo Project/kr260_experiments/12_axis_dma_complex_mixer_nco/12_axis_dma_complex_mixer_nco.gen/sources_1/bd/mixer_nco/ipshared/2237/hdl/axi_datamover_v5_1_vh_rfs.vhd:10681]
INFO: [Synth 8-638] synthesizing module 'axi_datamover_fifo__parameterized2' [d:/FPGA/Vivaldo Project/kr260_experiments/12_axis_dma_complex_mixer_nco/12_axis_dma_complex_mixer_nco.gen/sources_1/bd/mixer_nco/ipshared/2237/hdl/axi_datamover_v5_1_vh_rfs.vhd:1886]
INFO: [Synth 8-638] synthesizing module 'srl_fifo_f__parameterized0' [d:/FPGA/Vivaldo Project/kr260_experiments/12_axis_dma_complex_mixer_nco/12_axis_dma_complex_mixer_nco.gen/sources_1/bd/mixer_nco/ipshared/51ce/hdl/lib_srl_fifo_v1_0_rfs.vhd:1000]
INFO: [Synth 8-638] synthesizing module 'srl_fifo_rbu_f__parameterized0' [d:/FPGA/Vivaldo Project/kr260_experiments/12_axis_dma_complex_mixer_nco/12_axis_dma_complex_mixer_nco.gen/sources_1/bd/mixer_nco/ipshared/51ce/hdl/lib_srl_fifo_v1_0_rfs.vhd:697]
INFO: [Synth 8-638] synthesizing module 'dynshreg_f__parameterized0' [d:/FPGA/Vivaldo Project/kr260_experiments/12_axis_dma_complex_mixer_nco/12_axis_dma_complex_mixer_nco.gen/sources_1/bd/mixer_nco/ipshared/51ce/hdl/lib_srl_fifo_v1_0_rfs.vhd:397]
INFO: [Synth 8-256] done synthesizing module 'dynshreg_f__parameterized0' (0#1) [d:/FPGA/Vivaldo Project/kr260_experiments/12_axis_dma_complex_mixer_nco/12_axis_dma_complex_mixer_nco.gen/sources_1/bd/mixer_nco/ipshared/51ce/hdl/lib_srl_fifo_v1_0_rfs.vhd:397]
INFO: [Synth 8-256] done synthesizing module 'srl_fifo_rbu_f__parameterized0' (0#1) [d:/FPGA/Vivaldo Project/kr260_experiments/12_axis_dma_complex_mixer_nco/12_axis_dma_complex_mixer_nco.gen/sources_1/bd/mixer_nco/ipshared/51ce/hdl/lib_srl_fifo_v1_0_rfs.vhd:697]
INFO: [Synth 8-256] done synthesizing module 'srl_fifo_f__parameterized0' (0#1) [d:/FPGA/Vivaldo Project/kr260_experiments/12_axis_dma_complex_mixer_nco/12_axis_dma_complex_mixer_nco.gen/sources_1/bd/mixer_nco/ipshared/51ce/hdl/lib_srl_fifo_v1_0_rfs.vhd:1000]
INFO: [Synth 8-256] done synthesizing module 'axi_datamover_fifo__parameterized2' (0#1) [d:/FPGA/Vivaldo Project/kr260_experiments/12_axis_dma_complex_mixer_nco/12_axis_dma_complex_mixer_nco.gen/sources_1/bd/mixer_nco/ipshared/2237/hdl/axi_datamover_v5_1_vh_rfs.vhd:1886]
INFO: [Synth 8-256] done synthesizing module 'axi_datamover_rddata_cntl' (0#1) [d:/FPGA/Vivaldo Project/kr260_experiments/12_axis_dma_complex_mixer_nco/12_axis_dma_complex_mixer_nco.gen/sources_1/bd/mixer_nco/ipshared/2237/hdl/axi_datamover_v5_1_vh_rfs.vhd:12185]
INFO: [Synth 8-638] synthesizing module 'axi_datamover_rd_sf' [d:/FPGA/Vivaldo Project/kr260_experiments/12_axis_dma_complex_mixer_nco/12_axis_dma_complex_mixer_nco.gen/sources_1/bd/mixer_nco/ipshared/2237/hdl/axi_datamover_v5_1_vh_rfs.vhd:20208]
INFO: [Synth 8-638] synthesizing module 'axi_datamover_fifo__parameterized3' [d:/FPGA/Vivaldo Project/kr260_experiments/12_axis_dma_complex_mixer_nco/12_axis_dma_complex_mixer_nco.gen/sources_1/bd/mixer_nco/ipshared/2237/hdl/axi_datamover_v5_1_vh_rfs.vhd:1886]
INFO: [Synth 8-638] synthesizing module 'srl_fifo_f__parameterized1' [d:/FPGA/Vivaldo Project/kr260_experiments/12_axis_dma_complex_mixer_nco/12_axis_dma_complex_mixer_nco.gen/sources_1/bd/mixer_nco/ipshared/51ce/hdl/lib_srl_fifo_v1_0_rfs.vhd:1000]
INFO: [Synth 8-638] synthesizing module 'srl_fifo_rbu_f__parameterized1' [d:/FPGA/Vivaldo Project/kr260_experiments/12_axis_dma_complex_mixer_nco/12_axis_dma_complex_mixer_nco.gen/sources_1/bd/mixer_nco/ipshared/51ce/hdl/lib_srl_fifo_v1_0_rfs.vhd:697]
INFO: [Synth 8-638] synthesizing module 'dynshreg_f__parameterized1' [d:/FPGA/Vivaldo Project/kr260_experiments/12_axis_dma_complex_mixer_nco/12_axis_dma_complex_mixer_nco.gen/sources_1/bd/mixer_nco/ipshared/51ce/hdl/lib_srl_fifo_v1_0_rfs.vhd:397]
INFO: [Synth 8-256] done synthesizing module 'dynshreg_f__parameterized1' (0#1) [d:/FPGA/Vivaldo Project/kr260_experiments/12_axis_dma_complex_mixer_nco/12_axis_dma_complex_mixer_nco.gen/sources_1/bd/mixer_nco/ipshared/51ce/hdl/lib_srl_fifo_v1_0_rfs.vhd:397]
INFO: [Synth 8-256] done synthesizing module 'srl_fifo_rbu_f__parameterized1' (0#1) [d:/FPGA/Vivaldo Project/kr260_experiments/12_axis_dma_complex_mixer_nco/12_axis_dma_complex_mixer_nco.gen/sources_1/bd/mixer_nco/ipshared/51ce/hdl/lib_srl_fifo_v1_0_rfs.vhd:697]
INFO: [Synth 8-256] done synthesizing module 'srl_fifo_f__parameterized1' (0#1) [d:/FPGA/Vivaldo Project/kr260_experiments/12_axis_dma_complex_mixer_nco/12_axis_dma_complex_mixer_nco.gen/sources_1/bd/mixer_nco/ipshared/51ce/hdl/lib_srl_fifo_v1_0_rfs.vhd:1000]
INFO: [Synth 8-256] done synthesizing module 'axi_datamover_fifo__parameterized3' (0#1) [d:/FPGA/Vivaldo Project/kr260_experiments/12_axis_dma_complex_mixer_nco/12_axis_dma_complex_mixer_nco.gen/sources_1/bd/mixer_nco/ipshared/2237/hdl/axi_datamover_v5_1_vh_rfs.vhd:1886]
INFO: [Synth 8-638] synthesizing module 'axi_datamover_sfifo_autord' [d:/FPGA/Vivaldo Project/kr260_experiments/12_axis_dma_complex_mixer_nco/12_axis_dma_complex_mixer_nco.gen/sources_1/bd/mixer_nco/ipshared/2237/hdl/axi_datamover_v5_1_vh_rfs.vhd:1295]
INFO: [Synth 8-638] synthesizing module 'sync_fifo_fg' [d:/FPGA/Vivaldo Project/kr260_experiments/12_axis_dma_complex_mixer_nco/12_axis_dma_complex_mixer_nco.gen/sources_1/bd/mixer_nco/ipshared/6c82/hdl/lib_fifo_v1_0_rfs.vhd:2250]
	Parameter FIFO_MEMORY_TYPE bound to: block - type: string 
	Parameter FIFO_WRITE_DEPTH bound to: 128 - type: integer 
	Parameter WRITE_DATA_WIDTH bound to: 39 - type: integer 
	Parameter READ_MODE bound to: fwft - type: string 
	Parameter FIFO_READ_LATENCY bound to: 0 - type: integer 
	Parameter FULL_RESET_VALUE bound to: 1 - type: integer 
	Parameter USE_ADV_FEATURES bound to: 1F1F - type: string 
	Parameter READ_DATA_WIDTH bound to: 39 - type: integer 
	Parameter WR_DATA_COUNT_WIDTH bound to: 8 - type: integer 
	Parameter PROG_FULL_THRESH bound to: 10 - type: integer 
	Parameter RD_DATA_COUNT_WIDTH bound to: 4 - type: integer 
	Parameter PROG_EMPTY_THRESH bound to: 10 - type: integer 
	Parameter DOUT_RESET_VALUE bound to: 0 - type: string 
	Parameter ECC_MODE bound to: no_ecc - type: string 
	Parameter WAKEUP_TIME bound to: 0 - type: integer 
INFO: [Synth 8-3491] module 'xpm_fifo_sync' declared at 'D:/Xilinx/Vivado/2022.2/data/ip/xpm/xpm_fifo/hdl/xpm_fifo.sv:1955' bound to instance 'xpm_fifo_sync_inst' of component 'xpm_fifo_sync' [d:/FPGA/Vivaldo Project/kr260_experiments/12_axis_dma_complex_mixer_nco/12_axis_dma_complex_mixer_nco.gen/sources_1/bd/mixer_nco/ipshared/6c82/hdl/lib_fifo_v1_0_rfs.vhd:2627]
INFO: [Synth 8-6157] synthesizing module 'xpm_fifo_sync' [D:/Xilinx/Vivado/2022.2/data/ip/xpm/xpm_fifo/hdl/xpm_fifo.sv:1955]
INFO: [Synth 8-6157] synthesizing module 'xpm_fifo_base' [D:/Xilinx/Vivado/2022.2/data/ip/xpm/xpm_fifo/hdl/xpm_fifo.sv:55]
INFO: [Synth 8-6157] synthesizing module 'xpm_counter_updn' [D:/Xilinx/Vivado/2022.2/data/ip/xpm/xpm_fifo/hdl/xpm_fifo.sv:1859]
INFO: [Synth 8-6155] done synthesizing module 'xpm_counter_updn' (0#1) [D:/Xilinx/Vivado/2022.2/data/ip/xpm/xpm_fifo/hdl/xpm_fifo.sv:1859]
INFO: [Synth 8-6157] synthesizing module 'xpm_counter_updn__parameterized0' [D:/Xilinx/Vivado/2022.2/data/ip/xpm/xpm_fifo/hdl/xpm_fifo.sv:1859]
INFO: [Synth 8-6155] done synthesizing module 'xpm_counter_updn__parameterized0' (0#1) [D:/Xilinx/Vivado/2022.2/data/ip/xpm/xpm_fifo/hdl/xpm_fifo.sv:1859]
INFO: [Synth 8-6157] synthesizing module 'xpm_memory_base' [D:/Xilinx/Vivado/2022.2/data/ip/xpm/xpm_memory/hdl/xpm_memory.sv:56]
INFO: [Synth 8-6155] done synthesizing module 'xpm_memory_base' (0#1) [D:/Xilinx/Vivado/2022.2/data/ip/xpm/xpm_memory/hdl/xpm_memory.sv:56]
INFO: [Synth 8-226] default block is never used [D:/Xilinx/Vivado/2022.2/data/ip/xpm/xpm_fifo/hdl/xpm_fifo.sv:1207]
INFO: [Synth 8-226] default block is never used [D:/Xilinx/Vivado/2022.2/data/ip/xpm/xpm_fifo/hdl/xpm_fifo.sv:1274]
INFO: [Synth 8-226] default block is never used [D:/Xilinx/Vivado/2022.2/data/ip/xpm/xpm_fifo/hdl/xpm_fifo.sv:1296]
INFO: [Synth 8-6157] synthesizing module 'xpm_fifo_reg_bit' [D:/Xilinx/Vivado/2022.2/data/ip/xpm/xpm_fifo/hdl/xpm_fifo.sv:1907]
INFO: [Synth 8-6155] done synthesizing module 'xpm_fifo_reg_bit' (0#1) [D:/Xilinx/Vivado/2022.2/data/ip/xpm/xpm_fifo/hdl/xpm_fifo.sv:1907]
INFO: [Synth 8-6157] synthesizing module 'xpm_counter_updn__parameterized1' [D:/Xilinx/Vivado/2022.2/data/ip/xpm/xpm_fifo/hdl/xpm_fifo.sv:1859]
INFO: [Synth 8-6155] done synthesizing module 'xpm_counter_updn__parameterized1' (0#1) [D:/Xilinx/Vivado/2022.2/data/ip/xpm/xpm_fifo/hdl/xpm_fifo.sv:1859]
INFO: [Synth 8-6157] synthesizing module 'xpm_fifo_rst' [D:/Xilinx/Vivado/2022.2/data/ip/xpm/xpm_fifo/hdl/xpm_fifo.sv:1619]
INFO: [Synth 8-6155] done synthesizing module 'xpm_fifo_rst' (0#1) [D:/Xilinx/Vivado/2022.2/data/ip/xpm/xpm_fifo/hdl/xpm_fifo.sv:1619]
INFO: [Synth 8-6157] synthesizing module 'xpm_counter_updn__parameterized2' [D:/Xilinx/Vivado/2022.2/data/ip/xpm/xpm_fifo/hdl/xpm_fifo.sv:1859]
INFO: [Synth 8-6155] done synthesizing module 'xpm_counter_updn__parameterized2' (0#1) [D:/Xilinx/Vivado/2022.2/data/ip/xpm/xpm_fifo/hdl/xpm_fifo.sv:1859]
INFO: [Synth 8-6157] synthesizing module 'xpm_counter_updn__parameterized3' [D:/Xilinx/Vivado/2022.2/data/ip/xpm/xpm_fifo/hdl/xpm_fifo.sv:1859]
INFO: [Synth 8-6155] done synthesizing module 'xpm_counter_updn__parameterized3' (0#1) [D:/Xilinx/Vivado/2022.2/data/ip/xpm/xpm_fifo/hdl/xpm_fifo.sv:1859]
INFO: [Synth 8-6155] done synthesizing module 'xpm_fifo_base' (0#1) [D:/Xilinx/Vivado/2022.2/data/ip/xpm/xpm_fifo/hdl/xpm_fifo.sv:55]
INFO: [Synth 8-6155] done synthesizing module 'xpm_fifo_sync' (0#1) [D:/Xilinx/Vivado/2022.2/data/ip/xpm/xpm_fifo/hdl/xpm_fifo.sv:1955]
INFO: [Synth 8-256] done synthesizing module 'sync_fifo_fg' (0#1) [d:/FPGA/Vivaldo Project/kr260_experiments/12_axis_dma_complex_mixer_nco/12_axis_dma_complex_mixer_nco.gen/sources_1/bd/mixer_nco/ipshared/6c82/hdl/lib_fifo_v1_0_rfs.vhd:2250]
INFO: [Synth 8-256] done synthesizing module 'axi_datamover_sfifo_autord' (0#1) [d:/FPGA/Vivaldo Project/kr260_experiments/12_axis_dma_complex_mixer_nco/12_axis_dma_complex_mixer_nco.gen/sources_1/bd/mixer_nco/ipshared/2237/hdl/axi_datamover_v5_1_vh_rfs.vhd:1295]
INFO: [Synth 8-256] done synthesizing module 'axi_datamover_rd_sf' (0#1) [d:/FPGA/Vivaldo Project/kr260_experiments/12_axis_dma_complex_mixer_nco/12_axis_dma_complex_mixer_nco.gen/sources_1/bd/mixer_nco/ipshared/2237/hdl/axi_datamover_v5_1_vh_rfs.vhd:20208]
INFO: [Synth 8-638] synthesizing module 'axi_datamover_skid_buf' [d:/FPGA/Vivaldo Project/kr260_experiments/12_axis_dma_complex_mixer_nco/12_axis_dma_complex_mixer_nco.gen/sources_1/bd/mixer_nco/ipshared/2237/hdl/axi_datamover_v5_1_vh_rfs.vhd:19500]
INFO: [Synth 8-256] done synthesizing module 'axi_datamover_skid_buf' (0#1) [d:/FPGA/Vivaldo Project/kr260_experiments/12_axis_dma_complex_mixer_nco/12_axis_dma_complex_mixer_nco.gen/sources_1/bd/mixer_nco/ipshared/2237/hdl/axi_datamover_v5_1_vh_rfs.vhd:19500]
INFO: [Synth 8-256] done synthesizing module 'axi_datamover_mm2s_full_wrap' (0#1) [d:/FPGA/Vivaldo Project/kr260_experiments/12_axis_dma_complex_mixer_nco/12_axis_dma_complex_mixer_nco.gen/sources_1/bd/mixer_nco/ipshared/2237/hdl/axi_datamover_v5_1_vh_rfs.vhd:53572]
INFO: [Synth 8-638] synthesizing module 'axi_datamover_s2mm_full_wrap' [d:/FPGA/Vivaldo Project/kr260_experiments/12_axis_dma_complex_mixer_nco/12_axis_dma_complex_mixer_nco.gen/sources_1/bd/mixer_nco/ipshared/2237/hdl/axi_datamover_v5_1_vh_rfs.vhd:49997]
INFO: [Synth 8-638] synthesizing module 'axi_datamover_cmd_status__parameterized0' [d:/FPGA/Vivaldo Project/kr260_experiments/12_axis_dma_complex_mixer_nco/12_axis_dma_complex_mixer_nco.gen/sources_1/bd/mixer_nco/ipshared/2237/hdl/axi_datamover_v5_1_vh_rfs.vhd:2698]
INFO: [Synth 8-638] synthesizing module 'axi_datamover_fifo__parameterized4' [d:/FPGA/Vivaldo Project/kr260_experiments/12_axis_dma_complex_mixer_nco/12_axis_dma_complex_mixer_nco.gen/sources_1/bd/mixer_nco/ipshared/2237/hdl/axi_datamover_v5_1_vh_rfs.vhd:1886]
INFO: [Synth 8-256] done synthesizing module 'axi_datamover_fifo__parameterized4' (0#1) [d:/FPGA/Vivaldo Project/kr260_experiments/12_axis_dma_complex_mixer_nco/12_axis_dma_complex_mixer_nco.gen/sources_1/bd/mixer_nco/ipshared/2237/hdl/axi_datamover_v5_1_vh_rfs.vhd:1886]
INFO: [Synth 8-256] done synthesizing module 'axi_datamover_cmd_status__parameterized0' (0#1) [d:/FPGA/Vivaldo Project/kr260_experiments/12_axis_dma_complex_mixer_nco/12_axis_dma_complex_mixer_nco.gen/sources_1/bd/mixer_nco/ipshared/2237/hdl/axi_datamover_v5_1_vh_rfs.vhd:2698]
INFO: [Synth 8-638] synthesizing module 'axi_datamover_wr_status_cntl' [d:/FPGA/Vivaldo Project/kr260_experiments/12_axis_dma_complex_mixer_nco/12_axis_dma_complex_mixer_nco.gen/sources_1/bd/mixer_nco/ipshared/2237/hdl/axi_datamover_v5_1_vh_rfs.vhd:17704]
INFO: [Synth 8-638] synthesizing module 'axi_datamover_fifo__parameterized5' [d:/FPGA/Vivaldo Project/kr260_experiments/12_axis_dma_complex_mixer_nco/12_axis_dma_complex_mixer_nco.gen/sources_1/bd/mixer_nco/ipshared/2237/hdl/axi_datamover_v5_1_vh_rfs.vhd:1886]
INFO: [Synth 8-638] synthesizing module 'srl_fifo_f__parameterized2' [d:/FPGA/Vivaldo Project/kr260_experiments/12_axis_dma_complex_mixer_nco/12_axis_dma_complex_mixer_nco.gen/sources_1/bd/mixer_nco/ipshared/51ce/hdl/lib_srl_fifo_v1_0_rfs.vhd:1000]
INFO: [Synth 8-638] synthesizing module 'srl_fifo_rbu_f__parameterized2' [d:/FPGA/Vivaldo Project/kr260_experiments/12_axis_dma_complex_mixer_nco/12_axis_dma_complex_mixer_nco.gen/sources_1/bd/mixer_nco/ipshared/51ce/hdl/lib_srl_fifo_v1_0_rfs.vhd:697]
INFO: [Synth 8-638] synthesizing module 'cntr_incr_decr_addn_f__parameterized0' [d:/FPGA/Vivaldo Project/kr260_experiments/12_axis_dma_complex_mixer_nco/12_axis_dma_complex_mixer_nco.gen/sources_1/bd/mixer_nco/ipshared/51ce/hdl/lib_srl_fifo_v1_0_rfs.vhd:143]
INFO: [Synth 8-256] done synthesizing module 'cntr_incr_decr_addn_f__parameterized0' (0#1) [d:/FPGA/Vivaldo Project/kr260_experiments/12_axis_dma_complex_mixer_nco/12_axis_dma_complex_mixer_nco.gen/sources_1/bd/mixer_nco/ipshared/51ce/hdl/lib_srl_fifo_v1_0_rfs.vhd:143]
INFO: [Synth 8-638] synthesizing module 'dynshreg_f__parameterized2' [d:/FPGA/Vivaldo Project/kr260_experiments/12_axis_dma_complex_mixer_nco/12_axis_dma_complex_mixer_nco.gen/sources_1/bd/mixer_nco/ipshared/51ce/hdl/lib_srl_fifo_v1_0_rfs.vhd:397]
INFO: [Synth 8-256] done synthesizing module 'dynshreg_f__parameterized2' (0#1) [d:/FPGA/Vivaldo Project/kr260_experiments/12_axis_dma_complex_mixer_nco/12_axis_dma_complex_mixer_nco.gen/sources_1/bd/mixer_nco/ipshared/51ce/hdl/lib_srl_fifo_v1_0_rfs.vhd:397]
INFO: [Synth 8-256] done synthesizing module 'srl_fifo_rbu_f__parameterized2' (0#1) [d:/FPGA/Vivaldo Project/kr260_experiments/12_axis_dma_complex_mixer_nco/12_axis_dma_complex_mixer_nco.gen/sources_1/bd/mixer_nco/ipshared/51ce/hdl/lib_srl_fifo_v1_0_rfs.vhd:697]
INFO: [Synth 8-256] done synthesizing module 'srl_fifo_f__parameterized2' (0#1) [d:/FPGA/Vivaldo Project/kr260_experiments/12_axis_dma_complex_mixer_nco/12_axis_dma_complex_mixer_nco.gen/sources_1/bd/mixer_nco/ipshared/51ce/hdl/lib_srl_fifo_v1_0_rfs.vhd:1000]
INFO: [Synth 8-256] done synthesizing module 'axi_datamover_fifo__parameterized5' (0#1) [d:/FPGA/Vivaldo Project/kr260_experiments/12_axis_dma_complex_mixer_nco/12_axis_dma_complex_mixer_nco.gen/sources_1/bd/mixer_nco/ipshared/2237/hdl/axi_datamover_v5_1_vh_rfs.vhd:1886]
INFO: [Synth 8-638] synthesizing module 'axi_datamover_fifo__parameterized6' [d:/FPGA/Vivaldo Project/kr260_experiments/12_axis_dma_complex_mixer_nco/12_axis_dma_complex_mixer_nco.gen/sources_1/bd/mixer_nco/ipshared/2237/hdl/axi_datamover_v5_1_vh_rfs.vhd:1886]
INFO: [Synth 8-638] synthesizing module 'srl_fifo_f__parameterized3' [d:/FPGA/Vivaldo Project/kr260_experiments/12_axis_dma_complex_mixer_nco/12_axis_dma_complex_mixer_nco.gen/sources_1/bd/mixer_nco/ipshared/51ce/hdl/lib_srl_fifo_v1_0_rfs.vhd:1000]
INFO: [Synth 8-638] synthesizing module 'srl_fifo_rbu_f__parameterized3' [d:/FPGA/Vivaldo Project/kr260_experiments/12_axis_dma_complex_mixer_nco/12_axis_dma_complex_mixer_nco.gen/sources_1/bd/mixer_nco/ipshared/51ce/hdl/lib_srl_fifo_v1_0_rfs.vhd:697]
INFO: [Synth 8-638] synthesizing module 'dynshreg_f__parameterized3' [d:/FPGA/Vivaldo Project/kr260_experiments/12_axis_dma_complex_mixer_nco/12_axis_dma_complex_mixer_nco.gen/sources_1/bd/mixer_nco/ipshared/51ce/hdl/lib_srl_fifo_v1_0_rfs.vhd:397]
INFO: [Synth 8-256] done synthesizing module 'dynshreg_f__parameterized3' (0#1) [d:/FPGA/Vivaldo Project/kr260_experiments/12_axis_dma_complex_mixer_nco/12_axis_dma_complex_mixer_nco.gen/sources_1/bd/mixer_nco/ipshared/51ce/hdl/lib_srl_fifo_v1_0_rfs.vhd:397]
INFO: [Synth 8-256] done synthesizing module 'srl_fifo_rbu_f__parameterized3' (0#1) [d:/FPGA/Vivaldo Project/kr260_experiments/12_axis_dma_complex_mixer_nco/12_axis_dma_complex_mixer_nco.gen/sources_1/bd/mixer_nco/ipshared/51ce/hdl/lib_srl_fifo_v1_0_rfs.vhd:697]
INFO: [Synth 8-256] done synthesizing module 'srl_fifo_f__parameterized3' (0#1) [d:/FPGA/Vivaldo Project/kr260_experiments/12_axis_dma_complex_mixer_nco/12_axis_dma_complex_mixer_nco.gen/sources_1/bd/mixer_nco/ipshared/51ce/hdl/lib_srl_fifo_v1_0_rfs.vhd:1000]
INFO: [Synth 8-256] done synthesizing module 'axi_datamover_fifo__parameterized6' (0#1) [d:/FPGA/Vivaldo Project/kr260_experiments/12_axis_dma_complex_mixer_nco/12_axis_dma_complex_mixer_nco.gen/sources_1/bd/mixer_nco/ipshared/2237/hdl/axi_datamover_v5_1_vh_rfs.vhd:1886]
INFO: [Synth 8-256] done synthesizing module 'axi_datamover_wr_status_cntl' (0#1) [d:/FPGA/Vivaldo Project/kr260_experiments/12_axis_dma_complex_mixer_nco/12_axis_dma_complex_mixer_nco.gen/sources_1/bd/mixer_nco/ipshared/2237/hdl/axi_datamover_v5_1_vh_rfs.vhd:17704]
INFO: [Synth 8-638] synthesizing module 'axi_datamover_ibttcc' [d:/FPGA/Vivaldo Project/kr260_experiments/12_axis_dma_complex_mixer_nco/12_axis_dma_complex_mixer_nco.gen/sources_1/bd/mixer_nco/ipshared/2237/hdl/axi_datamover_v5_1_vh_rfs.vhd:25731]
INFO: [Synth 8-256] done synthesizing module 'axi_datamover_ibttcc' (0#1) [d:/FPGA/Vivaldo Project/kr260_experiments/12_axis_dma_complex_mixer_nco/12_axis_dma_complex_mixer_nco.gen/sources_1/bd/mixer_nco/ipshared/2237/hdl/axi_datamover_v5_1_vh_rfs.vhd:25731]
INFO: [Synth 8-638] synthesizing module 'axi_datamover_s2mm_realign' [d:/FPGA/Vivaldo Project/kr260_experiments/12_axis_dma_complex_mixer_nco/12_axis_dma_complex_mixer_nco.gen/sources_1/bd/mixer_nco/ipshared/2237/hdl/axi_datamover_v5_1_vh_rfs.vhd:47011]
INFO: [Synth 8-638] synthesizing module 'axi_datamover_fifo__parameterized7' [d:/FPGA/Vivaldo Project/kr260_experiments/12_axis_dma_complex_mixer_nco/12_axis_dma_complex_mixer_nco.gen/sources_1/bd/mixer_nco/ipshared/2237/hdl/axi_datamover_v5_1_vh_rfs.vhd:1886]
INFO: [Synth 8-638] synthesizing module 'srl_fifo_f__parameterized4' [d:/FPGA/Vivaldo Project/kr260_experiments/12_axis_dma_complex_mixer_nco/12_axis_dma_complex_mixer_nco.gen/sources_1/bd/mixer_nco/ipshared/51ce/hdl/lib_srl_fifo_v1_0_rfs.vhd:1000]
INFO: [Synth 8-638] synthesizing module 'srl_fifo_rbu_f__parameterized4' [d:/FPGA/Vivaldo Project/kr260_experiments/12_axis_dma_complex_mixer_nco/12_axis_dma_complex_mixer_nco.gen/sources_1/bd/mixer_nco/ipshared/51ce/hdl/lib_srl_fifo_v1_0_rfs.vhd:697]
INFO: [Synth 8-638] synthesizing module 'dynshreg_f__parameterized4' [d:/FPGA/Vivaldo Project/kr260_experiments/12_axis_dma_complex_mixer_nco/12_axis_dma_complex_mixer_nco.gen/sources_1/bd/mixer_nco/ipshared/51ce/hdl/lib_srl_fifo_v1_0_rfs.vhd:397]
INFO: [Synth 8-256] done synthesizing module 'dynshreg_f__parameterized4' (0#1) [d:/FPGA/Vivaldo Project/kr260_experiments/12_axis_dma_complex_mixer_nco/12_axis_dma_complex_mixer_nco.gen/sources_1/bd/mixer_nco/ipshared/51ce/hdl/lib_srl_fifo_v1_0_rfs.vhd:397]
INFO: [Synth 8-256] done synthesizing module 'srl_fifo_rbu_f__parameterized4' (0#1) [d:/FPGA/Vivaldo Project/kr260_experiments/12_axis_dma_complex_mixer_nco/12_axis_dma_complex_mixer_nco.gen/sources_1/bd/mixer_nco/ipshared/51ce/hdl/lib_srl_fifo_v1_0_rfs.vhd:697]
INFO: [Synth 8-256] done synthesizing module 'srl_fifo_f__parameterized4' (0#1) [d:/FPGA/Vivaldo Project/kr260_experiments/12_axis_dma_complex_mixer_nco/12_axis_dma_complex_mixer_nco.gen/sources_1/bd/mixer_nco/ipshared/51ce/hdl/lib_srl_fifo_v1_0_rfs.vhd:1000]
INFO: [Synth 8-256] done synthesizing module 'axi_datamover_fifo__parameterized7' (0#1) [d:/FPGA/Vivaldo Project/kr260_experiments/12_axis_dma_complex_mixer_nco/12_axis_dma_complex_mixer_nco.gen/sources_1/bd/mixer_nco/ipshared/2237/hdl/axi_datamover_v5_1_vh_rfs.vhd:1886]
INFO: [Synth 8-638] synthesizing module 'axi_datamover_s2mm_scatter' [d:/FPGA/Vivaldo Project/kr260_experiments/12_axis_dma_complex_mixer_nco/12_axis_dma_complex_mixer_nco.gen/sources_1/bd/mixer_nco/ipshared/2237/hdl/axi_datamover_v5_1_vh_rfs.vhd:45117]
INFO: [Synth 8-638] synthesizing module 'axi_datamover_mssai_skid_buf' [d:/FPGA/Vivaldo Project/kr260_experiments/12_axis_dma_complex_mixer_nco/12_axis_dma_complex_mixer_nco.gen/sources_1/bd/mixer_nco/ipshared/2237/hdl/axi_datamover_v5_1_vh_rfs.vhd:44167]
INFO: [Synth 8-638] synthesizing module 'axi_datamover_ms_strb_set' [d:/FPGA/Vivaldo Project/kr260_experiments/12_axis_dma_complex_mixer_nco/12_axis_dma_complex_mixer_nco.gen/sources_1/bd/mixer_nco/ipshared/2237/hdl/axi_datamover_v5_1_vh_rfs.vhd:42603]
INFO: [Synth 8-256] done synthesizing module 'axi_datamover_ms_strb_set' (0#1) [d:/FPGA/Vivaldo Project/kr260_experiments/12_axis_dma_complex_mixer_nco/12_axis_dma_complex_mixer_nco.gen/sources_1/bd/mixer_nco/ipshared/2237/hdl/axi_datamover_v5_1_vh_rfs.vhd:42603]
INFO: [Synth 8-256] done synthesizing module 'axi_datamover_mssai_skid_buf' (0#1) [d:/FPGA/Vivaldo Project/kr260_experiments/12_axis_dma_complex_mixer_nco/12_axis_dma_complex_mixer_nco.gen/sources_1/bd/mixer_nco/ipshared/2237/hdl/axi_datamover_v5_1_vh_rfs.vhd:44167]
INFO: [Synth 8-638] synthesizing module 'axi_datamover_slice' [d:/FPGA/Vivaldo Project/kr260_experiments/12_axis_dma_complex_mixer_nco/12_axis_dma_complex_mixer_nco.gen/sources_1/bd/mixer_nco/ipshared/2237/hdl/axi_datamover_v5_1_vh_rfs.vhd:44856]
INFO: [Synth 8-256] done synthesizing module 'axi_datamover_slice' (0#1) [d:/FPGA/Vivaldo Project/kr260_experiments/12_axis_dma_complex_mixer_nco/12_axis_dma_complex_mixer_nco.gen/sources_1/bd/mixer_nco/ipshared/2237/hdl/axi_datamover_v5_1_vh_rfs.vhd:44856]
INFO: [Synth 8-638] synthesizing module 'axi_datamover_fifo__parameterized8' [d:/FPGA/Vivaldo Project/kr260_experiments/12_axis_dma_complex_mixer_nco/12_axis_dma_complex_mixer_nco.gen/sources_1/bd/mixer_nco/ipshared/2237/hdl/axi_datamover_v5_1_vh_rfs.vhd:1886]
INFO: [Synth 8-638] synthesizing module 'srl_fifo_f__parameterized5' [d:/FPGA/Vivaldo Project/kr260_experiments/12_axis_dma_complex_mixer_nco/12_axis_dma_complex_mixer_nco.gen/sources_1/bd/mixer_nco/ipshared/51ce/hdl/lib_srl_fifo_v1_0_rfs.vhd:1000]
INFO: [Synth 8-638] synthesizing module 'srl_fifo_rbu_f__parameterized5' [d:/FPGA/Vivaldo Project/kr260_experiments/12_axis_dma_complex_mixer_nco/12_axis_dma_complex_mixer_nco.gen/sources_1/bd/mixer_nco/ipshared/51ce/hdl/lib_srl_fifo_v1_0_rfs.vhd:697]
INFO: [Synth 8-638] synthesizing module 'cntr_incr_decr_addn_f__parameterized1' [d:/FPGA/Vivaldo Project/kr260_experiments/12_axis_dma_complex_mixer_nco/12_axis_dma_complex_mixer_nco.gen/sources_1/bd/mixer_nco/ipshared/51ce/hdl/lib_srl_fifo_v1_0_rfs.vhd:143]
INFO: [Synth 8-256] done synthesizing module 'cntr_incr_decr_addn_f__parameterized1' (0#1) [d:/FPGA/Vivaldo Project/kr260_experiments/12_axis_dma_complex_mixer_nco/12_axis_dma_complex_mixer_nco.gen/sources_1/bd/mixer_nco/ipshared/51ce/hdl/lib_srl_fifo_v1_0_rfs.vhd:143]
INFO: [Synth 8-638] synthesizing module 'dynshreg_f__parameterized5' [d:/FPGA/Vivaldo Project/kr260_experiments/12_axis_dma_complex_mixer_nco/12_axis_dma_complex_mixer_nco.gen/sources_1/bd/mixer_nco/ipshared/51ce/hdl/lib_srl_fifo_v1_0_rfs.vhd:397]
INFO: [Synth 8-256] done synthesizing module 'dynshreg_f__parameterized5' (0#1) [d:/FPGA/Vivaldo Project/kr260_experiments/12_axis_dma_complex_mixer_nco/12_axis_dma_complex_mixer_nco.gen/sources_1/bd/mixer_nco/ipshared/51ce/hdl/lib_srl_fifo_v1_0_rfs.vhd:397]
INFO: [Synth 8-256] done synthesizing module 'srl_fifo_rbu_f__parameterized5' (0#1) [d:/FPGA/Vivaldo Project/kr260_experiments/12_axis_dma_complex_mixer_nco/12_axis_dma_complex_mixer_nco.gen/sources_1/bd/mixer_nco/ipshared/51ce/hdl/lib_srl_fifo_v1_0_rfs.vhd:697]
INFO: [Synth 8-256] done synthesizing module 'srl_fifo_f__parameterized5' (0#1) [d:/FPGA/Vivaldo Project/kr260_experiments/12_axis_dma_complex_mixer_nco/12_axis_dma_complex_mixer_nco.gen/sources_1/bd/mixer_nco/ipshared/51ce/hdl/lib_srl_fifo_v1_0_rfs.vhd:1000]
INFO: [Synth 8-256] done synthesizing module 'axi_datamover_fifo__parameterized8' (0#1) [d:/FPGA/Vivaldo Project/kr260_experiments/12_axis_dma_complex_mixer_nco/12_axis_dma_complex_mixer_nco.gen/sources_1/bd/mixer_nco/ipshared/2237/hdl/axi_datamover_v5_1_vh_rfs.vhd:1886]
INFO: [Synth 8-256] done synthesizing module 'axi_datamover_s2mm_scatter' (0#1) [d:/FPGA/Vivaldo Project/kr260_experiments/12_axis_dma_complex_mixer_nco/12_axis_dma_complex_mixer_nco.gen/sources_1/bd/mixer_nco/ipshared/2237/hdl/axi_datamover_v5_1_vh_rfs.vhd:45117]
INFO: [Synth 8-256] done synthesizing module 'axi_datamover_s2mm_realign' (0#1) [d:/FPGA/Vivaldo Project/kr260_experiments/12_axis_dma_complex_mixer_nco/12_axis_dma_complex_mixer_nco.gen/sources_1/bd/mixer_nco/ipshared/2237/hdl/axi_datamover_v5_1_vh_rfs.vhd:47011]
INFO: [Synth 8-638] synthesizing module 'axi_datamover_indet_btt' [d:/FPGA/Vivaldo Project/kr260_experiments/12_axis_dma_complex_mixer_nco/12_axis_dma_complex_mixer_nco.gen/sources_1/bd/mixer_nco/ipshared/2237/hdl/axi_datamover_v5_1_vh_rfs.vhd:28430]
INFO: [Synth 8-638] synthesizing module 'axi_datamover_stbs_set_nodre' [d:/FPGA/Vivaldo Project/kr260_experiments/12_axis_dma_complex_mixer_nco/12_axis_dma_complex_mixer_nco.gen/sources_1/bd/mixer_nco/ipshared/2237/hdl/axi_datamover_v5_1_vh_rfs.vhd:24209]
INFO: [Synth 8-256] done synthesizing module 'axi_datamover_stbs_set_nodre' (0#1) [d:/FPGA/Vivaldo Project/kr260_experiments/12_axis_dma_complex_mixer_nco/12_axis_dma_complex_mixer_nco.gen/sources_1/bd/mixer_nco/ipshared/2237/hdl/axi_datamover_v5_1_vh_rfs.vhd:24209]
INFO: [Synth 8-638] synthesizing module 'axi_datamover_sfifo_autord__parameterized0' [d:/FPGA/Vivaldo Project/kr260_experiments/12_axis_dma_complex_mixer_nco/12_axis_dma_complex_mixer_nco.gen/sources_1/bd/mixer_nco/ipshared/2237/hdl/axi_datamover_v5_1_vh_rfs.vhd:1295]
INFO: [Synth 8-638] synthesizing module 'sync_fifo_fg__parameterized0' [d:/FPGA/Vivaldo Project/kr260_experiments/12_axis_dma_complex_mixer_nco/12_axis_dma_complex_mixer_nco.gen/sources_1/bd/mixer_nco/ipshared/6c82/hdl/lib_fifo_v1_0_rfs.vhd:2250]
	Parameter FIFO_MEMORY_TYPE bound to: auto - type: string 
	Parameter FIFO_WRITE_DEPTH bound to: 16 - type: integer 
	Parameter WRITE_DATA_WIDTH bound to: 9 - type: integer 
	Parameter READ_MODE bound to: fwft - type: string 
	Parameter FIFO_READ_LATENCY bound to: 0 - type: integer 
	Parameter FULL_RESET_VALUE bound to: 1 - type: integer 
	Parameter USE_ADV_FEATURES bound to: 1F1F - type: string 
	Parameter READ_DATA_WIDTH bound to: 9 - type: integer 
	Parameter WR_DATA_COUNT_WIDTH bound to: 5 - type: integer 
	Parameter PROG_FULL_THRESH bound to: 10 - type: integer 
	Parameter RD_DATA_COUNT_WIDTH bound to: 4 - type: integer 
	Parameter PROG_EMPTY_THRESH bound to: 10 - type: integer 
	Parameter DOUT_RESET_VALUE bound to: 0 - type: string 
	Parameter ECC_MODE bound to: no_ecc - type: string 
	Parameter WAKEUP_TIME bound to: 0 - type: integer 
INFO: [Synth 8-3491] module 'xpm_fifo_sync' declared at 'D:/Xilinx/Vivado/2022.2/data/ip/xpm/xpm_fifo/hdl/xpm_fifo.sv:1955' bound to instance 'xpm_fifo_sync_inst' of component 'xpm_fifo_sync' [d:/FPGA/Vivaldo Project/kr260_experiments/12_axis_dma_complex_mixer_nco/12_axis_dma_complex_mixer_nco.gen/sources_1/bd/mixer_nco/ipshared/6c82/hdl/lib_fifo_v1_0_rfs.vhd:2627]
INFO: [Synth 8-6157] synthesizing module 'xpm_fifo_sync__parameterized1' [D:/Xilinx/Vivado/2022.2/data/ip/xpm/xpm_fifo/hdl/xpm_fifo.sv:1955]
INFO: [Synth 8-6157] synthesizing module 'xpm_fifo_base__parameterized0' [D:/Xilinx/Vivado/2022.2/data/ip/xpm/xpm_fifo/hdl/xpm_fifo.sv:55]
INFO: [Synth 8-6157] synthesizing module 'xpm_counter_updn__parameterized4' [D:/Xilinx/Vivado/2022.2/data/ip/xpm/xpm_fifo/hdl/xpm_fifo.sv:1859]
INFO: [Synth 8-6155] done synthesizing module 'xpm_counter_updn__parameterized4' (0#1) [D:/Xilinx/Vivado/2022.2/data/ip/xpm/xpm_fifo/hdl/xpm_fifo.sv:1859]
INFO: [Synth 8-6157] synthesizing module 'xpm_counter_updn__parameterized5' [D:/Xilinx/Vivado/2022.2/data/ip/xpm/xpm_fifo/hdl/xpm_fifo.sv:1859]
INFO: [Synth 8-6155] done synthesizing module 'xpm_counter_updn__parameterized5' (0#1) [D:/Xilinx/Vivado/2022.2/data/ip/xpm/xpm_fifo/hdl/xpm_fifo.sv:1859]
INFO: [Synth 8-6157] synthesizing module 'xpm_memory_base__parameterized0' [D:/Xilinx/Vivado/2022.2/data/ip/xpm/xpm_memory/hdl/xpm_memory.sv:56]
INFO: [Synth 8-6059] Synth Info: [XPM_MEMORY 20-1] MEMORY_PRIMITIVE (0) instructs Vivado Synthesis to choose the memory primitive type. Depending on their values, other XPM_MEMORY parameters may preclude the choice of certain memory primitive types. Review XPM_MEMORY documentation and parameter values to understand any limitations, or set MEMORY_PRIMITIVE to a different value.   [D:/Xilinx/Vivado/2022.2/data/ip/xpm/xpm_memory/hdl/xpm_memory.sv:493]
INFO: [Synth 8-6155] done synthesizing module 'xpm_memory_base__parameterized0' (0#1) [D:/Xilinx/Vivado/2022.2/data/ip/xpm/xpm_memory/hdl/xpm_memory.sv:56]
INFO: [Synth 8-226] default block is never used [D:/Xilinx/Vivado/2022.2/data/ip/xpm/xpm_fifo/hdl/xpm_fifo.sv:1207]
INFO: [Synth 8-226] default block is never used [D:/Xilinx/Vivado/2022.2/data/ip/xpm/xpm_fifo/hdl/xpm_fifo.sv:1274]
INFO: [Synth 8-226] default block is never used [D:/Xilinx/Vivado/2022.2/data/ip/xpm/xpm_fifo/hdl/xpm_fifo.sv:1296]
INFO: [Synth 8-6157] synthesizing module 'xpm_counter_updn__parameterized6' [D:/Xilinx/Vivado/2022.2/data/ip/xpm/xpm_fifo/hdl/xpm_fifo.sv:1859]
INFO: [Synth 8-6155] done synthesizing module 'xpm_counter_updn__parameterized6' (0#1) [D:/Xilinx/Vivado/2022.2/data/ip/xpm/xpm_fifo/hdl/xpm_fifo.sv:1859]
INFO: [Synth 8-6157] synthesizing module 'xpm_counter_updn__parameterized7' [D:/Xilinx/Vivado/2022.2/data/ip/xpm/xpm_fifo/hdl/xpm_fifo.sv:1859]
INFO: [Synth 8-6155] done synthesizing module 'xpm_counter_updn__parameterized7' (0#1) [D:/Xilinx/Vivado/2022.2/data/ip/xpm/xpm_fifo/hdl/xpm_fifo.sv:1859]
INFO: [Synth 8-6155] done synthesizing module 'xpm_fifo_base__parameterized0' (0#1) [D:/Xilinx/Vivado/2022.2/data/ip/xpm/xpm_fifo/hdl/xpm_fifo.sv:55]
INFO: [Synth 8-6155] done synthesizing module 'xpm_fifo_sync__parameterized1' (0#1) [D:/Xilinx/Vivado/2022.2/data/ip/xpm/xpm_fifo/hdl/xpm_fifo.sv:1955]
INFO: [Synth 8-256] done synthesizing module 'sync_fifo_fg__parameterized0' (0#1) [d:/FPGA/Vivaldo Project/kr260_experiments/12_axis_dma_complex_mixer_nco/12_axis_dma_complex_mixer_nco.gen/sources_1/bd/mixer_nco/ipshared/6c82/hdl/lib_fifo_v1_0_rfs.vhd:2250]
INFO: [Synth 8-256] done synthesizing module 'axi_datamover_sfifo_autord__parameterized0' (0#1) [d:/FPGA/Vivaldo Project/kr260_experiments/12_axis_dma_complex_mixer_nco/12_axis_dma_complex_mixer_nco.gen/sources_1/bd/mixer_nco/ipshared/2237/hdl/axi_datamover_v5_1_vh_rfs.vhd:1295]
INFO: [Synth 8-638] synthesizing module 'axi_datamover_sfifo_autord__parameterized1' [d:/FPGA/Vivaldo Project/kr260_experiments/12_axis_dma_complex_mixer_nco/12_axis_dma_complex_mixer_nco.gen/sources_1/bd/mixer_nco/ipshared/2237/hdl/axi_datamover_v5_1_vh_rfs.vhd:1295]
INFO: [Synth 8-638] synthesizing module 'sync_fifo_fg__parameterized1' [d:/FPGA/Vivaldo Project/kr260_experiments/12_axis_dma_complex_mixer_nco/12_axis_dma_complex_mixer_nco.gen/sources_1/bd/mixer_nco/ipshared/6c82/hdl/lib_fifo_v1_0_rfs.vhd:2250]
	Parameter FIFO_MEMORY_TYPE bound to: block - type: string 
	Parameter FIFO_WRITE_DEPTH bound to: 128 - type: integer 
	Parameter WRITE_DATA_WIDTH bound to: 38 - type: integer 
	Parameter READ_MODE bound to: fwft - type: string 
	Parameter FIFO_READ_LATENCY bound to: 0 - type: integer 
	Parameter FULL_RESET_VALUE bound to: 1 - type: integer 
	Parameter USE_ADV_FEATURES bound to: 1F1F - type: string 
	Parameter READ_DATA_WIDTH bound to: 38 - type: integer 
	Parameter WR_DATA_COUNT_WIDTH bound to: 8 - type: integer 
	Parameter PROG_FULL_THRESH bound to: 10 - type: integer 
	Parameter RD_DATA_COUNT_WIDTH bound to: 4 - type: integer 
	Parameter PROG_EMPTY_THRESH bound to: 10 - type: integer 
	Parameter DOUT_RESET_VALUE bound to: 0 - type: string 
	Parameter ECC_MODE bound to: no_ecc - type: string 
	Parameter WAKEUP_TIME bound to: 0 - type: integer 
INFO: [Synth 8-3491] module 'xpm_fifo_sync' declared at 'D:/Xilinx/Vivado/2022.2/data/ip/xpm/xpm_fifo/hdl/xpm_fifo.sv:1955' bound to instance 'xpm_fifo_sync_inst' of component 'xpm_fifo_sync' [d:/FPGA/Vivaldo Project/kr260_experiments/12_axis_dma_complex_mixer_nco/12_axis_dma_complex_mixer_nco.gen/sources_1/bd/mixer_nco/ipshared/6c82/hdl/lib_fifo_v1_0_rfs.vhd:2627]
INFO: [Synth 8-6157] synthesizing module 'xpm_fifo_sync__parameterized3' [D:/Xilinx/Vivado/2022.2/data/ip/xpm/xpm_fifo/hdl/xpm_fifo.sv:1955]
INFO: [Synth 8-6157] synthesizing module 'xpm_fifo_base__parameterized1' [D:/Xilinx/Vivado/2022.2/data/ip/xpm/xpm_fifo/hdl/xpm_fifo.sv:55]
INFO: [Synth 8-6157] synthesizing module 'xpm_memory_base__parameterized1' [D:/Xilinx/Vivado/2022.2/data/ip/xpm/xpm_memory/hdl/xpm_memory.sv:56]
INFO: [Synth 8-6155] done synthesizing module 'xpm_memory_base__parameterized1' (0#1) [D:/Xilinx/Vivado/2022.2/data/ip/xpm/xpm_memory/hdl/xpm_memory.sv:56]
INFO: [Synth 8-226] default block is never used [D:/Xilinx/Vivado/2022.2/data/ip/xpm/xpm_fifo/hdl/xpm_fifo.sv:1207]
INFO: [Synth 8-226] default block is never used [D:/Xilinx/Vivado/2022.2/data/ip/xpm/xpm_fifo/hdl/xpm_fifo.sv:1274]
INFO: [Synth 8-226] default block is never used [D:/Xilinx/Vivado/2022.2/data/ip/xpm/xpm_fifo/hdl/xpm_fifo.sv:1296]
INFO: [Synth 8-6155] done synthesizing module 'xpm_fifo_base__parameterized1' (0#1) [D:/Xilinx/Vivado/2022.2/data/ip/xpm/xpm_fifo/hdl/xpm_fifo.sv:55]
INFO: [Synth 8-6155] done synthesizing module 'xpm_fifo_sync__parameterized3' (0#1) [D:/Xilinx/Vivado/2022.2/data/ip/xpm/xpm_fifo/hdl/xpm_fifo.sv:1955]
INFO: [Synth 8-256] done synthesizing module 'sync_fifo_fg__parameterized1' (0#1) [d:/FPGA/Vivaldo Project/kr260_experiments/12_axis_dma_complex_mixer_nco/12_axis_dma_complex_mixer_nco.gen/sources_1/bd/mixer_nco/ipshared/6c82/hdl/lib_fifo_v1_0_rfs.vhd:2250]
INFO: [Synth 8-256] done synthesizing module 'axi_datamover_sfifo_autord__parameterized1' (0#1) [d:/FPGA/Vivaldo Project/kr260_experiments/12_axis_dma_complex_mixer_nco/12_axis_dma_complex_mixer_nco.gen/sources_1/bd/mixer_nco/ipshared/2237/hdl/axi_datamover_v5_1_vh_rfs.vhd:1295]
INFO: [Synth 8-638] synthesizing module 'axi_datamover_skid_buf__parameterized0' [d:/FPGA/Vivaldo Project/kr260_experiments/12_axis_dma_complex_mixer_nco/12_axis_dma_complex_mixer_nco.gen/sources_1/bd/mixer_nco/ipshared/2237/hdl/axi_datamover_v5_1_vh_rfs.vhd:19500]
INFO: [Synth 8-256] done synthesizing module 'axi_datamover_skid_buf__parameterized0' (0#1) [d:/FPGA/Vivaldo Project/kr260_experiments/12_axis_dma_complex_mixer_nco/12_axis_dma_complex_mixer_nco.gen/sources_1/bd/mixer_nco/ipshared/2237/hdl/axi_datamover_v5_1_vh_rfs.vhd:19500]
INFO: [Synth 8-256] done synthesizing module 'axi_datamover_indet_btt' (0#1) [d:/FPGA/Vivaldo Project/kr260_experiments/12_axis_dma_complex_mixer_nco/12_axis_dma_complex_mixer_nco.gen/sources_1/bd/mixer_nco/ipshared/2237/hdl/axi_datamover_v5_1_vh_rfs.vhd:28430]
INFO: [Synth 8-638] synthesizing module 'axi_datamover_addr_cntl__parameterized0' [d:/FPGA/Vivaldo Project/kr260_experiments/12_axis_dma_complex_mixer_nco/12_axis_dma_complex_mixer_nco.gen/sources_1/bd/mixer_nco/ipshared/2237/hdl/axi_datamover_v5_1_vh_rfs.vhd:10000]
INFO: [Synth 8-256] done synthesizing module 'axi_datamover_addr_cntl__parameterized0' (0#1) [d:/FPGA/Vivaldo Project/kr260_experiments/12_axis_dma_complex_mixer_nco/12_axis_dma_complex_mixer_nco.gen/sources_1/bd/mixer_nco/ipshared/2237/hdl/axi_datamover_v5_1_vh_rfs.vhd:10000]
INFO: [Synth 8-638] synthesizing module 'axi_datamover_wrdata_cntl' [d:/FPGA/Vivaldo Project/kr260_experiments/12_axis_dma_complex_mixer_nco/12_axis_dma_complex_mixer_nco.gen/sources_1/bd/mixer_nco/ipshared/2237/hdl/axi_datamover_v5_1_vh_rfs.vhd:15674]
INFO: [Synth 8-638] synthesizing module 'axi_datamover_fifo__parameterized9' [d:/FPGA/Vivaldo Project/kr260_experiments/12_axis_dma_complex_mixer_nco/12_axis_dma_complex_mixer_nco.gen/sources_1/bd/mixer_nco/ipshared/2237/hdl/axi_datamover_v5_1_vh_rfs.vhd:1886]
INFO: [Synth 8-638] synthesizing module 'srl_fifo_f__parameterized6' [d:/FPGA/Vivaldo Project/kr260_experiments/12_axis_dma_complex_mixer_nco/12_axis_dma_complex_mixer_nco.gen/sources_1/bd/mixer_nco/ipshared/51ce/hdl/lib_srl_fifo_v1_0_rfs.vhd:1000]
INFO: [Synth 8-638] synthesizing module 'srl_fifo_rbu_f__parameterized6' [d:/FPGA/Vivaldo Project/kr260_experiments/12_axis_dma_complex_mixer_nco/12_axis_dma_complex_mixer_nco.gen/sources_1/bd/mixer_nco/ipshared/51ce/hdl/lib_srl_fifo_v1_0_rfs.vhd:697]
INFO: [Synth 8-638] synthesizing module 'dynshreg_f__parameterized6' [d:/FPGA/Vivaldo Project/kr260_experiments/12_axis_dma_complex_mixer_nco/12_axis_dma_complex_mixer_nco.gen/sources_1/bd/mixer_nco/ipshared/51ce/hdl/lib_srl_fifo_v1_0_rfs.vhd:397]
INFO: [Synth 8-256] done synthesizing module 'dynshreg_f__parameterized6' (0#1) [d:/FPGA/Vivaldo Project/kr260_experiments/12_axis_dma_complex_mixer_nco/12_axis_dma_complex_mixer_nco.gen/sources_1/bd/mixer_nco/ipshared/51ce/hdl/lib_srl_fifo_v1_0_rfs.vhd:397]
INFO: [Synth 8-256] done synthesizing module 'srl_fifo_rbu_f__parameterized6' (0#1) [d:/FPGA/Vivaldo Project/kr260_experiments/12_axis_dma_complex_mixer_nco/12_axis_dma_complex_mixer_nco.gen/sources_1/bd/mixer_nco/ipshared/51ce/hdl/lib_srl_fifo_v1_0_rfs.vhd:697]
INFO: [Synth 8-256] done synthesizing module 'srl_fifo_f__parameterized6' (0#1) [d:/FPGA/Vivaldo Project/kr260_experiments/12_axis_dma_complex_mixer_nco/12_axis_dma_complex_mixer_nco.gen/sources_1/bd/mixer_nco/ipshared/51ce/hdl/lib_srl_fifo_v1_0_rfs.vhd:1000]
INFO: [Synth 8-256] done synthesizing module 'axi_datamover_fifo__parameterized9' (0#1) [d:/FPGA/Vivaldo Project/kr260_experiments/12_axis_dma_complex_mixer_nco/12_axis_dma_complex_mixer_nco.gen/sources_1/bd/mixer_nco/ipshared/2237/hdl/axi_datamover_v5_1_vh_rfs.vhd:1886]
INFO: [Synth 8-256] done synthesizing module 'axi_datamover_wrdata_cntl' (0#1) [d:/FPGA/Vivaldo Project/kr260_experiments/12_axis_dma_complex_mixer_nco/12_axis_dma_complex_mixer_nco.gen/sources_1/bd/mixer_nco/ipshared/2237/hdl/axi_datamover_v5_1_vh_rfs.vhd:15674]
INFO: [Synth 8-638] synthesizing module 'axi_datamover_skid2mm_buf' [d:/FPGA/Vivaldo Project/kr260_experiments/12_axis_dma_complex_mixer_nco/12_axis_dma_complex_mixer_nco.gen/sources_1/bd/mixer_nco/ipshared/2237/hdl/axi_datamover_v5_1_vh_rfs.vhd:18998]
INFO: [Synth 8-638] synthesizing module 'axi_datamover_wr_demux' [d:/FPGA/Vivaldo Project/kr260_experiments/12_axis_dma_complex_mixer_nco/12_axis_dma_complex_mixer_nco.gen/sources_1/bd/mixer_nco/ipshared/2237/hdl/axi_datamover_v5_1_vh_rfs.vhd:14117]
INFO: [Synth 8-256] done synthesizing module 'axi_datamover_wr_demux' (0#1) [d:/FPGA/Vivaldo Project/kr260_experiments/12_axis_dma_complex_mixer_nco/12_axis_dma_complex_mixer_nco.gen/sources_1/bd/mixer_nco/ipshared/2237/hdl/axi_datamover_v5_1_vh_rfs.vhd:14117]
INFO: [Synth 8-256] done synthesizing module 'axi_datamover_skid2mm_buf' (0#1) [d:/FPGA/Vivaldo Project/kr260_experiments/12_axis_dma_complex_mixer_nco/12_axis_dma_complex_mixer_nco.gen/sources_1/bd/mixer_nco/ipshared/2237/hdl/axi_datamover_v5_1_vh_rfs.vhd:18998]
INFO: [Synth 8-256] done synthesizing module 'axi_datamover_s2mm_full_wrap' (0#1) [d:/FPGA/Vivaldo Project/kr260_experiments/12_axis_dma_complex_mixer_nco/12_axis_dma_complex_mixer_nco.gen/sources_1/bd/mixer_nco/ipshared/2237/hdl/axi_datamover_v5_1_vh_rfs.vhd:49997]
INFO: [Synth 8-256] done synthesizing module 'axi_datamover' (0#1) [d:/FPGA/Vivaldo Project/kr260_experiments/12_axis_dma_complex_mixer_nco/12_axis_dma_complex_mixer_nco.gen/sources_1/bd/mixer_nco/ipshared/2237/hdl/axi_datamover_v5_1_vh_rfs.vhd:55439]
INFO: [Synth 8-256] done synthesizing module 'axi_dma' (0#1) [d:/FPGA/Vivaldo Project/kr260_experiments/12_axis_dma_complex_mixer_nco/12_axis_dma_complex_mixer_nco.gen/sources_1/bd/mixer_nco/ipshared/70c4/hdl/axi_dma_v7_1_vh_rfs.vhd:22178]
INFO: [Synth 8-256] done synthesizing module 'mixer_nco_axi_dma_0_0' (0#1) [d:/FPGA/Vivaldo Project/kr260_experiments/12_axis_dma_complex_mixer_nco/12_axis_dma_complex_mixer_nco.gen/sources_1/bd/mixer_nco/ip/mixer_nco_axi_dma_0_0/synth/mixer_nco_axi_dma_0_0.vhd:128]
WARNING: [Synth 8-7071] port 'mm2s_prmry_reset_out_n' of module 'mixer_nco_axi_dma_0_0' is unconnected for instance 'axi_dma_0' [d:/FPGA/Vivaldo Project/kr260_experiments/12_axis_dma_complex_mixer_nco/12_axis_dma_complex_mixer_nco.gen/sources_1/bd/mixer_nco/synth/mixer_nco.v:193]
WARNING: [Synth 8-7071] port 's2mm_prmry_reset_out_n' of module 'mixer_nco_axi_dma_0_0' is unconnected for instance 'axi_dma_0' [d:/FPGA/Vivaldo Project/kr260_experiments/12_axis_dma_complex_mixer_nco/12_axis_dma_complex_mixer_nco.gen/sources_1/bd/mixer_nco/synth/mixer_nco.v:193]
WARNING: [Synth 8-7071] port 'mm2s_introut' of module 'mixer_nco_axi_dma_0_0' is unconnected for instance 'axi_dma_0' [d:/FPGA/Vivaldo Project/kr260_experiments/12_axis_dma_complex_mixer_nco/12_axis_dma_complex_mixer_nco.gen/sources_1/bd/mixer_nco/synth/mixer_nco.v:193]
WARNING: [Synth 8-7071] port 's2mm_introut' of module 'mixer_nco_axi_dma_0_0' is unconnected for instance 'axi_dma_0' [d:/FPGA/Vivaldo Project/kr260_experiments/12_axis_dma_complex_mixer_nco/12_axis_dma_complex_mixer_nco.gen/sources_1/bd/mixer_nco/synth/mixer_nco.v:193]
WARNING: [Synth 8-7071] port 'axi_dma_tstvec' of module 'mixer_nco_axi_dma_0_0' is unconnected for instance 'axi_dma_0' [d:/FPGA/Vivaldo Project/kr260_experiments/12_axis_dma_complex_mixer_nco/12_axis_dma_complex_mixer_nco.gen/sources_1/bd/mixer_nco/synth/mixer_nco.v:193]
WARNING: [Synth 8-7023] instance 'axi_dma_0' of module 'mixer_nco_axi_dma_0_0' has 64 connections declared, but only 59 given [d:/FPGA/Vivaldo Project/kr260_experiments/12_axis_dma_complex_mixer_nco/12_axis_dma_complex_mixer_nco.gen/sources_1/bd/mixer_nco/synth/mixer_nco.v:193]
INFO: [Synth 8-6157] synthesizing module 'mixer_nco_axis_complex_mixer_f_0_0' [d:/FPGA/Vivaldo Project/kr260_experiments/12_axis_dma_complex_mixer_nco/12_axis_dma_complex_mixer_nco.gen/sources_1/bd/mixer_nco/ip/mixer_nco_axis_complex_mixer_f_0_0/synth/mixer_nco_axis_complex_mixer_f_0_0.v:53]
INFO: [Synth 8-6157] synthesizing module 'axis_complex_mixer_fs4' [D:/FPGA/Vivaldo Project/kr260_experiments/12_axis_dma_complex_mixer_nco/12_axis_dma_complex_mixer_nco.srcs/sources_1/new/axis_complex_mixer_fs4.v:23]
INFO: [Synth 8-226] default block is never used [D:/FPGA/Vivaldo Project/kr260_experiments/12_axis_dma_complex_mixer_nco/12_axis_dma_complex_mixer_nco.srcs/sources_1/new/axis_complex_mixer_fs4.v:56]
INFO: [Synth 8-6155] done synthesizing module 'axis_complex_mixer_fs4' (0#1) [D:/FPGA/Vivaldo Project/kr260_experiments/12_axis_dma_complex_mixer_nco/12_axis_dma_complex_mixer_nco.srcs/sources_1/new/axis_complex_mixer_fs4.v:23]
INFO: [Synth 8-6155] done synthesizing module 'mixer_nco_axis_complex_mixer_f_0_0' (0#1) [d:/FPGA/Vivaldo Project/kr260_experiments/12_axis_dma_complex_mixer_nco/12_axis_dma_complex_mixer_nco.gen/sources_1/bd/mixer_nco/ip/mixer_nco_axis_complex_mixer_f_0_0/synth/mixer_nco_axis_complex_mixer_f_0_0.v:53]
INFO: [Synth 8-638] synthesizing module 'mixer_nco_blk_mem_gen_0_0' [d:/FPGA/Vivaldo Project/kr260_experiments/12_axis_dma_complex_mixer_nco/12_axis_dma_complex_mixer_nco.gen/sources_1/bd/mixer_nco/ip/mixer_nco_blk_mem_gen_0_0/synth/mixer_nco_blk_mem_gen_0_0.vhd:72]
	Parameter C_FAMILY bound to: zynquplus - type: string 
	Parameter C_XDEVICEFAMILY bound to: zynquplus - type: string 
	Parameter C_ELABORATION_DIR bound to: ./ - type: string 
	Parameter C_INTERFACE_TYPE bound to: 0 - type: integer 
	Parameter C_AXI_TYPE bound to: 1 - type: integer 
	Parameter C_AXI_SLAVE_TYPE bound to: 0 - type: integer 
	Parameter C_USE_BRAM_BLOCK bound to: 1 - type: integer 
	Parameter C_ENABLE_32BIT_ADDRESS bound to: 1 - type: integer 
	Parameter C_CTRL_ECC_ALGO bound to: NONE - type: string 
	Parameter C_HAS_AXI_ID bound to: 0 - type: integer 
	Parameter C_AXI_ID_WIDTH bound to: 4 - type: integer 
	Parameter C_MEM_TYPE bound to: 0 - type: integer 
	Parameter C_BYTE_SIZE bound to: 8 - type: integer 
	Parameter C_ALGORITHM bound to: 1 - type: integer 
	Parameter C_PRIM_TYPE bound to: 1 - type: integer 
	Parameter C_LOAD_INIT_FILE bound to: 0 - type: integer 
	Parameter C_INIT_FILE_NAME bound to: no_coe_file_loaded - type: string 
	Parameter C_INIT_FILE bound to: NONE - type: string 
	Parameter C_USE_DEFAULT_DATA bound to: 0 - type: integer 
	Parameter C_DEFAULT_DATA bound to: 0 - type: string 
	Parameter C_HAS_RSTA bound to: 1 - type: integer 
	Parameter C_RST_PRIORITY_A bound to: CE - type: string 
	Parameter C_RSTRAM_A bound to: 0 - type: integer 
	Parameter C_INITA_VAL bound to: 0 - type: string 
	Parameter C_HAS_ENA bound to: 1 - type: integer 
	Parameter C_HAS_REGCEA bound to: 0 - type: integer 
	Parameter C_USE_BYTE_WEA bound to: 1 - type: integer 
	Parameter C_WEA_WIDTH bound to: 4 - type: integer 
	Parameter C_WRITE_MODE_A bound to: WRITE_FIRST - type: string 
	Parameter C_WRITE_WIDTH_A bound to: 32 - type: integer 
	Parameter C_READ_WIDTH_A bound to: 32 - type: integer 
	Parameter C_WRITE_DEPTH_A bound to: 16384 - type: integer 
	Parameter C_READ_DEPTH_A bound to: 16384 - type: integer 
	Parameter C_ADDRA_WIDTH bound to: 32 - type: integer 
	Parameter C_HAS_RSTB bound to: 0 - type: integer 
	Parameter C_RST_PRIORITY_B bound to: CE - type: string 
	Parameter C_RSTRAM_B bound to: 0 - type: integer 
	Parameter C_INITB_VAL bound to: 0 - type: string 
	Parameter C_HAS_ENB bound to: 0 - type: integer 
	Parameter C_HAS_REGCEB bound to: 0 - type: integer 
	Parameter C_USE_BYTE_WEB bound to: 1 - type: integer 
	Parameter C_WEB_WIDTH bound to: 4 - type: integer 
	Parameter C_WRITE_MODE_B bound to: WRITE_FIRST - type: string 
	Parameter C_WRITE_WIDTH_B bound to: 32 - type: integer 
	Parameter C_READ_WIDTH_B bound to: 32 - type: integer 
	Parameter C_WRITE_DEPTH_B bound to: 16384 - type: integer 
	Parameter C_READ_DEPTH_B bound to: 16384 - type: integer 
	Parameter C_ADDRB_WIDTH bound to: 32 - type: integer 
	Parameter C_HAS_MEM_OUTPUT_REGS_A bound to: 0 - type: integer 
	Parameter C_HAS_MEM_OUTPUT_REGS_B bound to: 0 - type: integer 
	Parameter C_HAS_MUX_OUTPUT_REGS_A bound to: 0 - type: integer 
	Parameter C_HAS_MUX_OUTPUT_REGS_B bound to: 0 - type: integer 
	Parameter C_MUX_PIPELINE_STAGES bound to: 0 - type: integer 
	Parameter C_HAS_SOFTECC_INPUT_REGS_A bound to: 0 - type: integer 
	Parameter C_HAS_SOFTECC_OUTPUT_REGS_B bound to: 0 - type: integer 
	Parameter C_USE_SOFTECC bound to: 0 - type: integer 
	Parameter C_USE_ECC bound to: 0 - type: integer 
	Parameter C_EN_ECC_PIPE bound to: 0 - type: integer 
	Parameter C_READ_LATENCY_A bound to: 1 - type: integer 
	Parameter C_READ_LATENCY_B bound to: 1 - type: integer 
	Parameter C_HAS_INJECTERR bound to: 0 - type: integer 
	Parameter C_SIM_COLLISION_CHECK bound to: ALL - type: string 
	Parameter C_COMMON_CLK bound to: 0 - type: integer 
	Parameter C_DISABLE_WARN_BHV_COLL bound to: 0 - type: integer 
	Parameter C_EN_SLEEP_PIN bound to: 0 - type: integer 
	Parameter C_USE_URAM bound to: 0 - type: integer 
	Parameter C_EN_RDADDRA_CHG bound to: 0 - type: integer 
	Parameter C_EN_RDADDRB_CHG bound to: 0 - type: integer 
	Parameter C_EN_DEEPSLEEP_PIN bound to: 0 - type: integer 
	Parameter C_EN_SHUTDOWN_PIN bound to: 0 - type: integer 
	Parameter C_EN_SAFETY_CKT bound to: 1 - type: integer 
	Parameter C_DISABLE_WARN_BHV_RANGE bound to: 0 - type: integer 
	Parameter C_COUNT_36K_BRAM bound to: 16 - type: string 
	Parameter C_COUNT_18K_BRAM bound to: 0 - type: string 
	Parameter C_EST_POWER_SUMMARY bound to: Estimated Power for IP     :     7.498886 mW - type: string 
INFO: [Synth 8-3491] module 'blk_mem_gen_v8_4_5' declared at 'd:/FPGA/Vivaldo Project/kr260_experiments/12_axis_dma_complex_mixer_nco/12_axis_dma_complex_mixer_nco.gen/sources_1/bd/mixer_nco/ipshared/25a8/hdl/blk_mem_gen_v8_4_vhsyn_rfs.vhd:195321' bound to instance 'U0' of component 'blk_mem_gen_v8_4_5' [d:/FPGA/Vivaldo Project/kr260_experiments/12_axis_dma_complex_mixer_nco/12_axis_dma_complex_mixer_nco.gen/sources_1/bd/mixer_nco/ip/mixer_nco_blk_mem_gen_0_0/synth/mixer_nco_blk_mem_gen_0_0.vhd:239]
INFO: [Synth 8-256] done synthesizing module 'mixer_nco_blk_mem_gen_0_0' (0#1) [d:/FPGA/Vivaldo Project/kr260_experiments/12_axis_dma_complex_mixer_nco/12_axis_dma_complex_mixer_nco.gen/sources_1/bd/mixer_nco/ip/mixer_nco_blk_mem_gen_0_0/synth/mixer_nco_blk_mem_gen_0_0.vhd:72]
WARNING: [Synth 8-7071] port 'rsta_busy' of module 'mixer_nco_blk_mem_gen_0_0' is unconnected for instance 'blk_mem_gen_0' [d:/FPGA/Vivaldo Project/kr260_experiments/12_axis_dma_complex_mixer_nco/12_axis_dma_complex_mixer_nco.gen/sources_1/bd/mixer_nco/synth/mixer_nco.v:266]
WARNING: [Synth 8-7023] instance 'blk_mem_gen_0' of module 'mixer_nco_blk_mem_gen_0_0' has 8 connections declared, but only 7 given [d:/FPGA/Vivaldo Project/kr260_experiments/12_axis_dma_complex_mixer_nco/12_axis_dma_complex_mixer_nco.gen/sources_1/bd/mixer_nco/synth/mixer_nco.v:266]
INFO: [Synth 8-638] synthesizing module 'mixer_nco_proc_sys_reset_0_0' [d:/FPGA/Vivaldo Project/kr260_experiments/12_axis_dma_complex_mixer_nco/12_axis_dma_complex_mixer_nco.gen/sources_1/bd/mixer_nco/ip/mixer_nco_proc_sys_reset_0_0/synth/mixer_nco_proc_sys_reset_0_0.vhd:74]
	Parameter C_FAMILY bound to: zynquplus - type: string 
	Parameter C_EXT_RST_WIDTH bound to: 4 - type: integer 
	Parameter C_AUX_RST_WIDTH bound to: 4 - type: integer 
	Parameter C_EXT_RESET_HIGH bound to: 1'b0 
	Parameter C_AUX_RESET_HIGH bound to: 1'b0 
	Parameter C_NUM_BUS_RST bound to: 1 - type: integer 
	Parameter C_NUM_PERP_RST bound to: 1 - type: integer 
	Parameter C_NUM_INTERCONNECT_ARESETN bound to: 1 - type: integer 
	Parameter C_NUM_PERP_ARESETN bound to: 1 - type: integer 
INFO: [Synth 8-3491] module 'proc_sys_reset' declared at 'd:/FPGA/Vivaldo Project/kr260_experiments/12_axis_dma_complex_mixer_nco/12_axis_dma_complex_mixer_nco.gen/sources_1/bd/mixer_nco/ipshared/8842/hdl/proc_sys_reset_v5_0_vh_rfs.vhd:1264' bound to instance 'U0' of component 'proc_sys_reset' [d:/FPGA/Vivaldo Project/kr260_experiments/12_axis_dma_complex_mixer_nco/12_axis_dma_complex_mixer_nco.gen/sources_1/bd/mixer_nco/ip/mixer_nco_proc_sys_reset_0_0/synth/mixer_nco_proc_sys_reset_0_0.vhd:129]
INFO: [Synth 8-638] synthesizing module 'proc_sys_reset' [d:/FPGA/Vivaldo Project/kr260_experiments/12_axis_dma_complex_mixer_nco/12_axis_dma_complex_mixer_nco.gen/sources_1/bd/mixer_nco/ipshared/8842/hdl/proc_sys_reset_v5_0_vh_rfs.vhd:1323]
	Parameter INIT bound to: 1'b1 
INFO: [Synth 8-113] binding component instance 'FDRE_inst' to cell 'FDRE' [d:/FPGA/Vivaldo Project/kr260_experiments/12_axis_dma_complex_mixer_nco/12_axis_dma_complex_mixer_nco.gen/sources_1/bd/mixer_nco/ipshared/8842/hdl/proc_sys_reset_v5_0_vh_rfs.vhd:1392]
	Parameter INIT bound to: 1'b1 
INFO: [Synth 8-113] binding component instance 'FDRE_BSR' to cell 'FDRE' [d:/FPGA/Vivaldo Project/kr260_experiments/12_axis_dma_complex_mixer_nco/12_axis_dma_complex_mixer_nco.gen/sources_1/bd/mixer_nco/ipshared/8842/hdl/proc_sys_reset_v5_0_vh_rfs.vhd:1408]
	Parameter INIT bound to: 1'b0 
INFO: [Synth 8-113] binding component instance 'FDRE_BSR_N' to cell 'FDRE' [d:/FPGA/Vivaldo Project/kr260_experiments/12_axis_dma_complex_mixer_nco/12_axis_dma_complex_mixer_nco.gen/sources_1/bd/mixer_nco/ipshared/8842/hdl/proc_sys_reset_v5_0_vh_rfs.vhd:1434]
	Parameter INIT bound to: 1'b1 
INFO: [Synth 8-113] binding component instance 'FDRE_PER' to cell 'FDRE' [d:/FPGA/Vivaldo Project/kr260_experiments/12_axis_dma_complex_mixer_nco/12_axis_dma_complex_mixer_nco.gen/sources_1/bd/mixer_nco/ipshared/8842/hdl/proc_sys_reset_v5_0_vh_rfs.vhd:1457]
	Parameter INIT bound to: 1'b0 
INFO: [Synth 8-113] binding component instance 'FDRE_PER_N' to cell 'FDRE' [d:/FPGA/Vivaldo Project/kr260_experiments/12_axis_dma_complex_mixer_nco/12_axis_dma_complex_mixer_nco.gen/sources_1/bd/mixer_nco/ipshared/8842/hdl/proc_sys_reset_v5_0_vh_rfs.vhd:1481]
INFO: [Synth 8-638] synthesizing module 'lpf' [d:/FPGA/Vivaldo Project/kr260_experiments/12_axis_dma_complex_mixer_nco/12_axis_dma_complex_mixer_nco.gen/sources_1/bd/mixer_nco/ipshared/8842/hdl/proc_sys_reset_v5_0_vh_rfs.vhd:816]
INFO: [Synth 8-3491] module 'SRL16' declared at 'D:/Xilinx/Vivado/2022.2/scripts/rt/data/unisim_comp.v:131628' bound to instance 'POR_SRL_I' of component 'SRL16' [d:/FPGA/Vivaldo Project/kr260_experiments/12_axis_dma_complex_mixer_nco/12_axis_dma_complex_mixer_nco.gen/sources_1/bd/mixer_nco/ipshared/8842/hdl/proc_sys_reset_v5_0_vh_rfs.vhd:868]
INFO: [Synth 8-6157] synthesizing module 'SRL16' [D:/Xilinx/Vivado/2022.2/scripts/rt/data/unisim_comp.v:131628]
INFO: [Synth 8-6155] done synthesizing module 'SRL16' (0#1) [D:/Xilinx/Vivado/2022.2/scripts/rt/data/unisim_comp.v:131628]
INFO: [Synth 8-638] synthesizing module 'cdc_sync__parameterized0' [d:/FPGA/Vivaldo Project/kr260_experiments/12_axis_dma_complex_mixer_nco/12_axis_dma_complex_mixer_nco.gen/sources_1/bd/mixer_nco/ipshared/ef1e/hdl/lib_cdc_v1_0_rfs.vhd:106]
	Parameter INIT bound to: 1'b0 
INFO: [Synth 8-113] binding component instance 'CROSS_PLEVEL_IN2SCNDRY_IN_cdc_to' to cell 'FDR' [d:/FPGA/Vivaldo Project/kr260_experiments/12_axis_dma_complex_mixer_nco/12_axis_dma_complex_mixer_nco.gen/sources_1/bd/mixer_nco/ipshared/ef1e/hdl/lib_cdc_v1_0_rfs.vhd:514]
	Parameter INIT bound to: 1'b0 
INFO: [Synth 8-113] binding component instance 'CROSS_PLEVEL_IN2SCNDRY_s_level_out_d2' to cell 'FDR' [d:/FPGA/Vivaldo Project/kr260_experiments/12_axis_dma_complex_mixer_nco/12_axis_dma_complex_mixer_nco.gen/sources_1/bd/mixer_nco/ipshared/ef1e/hdl/lib_cdc_v1_0_rfs.vhd:545]
	Parameter INIT bound to: 1'b0 
INFO: [Synth 8-113] binding component instance 'CROSS_PLEVEL_IN2SCNDRY_s_level_out_d3' to cell 'FDR' [d:/FPGA/Vivaldo Project/kr260_experiments/12_axis_dma_complex_mixer_nco/12_axis_dma_complex_mixer_nco.gen/sources_1/bd/mixer_nco/ipshared/ef1e/hdl/lib_cdc_v1_0_rfs.vhd:554]
	Parameter INIT bound to: 1'b0 
INFO: [Synth 8-113] binding component instance 'CROSS_PLEVEL_IN2SCNDRY_s_level_out_d4' to cell 'FDR' [d:/FPGA/Vivaldo Project/kr260_experiments/12_axis_dma_complex_mixer_nco/12_axis_dma_complex_mixer_nco.gen/sources_1/bd/mixer_nco/ipshared/ef1e/hdl/lib_cdc_v1_0_rfs.vhd:564]
	Parameter INIT bound to: 1'b0 
INFO: [Synth 8-113] binding component instance 'CROSS_PLEVEL_IN2SCNDRY_s_level_out_d5' to cell 'FDR' [d:/FPGA/Vivaldo Project/kr260_experiments/12_axis_dma_complex_mixer_nco/12_axis_dma_complex_mixer_nco.gen/sources_1/bd/mixer_nco/ipshared/ef1e/hdl/lib_cdc_v1_0_rfs.vhd:574]
	Parameter INIT bound to: 1'b0 
INFO: [Synth 8-113] binding component instance 'CROSS_PLEVEL_IN2SCNDRY_s_level_out_d6' to cell 'FDR' [d:/FPGA/Vivaldo Project/kr260_experiments/12_axis_dma_complex_mixer_nco/12_axis_dma_complex_mixer_nco.gen/sources_1/bd/mixer_nco/ipshared/ef1e/hdl/lib_cdc_v1_0_rfs.vhd:584]
INFO: [Synth 8-256] done synthesizing module 'cdc_sync__parameterized0' (0#1) [d:/FPGA/Vivaldo Project/kr260_experiments/12_axis_dma_complex_mixer_nco/12_axis_dma_complex_mixer_nco.gen/sources_1/bd/mixer_nco/ipshared/ef1e/hdl/lib_cdc_v1_0_rfs.vhd:106]
INFO: [Synth 8-256] done synthesizing module 'lpf' (0#1) [d:/FPGA/Vivaldo Project/kr260_experiments/12_axis_dma_complex_mixer_nco/12_axis_dma_complex_mixer_nco.gen/sources_1/bd/mixer_nco/ipshared/8842/hdl/proc_sys_reset_v5_0_vh_rfs.vhd:816]
INFO: [Synth 8-638] synthesizing module 'sequence_psr' [d:/FPGA/Vivaldo Project/kr260_experiments/12_axis_dma_complex_mixer_nco/12_axis_dma_complex_mixer_nco.gen/sources_1/bd/mixer_nco/ipshared/8842/hdl/proc_sys_reset_v5_0_vh_rfs.vhd:301]
INFO: [Synth 8-638] synthesizing module 'upcnt_n' [d:/FPGA/Vivaldo Project/kr260_experiments/12_axis_dma_complex_mixer_nco/12_axis_dma_complex_mixer_nco.gen/sources_1/bd/mixer_nco/ipshared/8842/hdl/proc_sys_reset_v5_0_vh_rfs.vhd:125]
INFO: [Synth 8-256] done synthesizing module 'upcnt_n' (0#1) [d:/FPGA/Vivaldo Project/kr260_experiments/12_axis_dma_complex_mixer_nco/12_axis_dma_complex_mixer_nco.gen/sources_1/bd/mixer_nco/ipshared/8842/hdl/proc_sys_reset_v5_0_vh_rfs.vhd:125]
INFO: [Synth 8-256] done synthesizing module 'sequence_psr' (0#1) [d:/FPGA/Vivaldo Project/kr260_experiments/12_axis_dma_complex_mixer_nco/12_axis_dma_complex_mixer_nco.gen/sources_1/bd/mixer_nco/ipshared/8842/hdl/proc_sys_reset_v5_0_vh_rfs.vhd:301]
INFO: [Synth 8-256] done synthesizing module 'proc_sys_reset' (0#1) [d:/FPGA/Vivaldo Project/kr260_experiments/12_axis_dma_complex_mixer_nco/12_axis_dma_complex_mixer_nco.gen/sources_1/bd/mixer_nco/ipshared/8842/hdl/proc_sys_reset_v5_0_vh_rfs.vhd:1323]
INFO: [Synth 8-256] done synthesizing module 'mixer_nco_proc_sys_reset_0_0' (0#1) [d:/FPGA/Vivaldo Project/kr260_experiments/12_axis_dma_complex_mixer_nco/12_axis_dma_complex_mixer_nco.gen/sources_1/bd/mixer_nco/ip/mixer_nco_proc_sys_reset_0_0/synth/mixer_nco_proc_sys_reset_0_0.vhd:74]
WARNING: [Synth 8-7071] port 'mb_reset' of module 'mixer_nco_proc_sys_reset_0_0' is unconnected for instance 'proc_sys_reset_0' [d:/FPGA/Vivaldo Project/kr260_experiments/12_axis_dma_complex_mixer_nco/12_axis_dma_complex_mixer_nco.gen/sources_1/bd/mixer_nco/synth/mixer_nco.v:274]
WARNING: [Synth 8-7071] port 'bus_struct_reset' of module 'mixer_nco_proc_sys_reset_0_0' is unconnected for instance 'proc_sys_reset_0' [d:/FPGA/Vivaldo Project/kr260_experiments/12_axis_dma_complex_mixer_nco/12_axis_dma_complex_mixer_nco.gen/sources_1/bd/mixer_nco/synth/mixer_nco.v:274]
WARNING: [Synth 8-7071] port 'peripheral_reset' of module 'mixer_nco_proc_sys_reset_0_0' is unconnected for instance 'proc_sys_reset_0' [d:/FPGA/Vivaldo Project/kr260_experiments/12_axis_dma_complex_mixer_nco/12_axis_dma_complex_mixer_nco.gen/sources_1/bd/mixer_nco/synth/mixer_nco.v:274]
WARNING: [Synth 8-7071] port 'interconnect_aresetn' of module 'mixer_nco_proc_sys_reset_0_0' is unconnected for instance 'proc_sys_reset_0' [d:/FPGA/Vivaldo Project/kr260_experiments/12_axis_dma_complex_mixer_nco/12_axis_dma_complex_mixer_nco.gen/sources_1/bd/mixer_nco/synth/mixer_nco.v:274]
WARNING: [Synth 8-7023] instance 'proc_sys_reset_0' of module 'mixer_nco_proc_sys_reset_0_0' has 10 connections declared, but only 6 given [d:/FPGA/Vivaldo Project/kr260_experiments/12_axis_dma_complex_mixer_nco/12_axis_dma_complex_mixer_nco.gen/sources_1/bd/mixer_nco/synth/mixer_nco.v:274]
INFO: [Synth 8-6157] synthesizing module 'mixer_nco_smartconnect_0_0' [d:/FPGA/Vivaldo Project/kr260_experiments/12_axis_dma_complex_mixer_nco/12_axis_dma_complex_mixer_nco.gen/sources_1/bd/mixer_nco/ip/mixer_nco_smartconnect_0_0/synth/mixer_nco_smartconnect_0_0.v:53]
INFO: [Synth 8-6157] synthesizing module 'bd_f3b5' [d:/FPGA/Vivaldo Project/kr260_experiments/12_axis_dma_complex_mixer_nco/12_axis_dma_complex_mixer_nco.gen/sources_1/bd/mixer_nco/ip/mixer_nco_smartconnect_0_0/bd_0/synth/bd_f3b5.v:9]
INFO: [Synth 8-6157] synthesizing module 'clk_map_imp_56H4KQ' [d:/FPGA/Vivaldo Project/kr260_experiments/12_axis_dma_complex_mixer_nco/12_axis_dma_complex_mixer_nco.gen/sources_1/bd/mixer_nco/ip/mixer_nco_smartconnect_0_0/bd_0/synth/bd_f3b5.v:1805]
INFO: [Synth 8-6157] synthesizing module 'bd_f3b5_one_0' [d:/FPGA/Vivaldo Project/kr260_experiments/12_axis_dma_complex_mixer_nco/12_axis_dma_complex_mixer_nco.gen/sources_1/bd/mixer_nco/ip/mixer_nco_smartconnect_0_0/bd_0/ip/ip_0/synth/bd_f3b5_one_0.v:53]
INFO: [Synth 8-6157] synthesizing module 'xlconstant_v1_1_7_xlconstant' [d:/FPGA/Vivaldo Project/kr260_experiments/12_axis_dma_complex_mixer_nco/12_axis_dma_complex_mixer_nco.gen/sources_1/bd/mixer_nco/ipshared/badb/hdl/xlconstant_v1_1_vl_rfs.v:23]
INFO: [Synth 8-6155] done synthesizing module 'xlconstant_v1_1_7_xlconstant' (0#1) [d:/FPGA/Vivaldo Project/kr260_experiments/12_axis_dma_complex_mixer_nco/12_axis_dma_complex_mixer_nco.gen/sources_1/bd/mixer_nco/ipshared/badb/hdl/xlconstant_v1_1_vl_rfs.v:23]
INFO: [Synth 8-6155] done synthesizing module 'bd_f3b5_one_0' (0#1) [d:/FPGA/Vivaldo Project/kr260_experiments/12_axis_dma_complex_mixer_nco/12_axis_dma_complex_mixer_nco.gen/sources_1/bd/mixer_nco/ip/mixer_nco_smartconnect_0_0/bd_0/ip/ip_0/synth/bd_f3b5_one_0.v:53]
INFO: [Synth 8-638] synthesizing module 'bd_f3b5_psr_aclk_0' [d:/FPGA/Vivaldo Project/kr260_experiments/12_axis_dma_complex_mixer_nco/12_axis_dma_complex_mixer_nco.gen/sources_1/bd/mixer_nco/ip/mixer_nco_smartconnect_0_0/bd_0/ip/ip_1/synth/bd_f3b5_psr_aclk_0.vhd:74]
	Parameter C_FAMILY bound to: zynquplus - type: string 
	Parameter C_EXT_RST_WIDTH bound to: 4 - type: integer 
	Parameter C_AUX_RST_WIDTH bound to: 1 - type: integer 
	Parameter C_EXT_RESET_HIGH bound to: 1'b0 
	Parameter C_AUX_RESET_HIGH bound to: 1'b0 
	Parameter C_NUM_BUS_RST bound to: 1 - type: integer 
	Parameter C_NUM_PERP_RST bound to: 1 - type: integer 
	Parameter C_NUM_INTERCONNECT_ARESETN bound to: 1 - type: integer 
	Parameter C_NUM_PERP_ARESETN bound to: 1 - type: integer 
INFO: [Synth 8-3491] module 'proc_sys_reset' declared at 'd:/FPGA/Vivaldo Project/kr260_experiments/12_axis_dma_complex_mixer_nco/12_axis_dma_complex_mixer_nco.gen/sources_1/bd/mixer_nco/ipshared/8842/hdl/proc_sys_reset_v5_0_vh_rfs.vhd:1264' bound to instance 'U0' of component 'proc_sys_reset' [d:/FPGA/Vivaldo Project/kr260_experiments/12_axis_dma_complex_mixer_nco/12_axis_dma_complex_mixer_nco.gen/sources_1/bd/mixer_nco/ip/mixer_nco_smartconnect_0_0/bd_0/ip/ip_1/synth/bd_f3b5_psr_aclk_0.vhd:129]
INFO: [Synth 8-638] synthesizing module 'proc_sys_reset__parameterized1' [d:/FPGA/Vivaldo Project/kr260_experiments/12_axis_dma_complex_mixer_nco/12_axis_dma_complex_mixer_nco.gen/sources_1/bd/mixer_nco/ipshared/8842/hdl/proc_sys_reset_v5_0_vh_rfs.vhd:1323]
	Parameter INIT bound to: 1'b1 
INFO: [Synth 8-113] binding component instance 'FDRE_inst' to cell 'FDRE' [d:/FPGA/Vivaldo Project/kr260_experiments/12_axis_dma_complex_mixer_nco/12_axis_dma_complex_mixer_nco.gen/sources_1/bd/mixer_nco/ipshared/8842/hdl/proc_sys_reset_v5_0_vh_rfs.vhd:1392]
	Parameter INIT bound to: 1'b1 
INFO: [Synth 8-113] binding component instance 'FDRE_BSR' to cell 'FDRE' [d:/FPGA/Vivaldo Project/kr260_experiments/12_axis_dma_complex_mixer_nco/12_axis_dma_complex_mixer_nco.gen/sources_1/bd/mixer_nco/ipshared/8842/hdl/proc_sys_reset_v5_0_vh_rfs.vhd:1408]
	Parameter INIT bound to: 1'b0 
INFO: [Synth 8-113] binding component instance 'FDRE_BSR_N' to cell 'FDRE' [d:/FPGA/Vivaldo Project/kr260_experiments/12_axis_dma_complex_mixer_nco/12_axis_dma_complex_mixer_nco.gen/sources_1/bd/mixer_nco/ipshared/8842/hdl/proc_sys_reset_v5_0_vh_rfs.vhd:1434]
	Parameter INIT bound to: 1'b1 
INFO: [Synth 8-113] binding component instance 'FDRE_PER' to cell 'FDRE' [d:/FPGA/Vivaldo Project/kr260_experiments/12_axis_dma_complex_mixer_nco/12_axis_dma_complex_mixer_nco.gen/sources_1/bd/mixer_nco/ipshared/8842/hdl/proc_sys_reset_v5_0_vh_rfs.vhd:1457]
	Parameter INIT bound to: 1'b0 
INFO: [Synth 8-113] binding component instance 'FDRE_PER_N' to cell 'FDRE' [d:/FPGA/Vivaldo Project/kr260_experiments/12_axis_dma_complex_mixer_nco/12_axis_dma_complex_mixer_nco.gen/sources_1/bd/mixer_nco/ipshared/8842/hdl/proc_sys_reset_v5_0_vh_rfs.vhd:1481]
INFO: [Synth 8-638] synthesizing module 'lpf__parameterized0' [d:/FPGA/Vivaldo Project/kr260_experiments/12_axis_dma_complex_mixer_nco/12_axis_dma_complex_mixer_nco.gen/sources_1/bd/mixer_nco/ipshared/8842/hdl/proc_sys_reset_v5_0_vh_rfs.vhd:816]
INFO: [Synth 8-3491] module 'SRL16' declared at 'D:/Xilinx/Vivado/2022.2/scripts/rt/data/unisim_comp.v:131628' bound to instance 'POR_SRL_I' of component 'SRL16' [d:/FPGA/Vivaldo Project/kr260_experiments/12_axis_dma_complex_mixer_nco/12_axis_dma_complex_mixer_nco.gen/sources_1/bd/mixer_nco/ipshared/8842/hdl/proc_sys_reset_v5_0_vh_rfs.vhd:868]
INFO: [Synth 8-256] done synthesizing module 'lpf__parameterized0' (0#1) [d:/FPGA/Vivaldo Project/kr260_experiments/12_axis_dma_complex_mixer_nco/12_axis_dma_complex_mixer_nco.gen/sources_1/bd/mixer_nco/ipshared/8842/hdl/proc_sys_reset_v5_0_vh_rfs.vhd:816]
INFO: [Synth 8-256] done synthesizing module 'proc_sys_reset__parameterized1' (0#1) [d:/FPGA/Vivaldo Project/kr260_experiments/12_axis_dma_complex_mixer_nco/12_axis_dma_complex_mixer_nco.gen/sources_1/bd/mixer_nco/ipshared/8842/hdl/proc_sys_reset_v5_0_vh_rfs.vhd:1323]
INFO: [Synth 8-256] done synthesizing module 'bd_f3b5_psr_aclk_0' (0#1) [d:/FPGA/Vivaldo Project/kr260_experiments/12_axis_dma_complex_mixer_nco/12_axis_dma_complex_mixer_nco.gen/sources_1/bd/mixer_nco/ip/mixer_nco_smartconnect_0_0/bd_0/ip/ip_1/synth/bd_f3b5_psr_aclk_0.vhd:74]
WARNING: [Synth 8-7071] port 'mb_reset' of module 'bd_f3b5_psr_aclk_0' is unconnected for instance 'psr_aclk' [d:/FPGA/Vivaldo Project/kr260_experiments/12_axis_dma_complex_mixer_nco/12_axis_dma_complex_mixer_nco.gen/sources_1/bd/mixer_nco/ip/mixer_nco_smartconnect_0_0/bd_0/synth/bd_f3b5.v:1858]
WARNING: [Synth 8-7071] port 'bus_struct_reset' of module 'bd_f3b5_psr_aclk_0' is unconnected for instance 'psr_aclk' [d:/FPGA/Vivaldo Project/kr260_experiments/12_axis_dma_complex_mixer_nco/12_axis_dma_complex_mixer_nco.gen/sources_1/bd/mixer_nco/ip/mixer_nco_smartconnect_0_0/bd_0/synth/bd_f3b5.v:1858]
WARNING: [Synth 8-7071] port 'peripheral_reset' of module 'bd_f3b5_psr_aclk_0' is unconnected for instance 'psr_aclk' [d:/FPGA/Vivaldo Project/kr260_experiments/12_axis_dma_complex_mixer_nco/12_axis_dma_complex_mixer_nco.gen/sources_1/bd/mixer_nco/ip/mixer_nco_smartconnect_0_0/bd_0/synth/bd_f3b5.v:1858]
WARNING: [Synth 8-7071] port 'peripheral_aresetn' of module 'bd_f3b5_psr_aclk_0' is unconnected for instance 'psr_aclk' [d:/FPGA/Vivaldo Project/kr260_experiments/12_axis_dma_complex_mixer_nco/12_axis_dma_complex_mixer_nco.gen/sources_1/bd/mixer_nco/ip/mixer_nco_smartconnect_0_0/bd_0/synth/bd_f3b5.v:1858]
WARNING: [Synth 8-7023] instance 'psr_aclk' of module 'bd_f3b5_psr_aclk_0' has 10 connections declared, but only 6 given [d:/FPGA/Vivaldo Project/kr260_experiments/12_axis_dma_complex_mixer_nco/12_axis_dma_complex_mixer_nco.gen/sources_1/bd/mixer_nco/ip/mixer_nco_smartconnect_0_0/bd_0/synth/bd_f3b5.v:1858]
INFO: [Synth 8-6155] done synthesizing module 'clk_map_imp_56H4KQ' (0#1) [d:/FPGA/Vivaldo Project/kr260_experiments/12_axis_dma_complex_mixer_nco/12_axis_dma_complex_mixer_nco.gen/sources_1/bd/mixer_nco/ip/mixer_nco_smartconnect_0_0/bd_0/synth/bd_f3b5.v:1805]
INFO: [Synth 8-6157] synthesizing module 'm00_exit_pipeline_imp_1SXILYP' [d:/FPGA/Vivaldo Project/kr260_experiments/12_axis_dma_complex_mixer_nco/12_axis_dma_complex_mixer_nco.gen/sources_1/bd/mixer_nco/ip/mixer_nco_smartconnect_0_0/bd_0/synth/bd_f3b5.v:1867]
INFO: [Synth 8-6157] synthesizing module 'bd_f3b5_m00e_0' [d:/FPGA/Vivaldo Project/kr260_experiments/12_axis_dma_complex_mixer_nco/12_axis_dma_complex_mixer_nco.gen/sources_1/bd/mixer_nco/ip/mixer_nco_smartconnect_0_0/bd_0/ip/ip_35/synth/bd_f3b5_m00e_0.sv:53]
INFO: [Synth 8-6157] synthesizing module 'xpm_cdc_async_rst' [D:/Xilinx/Vivado/2022.2/data/ip/xpm/xpm_cdc/hdl/xpm_cdc.sv:1174]
INFO: [Synth 8-6155] done synthesizing module 'xpm_cdc_async_rst' (0#1) [D:/Xilinx/Vivado/2022.2/data/ip/xpm/xpm_cdc/hdl/xpm_cdc.sv:1174]
INFO: [Synth 8-6155] done synthesizing module 'bd_f3b5_m00e_0' (0#1) [d:/FPGA/Vivaldo Project/kr260_experiments/12_axis_dma_complex_mixer_nco/12_axis_dma_complex_mixer_nco.gen/sources_1/bd/mixer_nco/ip/mixer_nco_smartconnect_0_0/bd_0/ip/ip_35/synth/bd_f3b5_m00e_0.sv:53]
INFO: [Synth 8-6155] done synthesizing module 'm00_exit_pipeline_imp_1SXILYP' (0#1) [d:/FPGA/Vivaldo Project/kr260_experiments/12_axis_dma_complex_mixer_nco/12_axis_dma_complex_mixer_nco.gen/sources_1/bd/mixer_nco/ip/mixer_nco_smartconnect_0_0/bd_0/synth/bd_f3b5.v:1867]
INFO: [Synth 8-6157] synthesizing module 'm00_nodes_imp_1FNTV31' [d:/FPGA/Vivaldo Project/kr260_experiments/12_axis_dma_complex_mixer_nco/12_axis_dma_complex_mixer_nco.gen/sources_1/bd/mixer_nco/ip/mixer_nco_smartconnect_0_0/bd_0/synth/bd_f3b5.v:2248]
INFO: [Synth 8-6157] synthesizing module 'bd_f3b5_m00arn_0' [d:/FPGA/Vivaldo Project/kr260_experiments/12_axis_dma_complex_mixer_nco/12_axis_dma_complex_mixer_nco.gen/sources_1/bd/mixer_nco/ip/mixer_nco_smartconnect_0_0/bd_0/ip/ip_30/synth/bd_f3b5_m00arn_0.sv:53]
INFO: [Synth 8-6157] synthesizing module 'xpm_memory_sdpram' [D:/Xilinx/Vivado/2022.2/data/ip/xpm/xpm_memory/hdl/xpm_memory.sv:8476]
INFO: [Synth 8-6157] synthesizing module 'xpm_memory_base__parameterized2' [D:/Xilinx/Vivado/2022.2/data/ip/xpm/xpm_memory/hdl/xpm_memory.sv:56]
INFO: [Synth 8-6155] done synthesizing module 'xpm_memory_base__parameterized2' (0#1) [D:/Xilinx/Vivado/2022.2/data/ip/xpm/xpm_memory/hdl/xpm_memory.sv:56]
INFO: [Synth 8-6155] done synthesizing module 'xpm_memory_sdpram' (0#1) [D:/Xilinx/Vivado/2022.2/data/ip/xpm/xpm_memory/hdl/xpm_memory.sv:8476]
INFO: [Synth 8-6157] synthesizing module 'xpm_memory_sdpram__parameterized0' [D:/Xilinx/Vivado/2022.2/data/ip/xpm/xpm_memory/hdl/xpm_memory.sv:8476]
INFO: [Synth 8-6157] synthesizing module 'xpm_memory_base__parameterized3' [D:/Xilinx/Vivado/2022.2/data/ip/xpm/xpm_memory/hdl/xpm_memory.sv:56]
INFO: [Synth 8-6155] done synthesizing module 'xpm_memory_base__parameterized3' (0#1) [D:/Xilinx/Vivado/2022.2/data/ip/xpm/xpm_memory/hdl/xpm_memory.sv:56]
INFO: [Synth 8-6155] done synthesizing module 'xpm_memory_sdpram__parameterized0' (0#1) [D:/Xilinx/Vivado/2022.2/data/ip/xpm/xpm_memory/hdl/xpm_memory.sv:8476]
INFO: [Synth 8-6155] done synthesizing module 'bd_f3b5_m00arn_0' (0#1) [d:/FPGA/Vivaldo Project/kr260_experiments/12_axis_dma_complex_mixer_nco/12_axis_dma_complex_mixer_nco.gen/sources_1/bd/mixer_nco/ip/mixer_nco_smartconnect_0_0/bd_0/ip/ip_30/synth/bd_f3b5_m00arn_0.sv:53]
INFO: [Synth 8-6157] synthesizing module 'bd_f3b5_m00awn_0' [d:/FPGA/Vivaldo Project/kr260_experiments/12_axis_dma_complex_mixer_nco/12_axis_dma_complex_mixer_nco.gen/sources_1/bd/mixer_nco/ip/mixer_nco_smartconnect_0_0/bd_0/ip/ip_32/synth/bd_f3b5_m00awn_0.sv:53]
INFO: [Synth 8-6155] done synthesizing module 'bd_f3b5_m00awn_0' (0#1) [d:/FPGA/Vivaldo Project/kr260_experiments/12_axis_dma_complex_mixer_nco/12_axis_dma_complex_mixer_nco.gen/sources_1/bd/mixer_nco/ip/mixer_nco_smartconnect_0_0/bd_0/ip/ip_32/synth/bd_f3b5_m00awn_0.sv:53]
INFO: [Synth 8-6157] synthesizing module 'bd_f3b5_m00bn_0' [d:/FPGA/Vivaldo Project/kr260_experiments/12_axis_dma_complex_mixer_nco/12_axis_dma_complex_mixer_nco.gen/sources_1/bd/mixer_nco/ip/mixer_nco_smartconnect_0_0/bd_0/ip/ip_34/synth/bd_f3b5_m00bn_0.sv:53]
INFO: [Synth 8-6157] synthesizing module 'xpm_memory_sdpram__parameterized1' [D:/Xilinx/Vivado/2022.2/data/ip/xpm/xpm_memory/hdl/xpm_memory.sv:8476]
INFO: [Synth 8-6157] synthesizing module 'xpm_memory_base__parameterized4' [D:/Xilinx/Vivado/2022.2/data/ip/xpm/xpm_memory/hdl/xpm_memory.sv:56]
INFO: [Synth 8-6155] done synthesizing module 'xpm_memory_base__parameterized4' (0#1) [D:/Xilinx/Vivado/2022.2/data/ip/xpm/xpm_memory/hdl/xpm_memory.sv:56]
INFO: [Synth 8-6155] done synthesizing module 'xpm_memory_sdpram__parameterized1' (0#1) [D:/Xilinx/Vivado/2022.2/data/ip/xpm/xpm_memory/hdl/xpm_memory.sv:8476]
INFO: [Synth 8-6157] synthesizing module 'xpm_memory_sdpram__parameterized2' [D:/Xilinx/Vivado/2022.2/data/ip/xpm/xpm_memory/hdl/xpm_memory.sv:8476]
INFO: [Synth 8-6157] synthesizing module 'xpm_memory_base__parameterized5' [D:/Xilinx/Vivado/2022.2/data/ip/xpm/xpm_memory/hdl/xpm_memory.sv:56]
INFO: [Synth 8-6155] done synthesizing module 'xpm_memory_base__parameterized5' (0#1) [D:/Xilinx/Vivado/2022.2/data/ip/xpm/xpm_memory/hdl/xpm_memory.sv:56]
INFO: [Synth 8-6155] done synthesizing module 'xpm_memory_sdpram__parameterized2' (0#1) [D:/Xilinx/Vivado/2022.2/data/ip/xpm/xpm_memory/hdl/xpm_memory.sv:8476]
INFO: [Synth 8-6155] done synthesizing module 'bd_f3b5_m00bn_0' (0#1) [d:/FPGA/Vivaldo Project/kr260_experiments/12_axis_dma_complex_mixer_nco/12_axis_dma_complex_mixer_nco.gen/sources_1/bd/mixer_nco/ip/mixer_nco_smartconnect_0_0/bd_0/ip/ip_34/synth/bd_f3b5_m00bn_0.sv:53]
INFO: [Synth 8-6157] synthesizing module 'bd_f3b5_m00rn_0' [d:/FPGA/Vivaldo Project/kr260_experiments/12_axis_dma_complex_mixer_nco/12_axis_dma_complex_mixer_nco.gen/sources_1/bd/mixer_nco/ip/mixer_nco_smartconnect_0_0/bd_0/ip/ip_31/synth/bd_f3b5_m00rn_0.sv:53]
INFO: [Synth 8-6157] synthesizing module 'xpm_memory_sdpram__parameterized3' [D:/Xilinx/Vivado/2022.2/data/ip/xpm/xpm_memory/hdl/xpm_memory.sv:8476]
INFO: [Synth 8-6157] synthesizing module 'xpm_memory_base__parameterized6' [D:/Xilinx/Vivado/2022.2/data/ip/xpm/xpm_memory/hdl/xpm_memory.sv:56]
INFO: [Synth 8-6155] done synthesizing module 'xpm_memory_base__parameterized6' (0#1) [D:/Xilinx/Vivado/2022.2/data/ip/xpm/xpm_memory/hdl/xpm_memory.sv:56]
INFO: [Synth 8-6155] done synthesizing module 'xpm_memory_sdpram__parameterized3' (0#1) [D:/Xilinx/Vivado/2022.2/data/ip/xpm/xpm_memory/hdl/xpm_memory.sv:8476]
INFO: [Synth 8-6155] done synthesizing module 'bd_f3b5_m00rn_0' (0#1) [d:/FPGA/Vivaldo Project/kr260_experiments/12_axis_dma_complex_mixer_nco/12_axis_dma_complex_mixer_nco.gen/sources_1/bd/mixer_nco/ip/mixer_nco_smartconnect_0_0/bd_0/ip/ip_31/synth/bd_f3b5_m00rn_0.sv:53]
INFO: [Synth 8-6157] synthesizing module 'bd_f3b5_m00wn_0' [d:/FPGA/Vivaldo Project/kr260_experiments/12_axis_dma_complex_mixer_nco/12_axis_dma_complex_mixer_nco.gen/sources_1/bd/mixer_nco/ip/mixer_nco_smartconnect_0_0/bd_0/ip/ip_33/synth/bd_f3b5_m00wn_0.sv:53]
INFO: [Synth 8-6157] synthesizing module 'xpm_memory_sdpram__parameterized4' [D:/Xilinx/Vivado/2022.2/data/ip/xpm/xpm_memory/hdl/xpm_memory.sv:8476]
INFO: [Synth 8-6157] synthesizing module 'xpm_memory_base__parameterized7' [D:/Xilinx/Vivado/2022.2/data/ip/xpm/xpm_memory/hdl/xpm_memory.sv:56]
INFO: [Synth 8-6155] done synthesizing module 'xpm_memory_base__parameterized7' (0#1) [D:/Xilinx/Vivado/2022.2/data/ip/xpm/xpm_memory/hdl/xpm_memory.sv:56]
INFO: [Synth 8-6155] done synthesizing module 'xpm_memory_sdpram__parameterized4' (0#1) [D:/Xilinx/Vivado/2022.2/data/ip/xpm/xpm_memory/hdl/xpm_memory.sv:8476]
INFO: [Synth 8-6157] synthesizing module 'xpm_memory_sdpram__parameterized5' [D:/Xilinx/Vivado/2022.2/data/ip/xpm/xpm_memory/hdl/xpm_memory.sv:8476]
INFO: [Synth 8-6157] synthesizing module 'xpm_memory_base__parameterized8' [D:/Xilinx/Vivado/2022.2/data/ip/xpm/xpm_memory/hdl/xpm_memory.sv:56]
INFO: [Synth 8-6155] done synthesizing module 'xpm_memory_base__parameterized8' (0#1) [D:/Xilinx/Vivado/2022.2/data/ip/xpm/xpm_memory/hdl/xpm_memory.sv:56]
INFO: [Synth 8-6155] done synthesizing module 'xpm_memory_sdpram__parameterized5' (0#1) [D:/Xilinx/Vivado/2022.2/data/ip/xpm/xpm_memory/hdl/xpm_memory.sv:8476]
INFO: [Synth 8-6155] done synthesizing module 'bd_f3b5_m00wn_0' (0#1) [d:/FPGA/Vivaldo Project/kr260_experiments/12_axis_dma_complex_mixer_nco/12_axis_dma_complex_mixer_nco.gen/sources_1/bd/mixer_nco/ip/mixer_nco_smartconnect_0_0/bd_0/ip/ip_33/synth/bd_f3b5_m00wn_0.sv:53]
INFO: [Synth 8-6155] done synthesizing module 'm00_nodes_imp_1FNTV31' (0#1) [d:/FPGA/Vivaldo Project/kr260_experiments/12_axis_dma_complex_mixer_nco/12_axis_dma_complex_mixer_nco.gen/sources_1/bd/mixer_nco/ip/mixer_nco_smartconnect_0_0/bd_0/synth/bd_f3b5.v:2248]
INFO: [Synth 8-6157] synthesizing module 'bd_f3b5_m00s2a_0' [d:/FPGA/Vivaldo Project/kr260_experiments/12_axis_dma_complex_mixer_nco/12_axis_dma_complex_mixer_nco.gen/sources_1/bd/mixer_nco/ip/mixer_nco_smartconnect_0_0/bd_0/ip/ip_29/synth/bd_f3b5_m00s2a_0.sv:53]
INFO: [Synth 8-6155] done synthesizing module 'bd_f3b5_m00s2a_0' (0#1) [d:/FPGA/Vivaldo Project/kr260_experiments/12_axis_dma_complex_mixer_nco/12_axis_dma_complex_mixer_nco.gen/sources_1/bd/mixer_nco/ip/mixer_nco_smartconnect_0_0/bd_0/ip/ip_29/synth/bd_f3b5_m00s2a_0.sv:53]
INFO: [Synth 8-6157] synthesizing module 'm01_exit_pipeline_imp_1Y8VMNL' [d:/FPGA/Vivaldo Project/kr260_experiments/12_axis_dma_complex_mixer_nco/12_axis_dma_complex_mixer_nco.gen/sources_1/bd/mixer_nco/ip/mixer_nco_smartconnect_0_0/bd_0/synth/bd_f3b5.v:2553]
INFO: [Synth 8-6157] synthesizing module 'bd_f3b5_m01e_0' [d:/FPGA/Vivaldo Project/kr260_experiments/12_axis_dma_complex_mixer_nco/12_axis_dma_complex_mixer_nco.gen/sources_1/bd/mixer_nco/ip/mixer_nco_smartconnect_0_0/bd_0/ip/ip_42/synth/bd_f3b5_m01e_0.sv:53]
INFO: [Synth 8-6155] done synthesizing module 'bd_f3b5_m01e_0' (0#1) [d:/FPGA/Vivaldo Project/kr260_experiments/12_axis_dma_complex_mixer_nco/12_axis_dma_complex_mixer_nco.gen/sources_1/bd/mixer_nco/ip/mixer_nco_smartconnect_0_0/bd_0/ip/ip_42/synth/bd_f3b5_m01e_0.sv:53]
INFO: [Synth 8-6155] done synthesizing module 'm01_exit_pipeline_imp_1Y8VMNL' (0#1) [d:/FPGA/Vivaldo Project/kr260_experiments/12_axis_dma_complex_mixer_nco/12_axis_dma_complex_mixer_nco.gen/sources_1/bd/mixer_nco/ip/mixer_nco_smartconnect_0_0/bd_0/synth/bd_f3b5.v:2553]
INFO: [Synth 8-6157] synthesizing module 'm01_nodes_imp_AVZZE3' [d:/FPGA/Vivaldo Project/kr260_experiments/12_axis_dma_complex_mixer_nco/12_axis_dma_complex_mixer_nco.gen/sources_1/bd/mixer_nco/ip/mixer_nco_smartconnect_0_0/bd_0/synth/bd_f3b5.v:2854]
INFO: [Synth 8-6157] synthesizing module 'bd_f3b5_m01arn_0' [d:/FPGA/Vivaldo Project/kr260_experiments/12_axis_dma_complex_mixer_nco/12_axis_dma_complex_mixer_nco.gen/sources_1/bd/mixer_nco/ip/mixer_nco_smartconnect_0_0/bd_0/ip/ip_37/synth/bd_f3b5_m01arn_0.sv:53]
INFO: [Synth 8-6155] done synthesizing module 'bd_f3b5_m01arn_0' (0#1) [d:/FPGA/Vivaldo Project/kr260_experiments/12_axis_dma_complex_mixer_nco/12_axis_dma_complex_mixer_nco.gen/sources_1/bd/mixer_nco/ip/mixer_nco_smartconnect_0_0/bd_0/ip/ip_37/synth/bd_f3b5_m01arn_0.sv:53]
INFO: [Synth 8-6157] synthesizing module 'bd_f3b5_m01awn_0' [d:/FPGA/Vivaldo Project/kr260_experiments/12_axis_dma_complex_mixer_nco/12_axis_dma_complex_mixer_nco.gen/sources_1/bd/mixer_nco/ip/mixer_nco_smartconnect_0_0/bd_0/ip/ip_39/synth/bd_f3b5_m01awn_0.sv:53]
INFO: [Synth 8-6155] done synthesizing module 'bd_f3b5_m01awn_0' (0#1) [d:/FPGA/Vivaldo Project/kr260_experiments/12_axis_dma_complex_mixer_nco/12_axis_dma_complex_mixer_nco.gen/sources_1/bd/mixer_nco/ip/mixer_nco_smartconnect_0_0/bd_0/ip/ip_39/synth/bd_f3b5_m01awn_0.sv:53]
INFO: [Synth 8-6157] synthesizing module 'bd_f3b5_m01bn_0' [d:/FPGA/Vivaldo Project/kr260_experiments/12_axis_dma_complex_mixer_nco/12_axis_dma_complex_mixer_nco.gen/sources_1/bd/mixer_nco/ip/mixer_nco_smartconnect_0_0/bd_0/ip/ip_41/synth/bd_f3b5_m01bn_0.sv:53]
INFO: [Synth 8-6155] done synthesizing module 'bd_f3b5_m01bn_0' (0#1) [d:/FPGA/Vivaldo Project/kr260_experiments/12_axis_dma_complex_mixer_nco/12_axis_dma_complex_mixer_nco.gen/sources_1/bd/mixer_nco/ip/mixer_nco_smartconnect_0_0/bd_0/ip/ip_41/synth/bd_f3b5_m01bn_0.sv:53]
INFO: [Synth 8-6157] synthesizing module 'bd_f3b5_m01rn_0' [d:/FPGA/Vivaldo Project/kr260_experiments/12_axis_dma_complex_mixer_nco/12_axis_dma_complex_mixer_nco.gen/sources_1/bd/mixer_nco/ip/mixer_nco_smartconnect_0_0/bd_0/ip/ip_38/synth/bd_f3b5_m01rn_0.sv:53]
INFO: [Synth 8-6155] done synthesizing module 'bd_f3b5_m01rn_0' (0#1) [d:/FPGA/Vivaldo Project/kr260_experiments/12_axis_dma_complex_mixer_nco/12_axis_dma_complex_mixer_nco.gen/sources_1/bd/mixer_nco/ip/mixer_nco_smartconnect_0_0/bd_0/ip/ip_38/synth/bd_f3b5_m01rn_0.sv:53]
INFO: [Synth 8-6157] synthesizing module 'bd_f3b5_m01wn_0' [d:/FPGA/Vivaldo Project/kr260_experiments/12_axis_dma_complex_mixer_nco/12_axis_dma_complex_mixer_nco.gen/sources_1/bd/mixer_nco/ip/mixer_nco_smartconnect_0_0/bd_0/ip/ip_40/synth/bd_f3b5_m01wn_0.sv:53]
INFO: [Synth 8-6155] done synthesizing module 'bd_f3b5_m01wn_0' (0#1) [d:/FPGA/Vivaldo Project/kr260_experiments/12_axis_dma_complex_mixer_nco/12_axis_dma_complex_mixer_nco.gen/sources_1/bd/mixer_nco/ip/mixer_nco_smartconnect_0_0/bd_0/ip/ip_40/synth/bd_f3b5_m01wn_0.sv:53]
INFO: [Synth 8-6155] done synthesizing module 'm01_nodes_imp_AVZZE3' (0#1) [d:/FPGA/Vivaldo Project/kr260_experiments/12_axis_dma_complex_mixer_nco/12_axis_dma_complex_mixer_nco.gen/sources_1/bd/mixer_nco/ip/mixer_nco_smartconnect_0_0/bd_0/synth/bd_f3b5.v:2854]
INFO: [Synth 8-6157] synthesizing module 'bd_f3b5_m01s2a_0' [d:/FPGA/Vivaldo Project/kr260_experiments/12_axis_dma_complex_mixer_nco/12_axis_dma_complex_mixer_nco.gen/sources_1/bd/mixer_nco/ip/mixer_nco_smartconnect_0_0/bd_0/ip/ip_36/synth/bd_f3b5_m01s2a_0.sv:53]
INFO: [Synth 8-6155] done synthesizing module 'bd_f3b5_m01s2a_0' (0#1) [d:/FPGA/Vivaldo Project/kr260_experiments/12_axis_dma_complex_mixer_nco/12_axis_dma_complex_mixer_nco.gen/sources_1/bd/mixer_nco/ip/mixer_nco_smartconnect_0_0/bd_0/ip/ip_36/synth/bd_f3b5_m01s2a_0.sv:53]
INFO: [Synth 8-6157] synthesizing module 'bd_f3b5_s00a2s_0' [d:/FPGA/Vivaldo Project/kr260_experiments/12_axis_dma_complex_mixer_nco/12_axis_dma_complex_mixer_nco.gen/sources_1/bd/mixer_nco/ip/mixer_nco_smartconnect_0_0/bd_0/ip/ip_10/synth/bd_f3b5_s00a2s_0.sv:53]
INFO: [Synth 8-6155] done synthesizing module 'bd_f3b5_s00a2s_0' (0#1) [d:/FPGA/Vivaldo Project/kr260_experiments/12_axis_dma_complex_mixer_nco/12_axis_dma_complex_mixer_nco.gen/sources_1/bd/mixer_nco/ip/mixer_nco_smartconnect_0_0/bd_0/ip/ip_10/synth/bd_f3b5_s00a2s_0.sv:53]
INFO: [Synth 8-6157] synthesizing module 's00_entry_pipeline_imp_T6LT4I' [d:/FPGA/Vivaldo Project/kr260_experiments/12_axis_dma_complex_mixer_nco/12_axis_dma_complex_mixer_nco.gen/sources_1/bd/mixer_nco/ip/mixer_nco_smartconnect_0_0/bd_0/synth/bd_f3b5.v:3159]
INFO: [Synth 8-6157] synthesizing module 'bd_f3b5_s00mmu_0' [d:/FPGA/Vivaldo Project/kr260_experiments/12_axis_dma_complex_mixer_nco/12_axis_dma_complex_mixer_nco.gen/sources_1/bd/mixer_nco/ip/mixer_nco_smartconnect_0_0/bd_0/ip/ip_7/synth/bd_f3b5_s00mmu_0.sv:53]
INFO: [Synth 8-6155] done synthesizing module 'bd_f3b5_s00mmu_0' (0#1) [d:/FPGA/Vivaldo Project/kr260_experiments/12_axis_dma_complex_mixer_nco/12_axis_dma_complex_mixer_nco.gen/sources_1/bd/mixer_nco/ip/mixer_nco_smartconnect_0_0/bd_0/ip/ip_7/synth/bd_f3b5_s00mmu_0.sv:53]
INFO: [Synth 8-6157] synthesizing module 'bd_f3b5_s00sic_0' [d:/FPGA/Vivaldo Project/kr260_experiments/12_axis_dma_complex_mixer_nco/12_axis_dma_complex_mixer_nco.gen/sources_1/bd/mixer_nco/ip/mixer_nco_smartconnect_0_0/bd_0/ip/ip_9/synth/bd_f3b5_s00sic_0.sv:53]
INFO: [Synth 8-6155] done synthesizing module 'bd_f3b5_s00sic_0' (0#1) [d:/FPGA/Vivaldo Project/kr260_experiments/12_axis_dma_complex_mixer_nco/12_axis_dma_complex_mixer_nco.gen/sources_1/bd/mixer_nco/ip/mixer_nco_smartconnect_0_0/bd_0/ip/ip_9/synth/bd_f3b5_s00sic_0.sv:53]
INFO: [Synth 8-6157] synthesizing module 'bd_f3b5_s00tr_0' [d:/FPGA/Vivaldo Project/kr260_experiments/12_axis_dma_complex_mixer_nco/12_axis_dma_complex_mixer_nco.gen/sources_1/bd/mixer_nco/ip/mixer_nco_smartconnect_0_0/bd_0/ip/ip_8/synth/bd_f3b5_s00tr_0.sv:53]
INFO: [Synth 8-6155] done synthesizing module 'bd_f3b5_s00tr_0' (0#1) [d:/FPGA/Vivaldo Project/kr260_experiments/12_axis_dma_complex_mixer_nco/12_axis_dma_complex_mixer_nco.gen/sources_1/bd/mixer_nco/ip/mixer_nco_smartconnect_0_0/bd_0/ip/ip_8/synth/bd_f3b5_s00tr_0.sv:53]
INFO: [Synth 8-6155] done synthesizing module 's00_entry_pipeline_imp_T6LT4I' (0#1) [d:/FPGA/Vivaldo Project/kr260_experiments/12_axis_dma_complex_mixer_nco/12_axis_dma_complex_mixer_nco.gen/sources_1/bd/mixer_nco/ip/mixer_nco_smartconnect_0_0/bd_0/synth/bd_f3b5.v:3159]
INFO: [Synth 8-6157] synthesizing module 's00_nodes_imp_YKEHT4' [d:/FPGA/Vivaldo Project/kr260_experiments/12_axis_dma_complex_mixer_nco/12_axis_dma_complex_mixer_nco.gen/sources_1/bd/mixer_nco/ip/mixer_nco_smartconnect_0_0/bd_0/synth/bd_f3b5.v:3818]
INFO: [Synth 8-6157] synthesizing module 'bd_f3b5_sarn_0' [d:/FPGA/Vivaldo Project/kr260_experiments/12_axis_dma_complex_mixer_nco/12_axis_dma_complex_mixer_nco.gen/sources_1/bd/mixer_nco/ip/mixer_nco_smartconnect_0_0/bd_0/ip/ip_11/synth/bd_f3b5_sarn_0.sv:53]
INFO: [Synth 8-6157] synthesizing module 'xpm_memory_sdpram__parameterized6' [D:/Xilinx/Vivado/2022.2/data/ip/xpm/xpm_memory/hdl/xpm_memory.sv:8476]
INFO: [Synth 8-6157] synthesizing module 'xpm_memory_base__parameterized9' [D:/Xilinx/Vivado/2022.2/data/ip/xpm/xpm_memory/hdl/xpm_memory.sv:56]
INFO: [Synth 8-6155] done synthesizing module 'xpm_memory_base__parameterized9' (0#1) [D:/Xilinx/Vivado/2022.2/data/ip/xpm/xpm_memory/hdl/xpm_memory.sv:56]
INFO: [Synth 8-6155] done synthesizing module 'xpm_memory_sdpram__parameterized6' (0#1) [D:/Xilinx/Vivado/2022.2/data/ip/xpm/xpm_memory/hdl/xpm_memory.sv:8476]
INFO: [Synth 8-6157] synthesizing module 'xpm_memory_sdpram__parameterized7' [D:/Xilinx/Vivado/2022.2/data/ip/xpm/xpm_memory/hdl/xpm_memory.sv:8476]
INFO: [Synth 8-6157] synthesizing module 'xpm_memory_base__parameterized10' [D:/Xilinx/Vivado/2022.2/data/ip/xpm/xpm_memory/hdl/xpm_memory.sv:56]
INFO: [Synth 8-6155] done synthesizing module 'xpm_memory_base__parameterized10' (0#1) [D:/Xilinx/Vivado/2022.2/data/ip/xpm/xpm_memory/hdl/xpm_memory.sv:56]
INFO: [Synth 8-6155] done synthesizing module 'xpm_memory_sdpram__parameterized7' (0#1) [D:/Xilinx/Vivado/2022.2/data/ip/xpm/xpm_memory/hdl/xpm_memory.sv:8476]
INFO: [Synth 8-6155] done synthesizing module 'bd_f3b5_sarn_0' (0#1) [d:/FPGA/Vivaldo Project/kr260_experiments/12_axis_dma_complex_mixer_nco/12_axis_dma_complex_mixer_nco.gen/sources_1/bd/mixer_nco/ip/mixer_nco_smartconnect_0_0/bd_0/ip/ip_11/synth/bd_f3b5_sarn_0.sv:53]
INFO: [Synth 8-6157] synthesizing module 'bd_f3b5_sawn_0' [d:/FPGA/Vivaldo Project/kr260_experiments/12_axis_dma_complex_mixer_nco/12_axis_dma_complex_mixer_nco.gen/sources_1/bd/mixer_nco/ip/mixer_nco_smartconnect_0_0/bd_0/ip/ip_13/synth/bd_f3b5_sawn_0.sv:53]
INFO: [Synth 8-6155] done synthesizing module 'bd_f3b5_sawn_0' (0#1) [d:/FPGA/Vivaldo Project/kr260_experiments/12_axis_dma_complex_mixer_nco/12_axis_dma_complex_mixer_nco.gen/sources_1/bd/mixer_nco/ip/mixer_nco_smartconnect_0_0/bd_0/ip/ip_13/synth/bd_f3b5_sawn_0.sv:53]
INFO: [Synth 8-6157] synthesizing module 'bd_f3b5_sbn_0' [d:/FPGA/Vivaldo Project/kr260_experiments/12_axis_dma_complex_mixer_nco/12_axis_dma_complex_mixer_nco.gen/sources_1/bd/mixer_nco/ip/mixer_nco_smartconnect_0_0/bd_0/ip/ip_15/synth/bd_f3b5_sbn_0.sv:53]
INFO: [Synth 8-6157] synthesizing module 'xpm_memory_sdpram__parameterized8' [D:/Xilinx/Vivado/2022.2/data/ip/xpm/xpm_memory/hdl/xpm_memory.sv:8476]
INFO: [Synth 8-6157] synthesizing module 'xpm_memory_base__parameterized11' [D:/Xilinx/Vivado/2022.2/data/ip/xpm/xpm_memory/hdl/xpm_memory.sv:56]
INFO: [Synth 8-6155] done synthesizing module 'xpm_memory_base__parameterized11' (0#1) [D:/Xilinx/Vivado/2022.2/data/ip/xpm/xpm_memory/hdl/xpm_memory.sv:56]
INFO: [Synth 8-6155] done synthesizing module 'xpm_memory_sdpram__parameterized8' (0#1) [D:/Xilinx/Vivado/2022.2/data/ip/xpm/xpm_memory/hdl/xpm_memory.sv:8476]
INFO: [Synth 8-6155] done synthesizing module 'bd_f3b5_sbn_0' (0#1) [d:/FPGA/Vivaldo Project/kr260_experiments/12_axis_dma_complex_mixer_nco/12_axis_dma_complex_mixer_nco.gen/sources_1/bd/mixer_nco/ip/mixer_nco_smartconnect_0_0/bd_0/ip/ip_15/synth/bd_f3b5_sbn_0.sv:53]
INFO: [Synth 8-6157] synthesizing module 'bd_f3b5_srn_0' [d:/FPGA/Vivaldo Project/kr260_experiments/12_axis_dma_complex_mixer_nco/12_axis_dma_complex_mixer_nco.gen/sources_1/bd/mixer_nco/ip/mixer_nco_smartconnect_0_0/bd_0/ip/ip_12/synth/bd_f3b5_srn_0.sv:53]
INFO: [Synth 8-6157] synthesizing module 'xpm_memory_sdpram__parameterized9' [D:/Xilinx/Vivado/2022.2/data/ip/xpm/xpm_memory/hdl/xpm_memory.sv:8476]
INFO: [Synth 8-6157] synthesizing module 'xpm_memory_base__parameterized12' [D:/Xilinx/Vivado/2022.2/data/ip/xpm/xpm_memory/hdl/xpm_memory.sv:56]
INFO: [Synth 8-6155] done synthesizing module 'xpm_memory_base__parameterized12' (0#1) [D:/Xilinx/Vivado/2022.2/data/ip/xpm/xpm_memory/hdl/xpm_memory.sv:56]
INFO: [Synth 8-6155] done synthesizing module 'xpm_memory_sdpram__parameterized9' (0#1) [D:/Xilinx/Vivado/2022.2/data/ip/xpm/xpm_memory/hdl/xpm_memory.sv:8476]
INFO: [Synth 8-6155] done synthesizing module 'bd_f3b5_srn_0' (0#1) [d:/FPGA/Vivaldo Project/kr260_experiments/12_axis_dma_complex_mixer_nco/12_axis_dma_complex_mixer_nco.gen/sources_1/bd/mixer_nco/ip/mixer_nco_smartconnect_0_0/bd_0/ip/ip_12/synth/bd_f3b5_srn_0.sv:53]
INFO: [Synth 8-6157] synthesizing module 'bd_f3b5_swn_0' [d:/FPGA/Vivaldo Project/kr260_experiments/12_axis_dma_complex_mixer_nco/12_axis_dma_complex_mixer_nco.gen/sources_1/bd/mixer_nco/ip/mixer_nco_smartconnect_0_0/bd_0/ip/ip_14/synth/bd_f3b5_swn_0.sv:53]
INFO: [Synth 8-6157] synthesizing module 'xpm_memory_sdpram__parameterized10' [D:/Xilinx/Vivado/2022.2/data/ip/xpm/xpm_memory/hdl/xpm_memory.sv:8476]
INFO: [Synth 8-6157] synthesizing module 'xpm_memory_base__parameterized13' [D:/Xilinx/Vivado/2022.2/data/ip/xpm/xpm_memory/hdl/xpm_memory.sv:56]
INFO: [Synth 8-6155] done synthesizing module 'xpm_memory_base__parameterized13' (0#1) [D:/Xilinx/Vivado/2022.2/data/ip/xpm/xpm_memory/hdl/xpm_memory.sv:56]
INFO: [Synth 8-6155] done synthesizing module 'xpm_memory_sdpram__parameterized10' (0#1) [D:/Xilinx/Vivado/2022.2/data/ip/xpm/xpm_memory/hdl/xpm_memory.sv:8476]
INFO: [Synth 8-6155] done synthesizing module 'bd_f3b5_swn_0' (0#1) [d:/FPGA/Vivaldo Project/kr260_experiments/12_axis_dma_complex_mixer_nco/12_axis_dma_complex_mixer_nco.gen/sources_1/bd/mixer_nco/ip/mixer_nco_smartconnect_0_0/bd_0/ip/ip_14/synth/bd_f3b5_swn_0.sv:53]
INFO: [Synth 8-6155] done synthesizing module 's00_nodes_imp_YKEHT4' (0#1) [d:/FPGA/Vivaldo Project/kr260_experiments/12_axis_dma_complex_mixer_nco/12_axis_dma_complex_mixer_nco.gen/sources_1/bd/mixer_nco/ip/mixer_nco_smartconnect_0_0/bd_0/synth/bd_f3b5.v:3818]
INFO: [Synth 8-6157] synthesizing module 'bd_f3b5_s01a2s_0' [d:/FPGA/Vivaldo Project/kr260_experiments/12_axis_dma_complex_mixer_nco/12_axis_dma_complex_mixer_nco.gen/sources_1/bd/mixer_nco/ip/mixer_nco_smartconnect_0_0/bd_0/ip/ip_19/synth/bd_f3b5_s01a2s_0.sv:53]
INFO: [Synth 8-6155] done synthesizing module 'bd_f3b5_s01a2s_0' (0#1) [d:/FPGA/Vivaldo Project/kr260_experiments/12_axis_dma_complex_mixer_nco/12_axis_dma_complex_mixer_nco.gen/sources_1/bd/mixer_nco/ip/mixer_nco_smartconnect_0_0/bd_0/ip/ip_19/synth/bd_f3b5_s01a2s_0.sv:53]
INFO: [Synth 8-6157] synthesizing module 's01_entry_pipeline_imp_1V8XU1Y' [d:/FPGA/Vivaldo Project/kr260_experiments/12_axis_dma_complex_mixer_nco/12_axis_dma_complex_mixer_nco.gen/sources_1/bd/mixer_nco/ip/mixer_nco_smartconnect_0_0/bd_0/synth/bd_f3b5.v:4114]
INFO: [Synth 8-6157] synthesizing module 'bd_f3b5_s01mmu_0' [d:/FPGA/Vivaldo Project/kr260_experiments/12_axis_dma_complex_mixer_nco/12_axis_dma_complex_mixer_nco.gen/sources_1/bd/mixer_nco/ip/mixer_nco_smartconnect_0_0/bd_0/ip/ip_16/synth/bd_f3b5_s01mmu_0.sv:53]
INFO: [Synth 8-6155] done synthesizing module 'bd_f3b5_s01mmu_0' (0#1) [d:/FPGA/Vivaldo Project/kr260_experiments/12_axis_dma_complex_mixer_nco/12_axis_dma_complex_mixer_nco.gen/sources_1/bd/mixer_nco/ip/mixer_nco_smartconnect_0_0/bd_0/ip/ip_16/synth/bd_f3b5_s01mmu_0.sv:53]
INFO: [Synth 8-6157] synthesizing module 'bd_f3b5_s01sic_0' [d:/FPGA/Vivaldo Project/kr260_experiments/12_axis_dma_complex_mixer_nco/12_axis_dma_complex_mixer_nco.gen/sources_1/bd/mixer_nco/ip/mixer_nco_smartconnect_0_0/bd_0/ip/ip_18/synth/bd_f3b5_s01sic_0.sv:53]
INFO: [Synth 8-6155] done synthesizing module 'bd_f3b5_s01sic_0' (0#1) [d:/FPGA/Vivaldo Project/kr260_experiments/12_axis_dma_complex_mixer_nco/12_axis_dma_complex_mixer_nco.gen/sources_1/bd/mixer_nco/ip/mixer_nco_smartconnect_0_0/bd_0/ip/ip_18/synth/bd_f3b5_s01sic_0.sv:53]
INFO: [Synth 8-6157] synthesizing module 'bd_f3b5_s01tr_0' [d:/FPGA/Vivaldo Project/kr260_experiments/12_axis_dma_complex_mixer_nco/12_axis_dma_complex_mixer_nco.gen/sources_1/bd/mixer_nco/ip/mixer_nco_smartconnect_0_0/bd_0/ip/ip_17/synth/bd_f3b5_s01tr_0.sv:53]
INFO: [Synth 8-6155] done synthesizing module 'bd_f3b5_s01tr_0' (0#1) [d:/FPGA/Vivaldo Project/kr260_experiments/12_axis_dma_complex_mixer_nco/12_axis_dma_complex_mixer_nco.gen/sources_1/bd/mixer_nco/ip/mixer_nco_smartconnect_0_0/bd_0/ip/ip_17/synth/bd_f3b5_s01tr_0.sv:53]
WARNING: [Synth 8-7071] port 'm_axi_arburst' of module 'bd_f3b5_s01tr_0' is unconnected for instance 's01_transaction_regulator' [d:/FPGA/Vivaldo Project/kr260_experiments/12_axis_dma_complex_mixer_nco/12_axis_dma_complex_mixer_nco.gen/sources_1/bd/mixer_nco/ip/mixer_nco_smartconnect_0_0/bd_0/synth/bd_f3b5.v:4361]
WARNING: [Synth 8-7023] instance 's01_transaction_regulator' of module 'bd_f3b5_s01tr_0' has 38 connections declared, but only 37 given [d:/FPGA/Vivaldo Project/kr260_experiments/12_axis_dma_complex_mixer_nco/12_axis_dma_complex_mixer_nco.gen/sources_1/bd/mixer_nco/ip/mixer_nco_smartconnect_0_0/bd_0/synth/bd_f3b5.v:4361]
INFO: [Synth 8-6155] done synthesizing module 's01_entry_pipeline_imp_1V8XU1Y' (0#1) [d:/FPGA/Vivaldo Project/kr260_experiments/12_axis_dma_complex_mixer_nco/12_axis_dma_complex_mixer_nco.gen/sources_1/bd/mixer_nco/ip/mixer_nco_smartconnect_0_0/bd_0/synth/bd_f3b5.v:4114]
INFO: [Synth 8-6157] synthesizing module 's01_nodes_imp_1QLISBI' [d:/FPGA/Vivaldo Project/kr260_experiments/12_axis_dma_complex_mixer_nco/12_axis_dma_complex_mixer_nco.gen/sources_1/bd/mixer_nco/ip/mixer_nco_smartconnect_0_0/bd_0/synth/bd_f3b5.v:4401]
INFO: [Synth 8-6157] synthesizing module 'bd_f3b5_sarn_1' [d:/FPGA/Vivaldo Project/kr260_experiments/12_axis_dma_complex_mixer_nco/12_axis_dma_complex_mixer_nco.gen/sources_1/bd/mixer_nco/ip/mixer_nco_smartconnect_0_0/bd_0/ip/ip_20/synth/bd_f3b5_sarn_1.sv:53]
INFO: [Synth 8-6155] done synthesizing module 'bd_f3b5_sarn_1' (0#1) [d:/FPGA/Vivaldo Project/kr260_experiments/12_axis_dma_complex_mixer_nco/12_axis_dma_complex_mixer_nco.gen/sources_1/bd/mixer_nco/ip/mixer_nco_smartconnect_0_0/bd_0/ip/ip_20/synth/bd_f3b5_sarn_1.sv:53]
INFO: [Synth 8-6157] synthesizing module 'bd_f3b5_srn_1' [d:/FPGA/Vivaldo Project/kr260_experiments/12_axis_dma_complex_mixer_nco/12_axis_dma_complex_mixer_nco.gen/sources_1/bd/mixer_nco/ip/mixer_nco_smartconnect_0_0/bd_0/ip/ip_21/synth/bd_f3b5_srn_1.sv:53]
INFO: [Synth 8-6157] synthesizing module 'xpm_memory_sdpram__parameterized11' [D:/Xilinx/Vivado/2022.2/data/ip/xpm/xpm_memory/hdl/xpm_memory.sv:8476]
INFO: [Synth 8-6157] synthesizing module 'xpm_memory_base__parameterized14' [D:/Xilinx/Vivado/2022.2/data/ip/xpm/xpm_memory/hdl/xpm_memory.sv:56]
INFO: [Synth 8-6155] done synthesizing module 'xpm_memory_base__parameterized14' (0#1) [D:/Xilinx/Vivado/2022.2/data/ip/xpm/xpm_memory/hdl/xpm_memory.sv:56]
INFO: [Synth 8-6155] done synthesizing module 'xpm_memory_sdpram__parameterized11' (0#1) [D:/Xilinx/Vivado/2022.2/data/ip/xpm/xpm_memory/hdl/xpm_memory.sv:8476]
INFO: [Synth 8-6155] done synthesizing module 'bd_f3b5_srn_1' (0#1) [d:/FPGA/Vivaldo Project/kr260_experiments/12_axis_dma_complex_mixer_nco/12_axis_dma_complex_mixer_nco.gen/sources_1/bd/mixer_nco/ip/mixer_nco_smartconnect_0_0/bd_0/ip/ip_21/synth/bd_f3b5_srn_1.sv:53]
INFO: [Synth 8-6155] done synthesizing module 's01_nodes_imp_1QLISBI' (0#1) [d:/FPGA/Vivaldo Project/kr260_experiments/12_axis_dma_complex_mixer_nco/12_axis_dma_complex_mixer_nco.gen/sources_1/bd/mixer_nco/ip/mixer_nco_smartconnect_0_0/bd_0/synth/bd_f3b5.v:4401]
INFO: [Synth 8-6157] synthesizing module 'bd_f3b5_s02a2s_0' [d:/FPGA/Vivaldo Project/kr260_experiments/12_axis_dma_complex_mixer_nco/12_axis_dma_complex_mixer_nco.gen/sources_1/bd/mixer_nco/ip/mixer_nco_smartconnect_0_0/bd_0/ip/ip_25/synth/bd_f3b5_s02a2s_0.sv:53]
INFO: [Common 17-14] Message 'Synth 8-6157' appears 100 times and further instances of the messages will be disabled. Use the Tcl command set_msg_config to change the current settings.
INFO: [Synth 8-6155] done synthesizing module 'bd_f3b5_s02a2s_0' (0#1) [d:/FPGA/Vivaldo Project/kr260_experiments/12_axis_dma_complex_mixer_nco/12_axis_dma_complex_mixer_nco.gen/sources_1/bd/mixer_nco/ip/mixer_nco_smartconnect_0_0/bd_0/ip/ip_25/synth/bd_f3b5_s02a2s_0.sv:53]
INFO: [Synth 8-6155] done synthesizing module 'bd_f3b5_s02mmu_0' (0#1) [d:/FPGA/Vivaldo Project/kr260_experiments/12_axis_dma_complex_mixer_nco/12_axis_dma_complex_mixer_nco.gen/sources_1/bd/mixer_nco/ip/mixer_nco_smartconnect_0_0/bd_0/ip/ip_22/synth/bd_f3b5_s02mmu_0.sv:53]
INFO: [Synth 8-6155] done synthesizing module 'bd_f3b5_s02sic_0' (0#1) [d:/FPGA/Vivaldo Project/kr260_experiments/12_axis_dma_complex_mixer_nco/12_axis_dma_complex_mixer_nco.gen/sources_1/bd/mixer_nco/ip/mixer_nco_smartconnect_0_0/bd_0/ip/ip_24/synth/bd_f3b5_s02sic_0.sv:53]
INFO: [Synth 8-6155] done synthesizing module 'bd_f3b5_s02tr_0' (0#1) [d:/FPGA/Vivaldo Project/kr260_experiments/12_axis_dma_complex_mixer_nco/12_axis_dma_complex_mixer_nco.gen/sources_1/bd/mixer_nco/ip/mixer_nco_smartconnect_0_0/bd_0/ip/ip_23/synth/bd_f3b5_s02tr_0.sv:53]
WARNING: [Synth 8-7071] port 'm_axi_awburst' of module 'bd_f3b5_s02tr_0' is unconnected for instance 's02_transaction_regulator' [d:/FPGA/Vivaldo Project/kr260_experiments/12_axis_dma_complex_mixer_nco/12_axis_dma_complex_mixer_nco.gen/sources_1/bd/mixer_nco/ip/mixer_nco_smartconnect_0_0/bd_0/synth/bd_f3b5.v:4830]
WARNING: [Synth 8-7023] instance 's02_transaction_regulator' of module 'bd_f3b5_s02tr_0' has 46 connections declared, but only 45 given [d:/FPGA/Vivaldo Project/kr260_experiments/12_axis_dma_complex_mixer_nco/12_axis_dma_complex_mixer_nco.gen/sources_1/bd/mixer_nco/ip/mixer_nco_smartconnect_0_0/bd_0/synth/bd_f3b5.v:4830]
INFO: [Synth 8-6155] done synthesizing module 's02_entry_pipeline_imp_10TTCUZ' (0#1) [d:/FPGA/Vivaldo Project/kr260_experiments/12_axis_dma_complex_mixer_nco/12_axis_dma_complex_mixer_nco.gen/sources_1/bd/mixer_nco/ip/mixer_nco_smartconnect_0_0/bd_0/synth/bd_f3b5.v:4532]
INFO: [Common 17-14] Message 'Synth 8-6155' appears 100 times and further instances of the messages will be disabled. Use the Tcl command set_msg_config to change the current settings.
WARNING: [Synth 8-7071] port 'M01_SC_B_info' of module 'switchboards_imp_6HLWHO' is unconnected for instance 'switchboards' [d:/FPGA/Vivaldo Project/kr260_experiments/12_axis_dma_complex_mixer_nco/12_axis_dma_complex_mixer_nco.gen/sources_1/bd/mixer_nco/ip/mixer_nco_smartconnect_0_0/bd_0/synth/bd_f3b5.v:1686]
WARNING: [Synth 8-7071] port 'M01_SC_B_payld' of module 'switchboards_imp_6HLWHO' is unconnected for instance 'switchboards' [d:/FPGA/Vivaldo Project/kr260_experiments/12_axis_dma_complex_mixer_nco/12_axis_dma_complex_mixer_nco.gen/sources_1/bd/mixer_nco/ip/mixer_nco_smartconnect_0_0/bd_0/synth/bd_f3b5.v:1686]
WARNING: [Synth 8-7071] port 'M01_SC_B_req' of module 'switchboards_imp_6HLWHO' is unconnected for instance 'switchboards' [d:/FPGA/Vivaldo Project/kr260_experiments/12_axis_dma_complex_mixer_nco/12_axis_dma_complex_mixer_nco.gen/sources_1/bd/mixer_nco/ip/mixer_nco_smartconnect_0_0/bd_0/synth/bd_f3b5.v:1686]
WARNING: [Synth 8-7071] port 'M01_SC_B_send' of module 'switchboards_imp_6HLWHO' is unconnected for instance 'switchboards' [d:/FPGA/Vivaldo Project/kr260_experiments/12_axis_dma_complex_mixer_nco/12_axis_dma_complex_mixer_nco.gen/sources_1/bd/mixer_nco/ip/mixer_nco_smartconnect_0_0/bd_0/synth/bd_f3b5.v:1686]
WARNING: [Synth 8-7071] port 'M02_SC_R_info' of module 'switchboards_imp_6HLWHO' is unconnected for instance 'switchboards' [d:/FPGA/Vivaldo Project/kr260_experiments/12_axis_dma_complex_mixer_nco/12_axis_dma_complex_mixer_nco.gen/sources_1/bd/mixer_nco/ip/mixer_nco_smartconnect_0_0/bd_0/synth/bd_f3b5.v:1686]
WARNING: [Synth 8-7071] port 'M02_SC_R_payld' of module 'switchboards_imp_6HLWHO' is unconnected for instance 'switchboards' [d:/FPGA/Vivaldo Project/kr260_experiments/12_axis_dma_complex_mixer_nco/12_axis_dma_complex_mixer_nco.gen/sources_1/bd/mixer_nco/ip/mixer_nco_smartconnect_0_0/bd_0/synth/bd_f3b5.v:1686]
WARNING: [Synth 8-7071] port 'M02_SC_R_req' of module 'switchboards_imp_6HLWHO' is unconnected for instance 'switchboards' [d:/FPGA/Vivaldo Project/kr260_experiments/12_axis_dma_complex_mixer_nco/12_axis_dma_complex_mixer_nco.gen/sources_1/bd/mixer_nco/ip/mixer_nco_smartconnect_0_0/bd_0/synth/bd_f3b5.v:1686]
WARNING: [Synth 8-7071] port 'M02_SC_R_send' of module 'switchboards_imp_6HLWHO' is unconnected for instance 'switchboards' [d:/FPGA/Vivaldo Project/kr260_experiments/12_axis_dma_complex_mixer_nco/12_axis_dma_complex_mixer_nco.gen/sources_1/bd/mixer_nco/ip/mixer_nco_smartconnect_0_0/bd_0/synth/bd_f3b5.v:1686]
WARNING: [Synth 8-7071] port 'S01_SC_AW_recv' of module 'switchboards_imp_6HLWHO' is unconnected for instance 'switchboards' [d:/FPGA/Vivaldo Project/kr260_experiments/12_axis_dma_complex_mixer_nco/12_axis_dma_complex_mixer_nco.gen/sources_1/bd/mixer_nco/ip/mixer_nco_smartconnect_0_0/bd_0/synth/bd_f3b5.v:1686]
WARNING: [Synth 8-7071] port 'S01_SC_W_recv' of module 'switchboards_imp_6HLWHO' is unconnected for instance 'switchboards' [d:/FPGA/Vivaldo Project/kr260_experiments/12_axis_dma_complex_mixer_nco/12_axis_dma_complex_mixer_nco.gen/sources_1/bd/mixer_nco/ip/mixer_nco_smartconnect_0_0/bd_0/synth/bd_f3b5.v:1686]
WARNING: [Synth 8-7071] port 'S02_SC_AR_recv' of module 'switchboards_imp_6HLWHO' is unconnected for instance 'switchboards' [d:/FPGA/Vivaldo Project/kr260_experiments/12_axis_dma_complex_mixer_nco/12_axis_dma_complex_mixer_nco.gen/sources_1/bd/mixer_nco/ip/mixer_nco_smartconnect_0_0/bd_0/synth/bd_f3b5.v:1686]
WARNING: [Synth 8-7023] instance 'switchboards' of module 'switchboards_imp_6HLWHO' has 127 connections declared, but only 116 given [d:/FPGA/Vivaldo Project/kr260_experiments/12_axis_dma_complex_mixer_nco/12_axis_dma_complex_mixer_nco.gen/sources_1/bd/mixer_nco/ip/mixer_nco_smartconnect_0_0/bd_0/synth/bd_f3b5.v:1686]
WARNING: [Synth 8-7071] port 'M00_AXI_awqos' of module 'mixer_nco_smartconnect_0_0' is unconnected for instance 'smartconnect_0' [d:/FPGA/Vivaldo Project/kr260_experiments/12_axis_dma_complex_mixer_nco/12_axis_dma_complex_mixer_nco.gen/sources_1/bd/mixer_nco/synth/mixer_nco.v:281]
WARNING: [Synth 8-7071] port 'M00_AXI_awuser' of module 'mixer_nco_smartconnect_0_0' is unconnected for instance 'smartconnect_0' [d:/FPGA/Vivaldo Project/kr260_experiments/12_axis_dma_complex_mixer_nco/12_axis_dma_complex_mixer_nco.gen/sources_1/bd/mixer_nco/synth/mixer_nco.v:281]
WARNING: [Synth 8-7071] port 'M00_AXI_arqos' of module 'mixer_nco_smartconnect_0_0' is unconnected for instance 'smartconnect_0' [d:/FPGA/Vivaldo Project/kr260_experiments/12_axis_dma_complex_mixer_nco/12_axis_dma_complex_mixer_nco.gen/sources_1/bd/mixer_nco/synth/mixer_nco.v:281]
WARNING: [Synth 8-7071] port 'M00_AXI_aruser' of module 'mixer_nco_smartconnect_0_0' is unconnected for instance 'smartconnect_0' [d:/FPGA/Vivaldo Project/kr260_experiments/12_axis_dma_complex_mixer_nco/12_axis_dma_complex_mixer_nco.gen/sources_1/bd/mixer_nco/synth/mixer_nco.v:281]
WARNING: [Synth 8-7071] port 'M01_AXI_awprot' of module 'mixer_nco_smartconnect_0_0' is unconnected for instance 'smartconnect_0' [d:/FPGA/Vivaldo Project/kr260_experiments/12_axis_dma_complex_mixer_nco/12_axis_dma_complex_mixer_nco.gen/sources_1/bd/mixer_nco/synth/mixer_nco.v:281]
WARNING: [Synth 8-7071] port 'M01_AXI_wstrb' of module 'mixer_nco_smartconnect_0_0' is unconnected for instance 'smartconnect_0' [d:/FPGA/Vivaldo Project/kr260_experiments/12_axis_dma_complex_mixer_nco/12_axis_dma_complex_mixer_nco.gen/sources_1/bd/mixer_nco/synth/mixer_nco.v:281]
WARNING: [Synth 8-7071] port 'M01_AXI_arprot' of module 'mixer_nco_smartconnect_0_0' is unconnected for instance 'smartconnect_0' [d:/FPGA/Vivaldo Project/kr260_experiments/12_axis_dma_complex_mixer_nco/12_axis_dma_complex_mixer_nco.gen/sources_1/bd/mixer_nco/synth/mixer_nco.v:281]
WARNING: [Synth 8-7023] instance 'smartconnect_0' of module 'mixer_nco_smartconnect_0_0' has 128 connections declared, but only 121 given [d:/FPGA/Vivaldo Project/kr260_experiments/12_axis_dma_complex_mixer_nco/12_axis_dma_complex_mixer_nco.gen/sources_1/bd/mixer_nco/synth/mixer_nco.v:281]
WARNING: [Synth 8-689] width (5) of port connection 'EMIOSDIO0DATAOUT' does not match port width (8) of module 'PS8' [d:/FPGA/Vivaldo Project/kr260_experiments/12_axis_dma_complex_mixer_nco/12_axis_dma_complex_mixer_nco.gen/sources_1/bd/mixer_nco/ip/mixer_nco_zynq_ultra_ps_e_0_0/hdl/zynq_ultra_ps_e_v3_4_1.v:4655]
WARNING: [Synth 8-689] width (5) of port connection 'EMIOSDIO0DATAENA' does not match port width (8) of module 'PS8' [d:/FPGA/Vivaldo Project/kr260_experiments/12_axis_dma_complex_mixer_nco/12_axis_dma_complex_mixer_nco.gen/sources_1/bd/mixer_nco/ip/mixer_nco_zynq_ultra_ps_e_0_0/hdl/zynq_ultra_ps_e_v3_4_1.v:4656]
WARNING: [Synth 8-689] width (5) of port connection 'EMIOSDIO1DATAOUT' does not match port width (8) of module 'PS8' [d:/FPGA/Vivaldo Project/kr260_experiments/12_axis_dma_complex_mixer_nco/12_axis_dma_complex_mixer_nco.gen/sources_1/bd/mixer_nco/ip/mixer_nco_zynq_ultra_ps_e_0_0/hdl/zynq_ultra_ps_e_v3_4_1.v:4668]
WARNING: [Synth 8-689] width (5) of port connection 'EMIOSDIO1DATAENA' does not match port width (8) of module 'PS8' [d:/FPGA/Vivaldo Project/kr260_experiments/12_axis_dma_complex_mixer_nco/12_axis_dma_complex_mixer_nco.gen/sources_1/bd/mixer_nco/ip/mixer_nco_zynq_ultra_ps_e_0_0/hdl/zynq_ultra_ps_e_v3_4_1.v:4669]
WARNING: [Synth 8-7071] port 'PSS_ALTO_CORE_PAD_MGTTXN0OUT' of module 'PS8' is unconnected for instance 'PS8_i' [d:/FPGA/Vivaldo Project/kr260_experiments/12_axis_dma_complex_mixer_nco/12_axis_dma_complex_mixer_nco.gen/sources_1/bd/mixer_nco/ip/mixer_nco_zynq_ultra_ps_e_0_0/hdl/zynq_ultra_ps_e_v3_4_1.v:3845]
WARNING: [Synth 8-7071] port 'PSS_ALTO_CORE_PAD_MGTTXN1OUT' of module 'PS8' is unconnected for instance 'PS8_i' [d:/FPGA/Vivaldo Project/kr260_experiments/12_axis_dma_complex_mixer_nco/12_axis_dma_complex_mixer_nco.gen/sources_1/bd/mixer_nco/ip/mixer_nco_zynq_ultra_ps_e_0_0/hdl/zynq_ultra_ps_e_v3_4_1.v:3845]
WARNING: [Synth 8-7071] port 'PSS_ALTO_CORE_PAD_MGTTXN2OUT' of module 'PS8' is unconnected for instance 'PS8_i' [d:/FPGA/Vivaldo Project/kr260_experiments/12_axis_dma_complex_mixer_nco/12_axis_dma_complex_mixer_nco.gen/sources_1/bd/mixer_nco/ip/mixer_nco_zynq_ultra_ps_e_0_0/hdl/zynq_ultra_ps_e_v3_4_1.v:3845]
WARNING: [Synth 8-7071] port 'PSS_ALTO_CORE_PAD_MGTTXN3OUT' of module 'PS8' is unconnected for instance 'PS8_i' [d:/FPGA/Vivaldo Project/kr260_experiments/12_axis_dma_complex_mixer_nco/12_axis_dma_complex_mixer_nco.gen/sources_1/bd/mixer_nco/ip/mixer_nco_zynq_ultra_ps_e_0_0/hdl/zynq_ultra_ps_e_v3_4_1.v:3845]
WARNING: [Synth 8-7071] port 'PSS_ALTO_CORE_PAD_MGTTXP0OUT' of module 'PS8' is unconnected for instance 'PS8_i' [d:/FPGA/Vivaldo Project/kr260_experiments/12_axis_dma_complex_mixer_nco/12_axis_dma_complex_mixer_nco.gen/sources_1/bd/mixer_nco/ip/mixer_nco_zynq_ultra_ps_e_0_0/hdl/zynq_ultra_ps_e_v3_4_1.v:3845]
WARNING: [Synth 8-7071] port 'PSS_ALTO_CORE_PAD_MGTTXP1OUT' of module 'PS8' is unconnected for instance 'PS8_i' [d:/FPGA/Vivaldo Project/kr260_experiments/12_axis_dma_complex_mixer_nco/12_axis_dma_complex_mixer_nco.gen/sources_1/bd/mixer_nco/ip/mixer_nco_zynq_ultra_ps_e_0_0/hdl/zynq_ultra_ps_e_v3_4_1.v:3845]
WARNING: [Synth 8-7071] port 'PSS_ALTO_CORE_PAD_MGTTXP2OUT' of module 'PS8' is unconnected for instance 'PS8_i' [d:/FPGA/Vivaldo Project/kr260_experiments/12_axis_dma_complex_mixer_nco/12_axis_dma_complex_mixer_nco.gen/sources_1/bd/mixer_nco/ip/mixer_nco_zynq_ultra_ps_e_0_0/hdl/zynq_ultra_ps_e_v3_4_1.v:3845]
WARNING: [Synth 8-7071] port 'PSS_ALTO_CORE_PAD_MGTTXP3OUT' of module 'PS8' is unconnected for instance 'PS8_i' [d:/FPGA/Vivaldo Project/kr260_experiments/12_axis_dma_complex_mixer_nco/12_axis_dma_complex_mixer_nco.gen/sources_1/bd/mixer_nco/ip/mixer_nco_zynq_ultra_ps_e_0_0/hdl/zynq_ultra_ps_e_v3_4_1.v:3845]
WARNING: [Synth 8-7071] port 'PSS_ALTO_CORE_PAD_PADO' of module 'PS8' is unconnected for instance 'PS8_i' [d:/FPGA/Vivaldo Project/kr260_experiments/12_axis_dma_complex_mixer_nco/12_axis_dma_complex_mixer_nco.gen/sources_1/bd/mixer_nco/ip/mixer_nco_zynq_ultra_ps_e_0_0/hdl/zynq_ultra_ps_e_v3_4_1.v:3845]
WARNING: [Synth 8-7071] port 'PSS_ALTO_CORE_PAD_BOOTMODE' of module 'PS8' is unconnected for instance 'PS8_i' [d:/FPGA/Vivaldo Project/kr260_experiments/12_axis_dma_complex_mixer_nco/12_axis_dma_complex_mixer_nco.gen/sources_1/bd/mixer_nco/ip/mixer_nco_zynq_ultra_ps_e_0_0/hdl/zynq_ultra_ps_e_v3_4_1.v:3845]
WARNING: [Synth 8-7071] port 'PSS_ALTO_CORE_PAD_CLK' of module 'PS8' is unconnected for instance 'PS8_i' [d:/FPGA/Vivaldo Project/kr260_experiments/12_axis_dma_complex_mixer_nco/12_axis_dma_complex_mixer_nco.gen/sources_1/bd/mixer_nco/ip/mixer_nco_zynq_ultra_ps_e_0_0/hdl/zynq_ultra_ps_e_v3_4_1.v:3845]
WARNING: [Synth 8-7071] port 'PSS_ALTO_CORE_PAD_DONEB' of module 'PS8' is unconnected for instance 'PS8_i' [d:/FPGA/Vivaldo Project/kr260_experiments/12_axis_dma_complex_mixer_nco/12_axis_dma_complex_mixer_nco.gen/sources_1/bd/mixer_nco/ip/mixer_nco_zynq_ultra_ps_e_0_0/hdl/zynq_ultra_ps_e_v3_4_1.v:3845]
WARNING: [Synth 8-7071] port 'PSS_ALTO_CORE_PAD_DRAMA' of module 'PS8' is unconnected for instance 'PS8_i' [d:/FPGA/Vivaldo Project/kr260_experiments/12_axis_dma_complex_mixer_nco/12_axis_dma_complex_mixer_nco.gen/sources_1/bd/mixer_nco/ip/mixer_nco_zynq_ultra_ps_e_0_0/hdl/zynq_ultra_ps_e_v3_4_1.v:3845]
WARNING: [Synth 8-7071] port 'PSS_ALTO_CORE_PAD_DRAMACTN' of module 'PS8' is unconnected for instance 'PS8_i' [d:/FPGA/Vivaldo Project/kr260_experiments/12_axis_dma_complex_mixer_nco/12_axis_dma_complex_mixer_nco.gen/sources_1/bd/mixer_nco/ip/mixer_nco_zynq_ultra_ps_e_0_0/hdl/zynq_ultra_ps_e_v3_4_1.v:3845]
WARNING: [Synth 8-7071] port 'PSS_ALTO_CORE_PAD_DRAMALERTN' of module 'PS8' is unconnected for instance 'PS8_i' [d:/FPGA/Vivaldo Project/kr260_experiments/12_axis_dma_complex_mixer_nco/12_axis_dma_complex_mixer_nco.gen/sources_1/bd/mixer_nco/ip/mixer_nco_zynq_ultra_ps_e_0_0/hdl/zynq_ultra_ps_e_v3_4_1.v:3845]
WARNING: [Synth 8-7071] port 'PSS_ALTO_CORE_PAD_DRAMBA' of module 'PS8' is unconnected for instance 'PS8_i' [d:/FPGA/Vivaldo Project/kr260_experiments/12_axis_dma_complex_mixer_nco/12_axis_dma_complex_mixer_nco.gen/sources_1/bd/mixer_nco/ip/mixer_nco_zynq_ultra_ps_e_0_0/hdl/zynq_ultra_ps_e_v3_4_1.v:3845]
WARNING: [Synth 8-7071] port 'PSS_ALTO_CORE_PAD_DRAMBG' of module 'PS8' is unconnected for instance 'PS8_i' [d:/FPGA/Vivaldo Project/kr260_experiments/12_axis_dma_complex_mixer_nco/12_axis_dma_complex_mixer_nco.gen/sources_1/bd/mixer_nco/ip/mixer_nco_zynq_ultra_ps_e_0_0/hdl/zynq_ultra_ps_e_v3_4_1.v:3845]
WARNING: [Synth 8-7071] port 'PSS_ALTO_CORE_PAD_DRAMCK' of module 'PS8' is unconnected for instance 'PS8_i' [d:/FPGA/Vivaldo Project/kr260_experiments/12_axis_dma_complex_mixer_nco/12_axis_dma_complex_mixer_nco.gen/sources_1/bd/mixer_nco/ip/mixer_nco_zynq_ultra_ps_e_0_0/hdl/zynq_ultra_ps_e_v3_4_1.v:3845]
WARNING: [Synth 8-7071] port 'PSS_ALTO_CORE_PAD_DRAMCKE' of module 'PS8' is unconnected for instance 'PS8_i' [d:/FPGA/Vivaldo Project/kr260_experiments/12_axis_dma_complex_mixer_nco/12_axis_dma_complex_mixer_nco.gen/sources_1/bd/mixer_nco/ip/mixer_nco_zynq_ultra_ps_e_0_0/hdl/zynq_ultra_ps_e_v3_4_1.v:3845]
WARNING: [Synth 8-7071] port 'PSS_ALTO_CORE_PAD_DRAMCKN' of module 'PS8' is unconnected for instance 'PS8_i' [d:/FPGA/Vivaldo Project/kr260_experiments/12_axis_dma_complex_mixer_nco/12_axis_dma_complex_mixer_nco.gen/sources_1/bd/mixer_nco/ip/mixer_nco_zynq_ultra_ps_e_0_0/hdl/zynq_ultra_ps_e_v3_4_1.v:3845]
WARNING: [Synth 8-7071] port 'PSS_ALTO_CORE_PAD_DRAMCSN' of module 'PS8' is unconnected for instance 'PS8_i' [d:/FPGA/Vivaldo Project/kr260_experiments/12_axis_dma_complex_mixer_nco/12_axis_dma_complex_mixer_nco.gen/sources_1/bd/mixer_nco/ip/mixer_nco_zynq_ultra_ps_e_0_0/hdl/zynq_ultra_ps_e_v3_4_1.v:3845]
WARNING: [Synth 8-7071] port 'PSS_ALTO_CORE_PAD_DRAMDM' of module 'PS8' is unconnected for instance 'PS8_i' [d:/FPGA/Vivaldo Project/kr260_experiments/12_axis_dma_complex_mixer_nco/12_axis_dma_complex_mixer_nco.gen/sources_1/bd/mixer_nco/ip/mixer_nco_zynq_ultra_ps_e_0_0/hdl/zynq_ultra_ps_e_v3_4_1.v:3845]
WARNING: [Synth 8-7071] port 'PSS_ALTO_CORE_PAD_DRAMDQ' of module 'PS8' is unconnected for instance 'PS8_i' [d:/FPGA/Vivaldo Project/kr260_experiments/12_axis_dma_complex_mixer_nco/12_axis_dma_complex_mixer_nco.gen/sources_1/bd/mixer_nco/ip/mixer_nco_zynq_ultra_ps_e_0_0/hdl/zynq_ultra_ps_e_v3_4_1.v:3845]
WARNING: [Synth 8-7071] port 'PSS_ALTO_CORE_PAD_DRAMDQS' of module 'PS8' is unconnected for instance 'PS8_i' [d:/FPGA/Vivaldo Project/kr260_experiments/12_axis_dma_complex_mixer_nco/12_axis_dma_complex_mixer_nco.gen/sources_1/bd/mixer_nco/ip/mixer_nco_zynq_ultra_ps_e_0_0/hdl/zynq_ultra_ps_e_v3_4_1.v:3845]
WARNING: [Synth 8-7071] port 'PSS_ALTO_CORE_PAD_DRAMDQSN' of module 'PS8' is unconnected for instance 'PS8_i' [d:/FPGA/Vivaldo Project/kr260_experiments/12_axis_dma_complex_mixer_nco/12_axis_dma_complex_mixer_nco.gen/sources_1/bd/mixer_nco/ip/mixer_nco_zynq_ultra_ps_e_0_0/hdl/zynq_ultra_ps_e_v3_4_1.v:3845]
WARNING: [Synth 8-7071] port 'PSS_ALTO_CORE_PAD_DRAMODT' of module 'PS8' is unconnected for instance 'PS8_i' [d:/FPGA/Vivaldo Project/kr260_experiments/12_axis_dma_complex_mixer_nco/12_axis_dma_complex_mixer_nco.gen/sources_1/bd/mixer_nco/ip/mixer_nco_zynq_ultra_ps_e_0_0/hdl/zynq_ultra_ps_e_v3_4_1.v:3845]
WARNING: [Synth 8-7071] port 'PSS_ALTO_CORE_PAD_DRAMPARITY' of module 'PS8' is unconnected for instance 'PS8_i' [d:/FPGA/Vivaldo Project/kr260_experiments/12_axis_dma_complex_mixer_nco/12_axis_dma_complex_mixer_nco.gen/sources_1/bd/mixer_nco/ip/mixer_nco_zynq_ultra_ps_e_0_0/hdl/zynq_ultra_ps_e_v3_4_1.v:3845]
WARNING: [Synth 8-7071] port 'PSS_ALTO_CORE_PAD_DRAMRAMRSTN' of module 'PS8' is unconnected for instance 'PS8_i' [d:/FPGA/Vivaldo Project/kr260_experiments/12_axis_dma_complex_mixer_nco/12_axis_dma_complex_mixer_nco.gen/sources_1/bd/mixer_nco/ip/mixer_nco_zynq_ultra_ps_e_0_0/hdl/zynq_ultra_ps_e_v3_4_1.v:3845]
WARNING: [Synth 8-7071] port 'PSS_ALTO_CORE_PAD_ERROROUT' of module 'PS8' is unconnected for instance 'PS8_i' [d:/FPGA/Vivaldo Project/kr260_experiments/12_axis_dma_complex_mixer_nco/12_axis_dma_complex_mixer_nco.gen/sources_1/bd/mixer_nco/ip/mixer_nco_zynq_ultra_ps_e_0_0/hdl/zynq_ultra_ps_e_v3_4_1.v:3845]
WARNING: [Synth 8-7071] port 'PSS_ALTO_CORE_PAD_ERRORSTATUS' of module 'PS8' is unconnected for instance 'PS8_i' [d:/FPGA/Vivaldo Project/kr260_experiments/12_axis_dma_complex_mixer_nco/12_axis_dma_complex_mixer_nco.gen/sources_1/bd/mixer_nco/ip/mixer_nco_zynq_ultra_ps_e_0_0/hdl/zynq_ultra_ps_e_v3_4_1.v:3845]
WARNING: [Synth 8-7071] port 'PSS_ALTO_CORE_PAD_INITB' of module 'PS8' is unconnected for instance 'PS8_i' [d:/FPGA/Vivaldo Project/kr260_experiments/12_axis_dma_complex_mixer_nco/12_axis_dma_complex_mixer_nco.gen/sources_1/bd/mixer_nco/ip/mixer_nco_zynq_ultra_ps_e_0_0/hdl/zynq_ultra_ps_e_v3_4_1.v:3845]
WARNING: [Synth 8-7071] port 'PSS_ALTO_CORE_PAD_JTAGTCK' of module 'PS8' is unconnected for instance 'PS8_i' [d:/FPGA/Vivaldo Project/kr260_experiments/12_axis_dma_complex_mixer_nco/12_axis_dma_complex_mixer_nco.gen/sources_1/bd/mixer_nco/ip/mixer_nco_zynq_ultra_ps_e_0_0/hdl/zynq_ultra_ps_e_v3_4_1.v:3845]
WARNING: [Synth 8-7071] port 'PSS_ALTO_CORE_PAD_JTAGTDI' of module 'PS8' is unconnected for instance 'PS8_i' [d:/FPGA/Vivaldo Project/kr260_experiments/12_axis_dma_complex_mixer_nco/12_axis_dma_complex_mixer_nco.gen/sources_1/bd/mixer_nco/ip/mixer_nco_zynq_ultra_ps_e_0_0/hdl/zynq_ultra_ps_e_v3_4_1.v:3845]
WARNING: [Synth 8-7071] port 'PSS_ALTO_CORE_PAD_JTAGTDO' of module 'PS8' is unconnected for instance 'PS8_i' [d:/FPGA/Vivaldo Project/kr260_experiments/12_axis_dma_complex_mixer_nco/12_axis_dma_complex_mixer_nco.gen/sources_1/bd/mixer_nco/ip/mixer_nco_zynq_ultra_ps_e_0_0/hdl/zynq_ultra_ps_e_v3_4_1.v:3845]
WARNING: [Synth 8-7071] port 'PSS_ALTO_CORE_PAD_JTAGTMS' of module 'PS8' is unconnected for instance 'PS8_i' [d:/FPGA/Vivaldo Project/kr260_experiments/12_axis_dma_complex_mixer_nco/12_axis_dma_complex_mixer_nco.gen/sources_1/bd/mixer_nco/ip/mixer_nco_zynq_ultra_ps_e_0_0/hdl/zynq_ultra_ps_e_v3_4_1.v:3845]
WARNING: [Synth 8-7071] port 'PSS_ALTO_CORE_PAD_MIO' of module 'PS8' is unconnected for instance 'PS8_i' [d:/FPGA/Vivaldo Project/kr260_experiments/12_axis_dma_complex_mixer_nco/12_axis_dma_complex_mixer_nco.gen/sources_1/bd/mixer_nco/ip/mixer_nco_zynq_ultra_ps_e_0_0/hdl/zynq_ultra_ps_e_v3_4_1.v:3845]
WARNING: [Synth 8-7071] port 'PSS_ALTO_CORE_PAD_PORB' of module 'PS8' is unconnected for instance 'PS8_i' [d:/FPGA/Vivaldo Project/kr260_experiments/12_axis_dma_complex_mixer_nco/12_axis_dma_complex_mixer_nco.gen/sources_1/bd/mixer_nco/ip/mixer_nco_zynq_ultra_ps_e_0_0/hdl/zynq_ultra_ps_e_v3_4_1.v:3845]
WARNING: [Synth 8-7071] port 'PSS_ALTO_CORE_PAD_PROGB' of module 'PS8' is unconnected for instance 'PS8_i' [d:/FPGA/Vivaldo Project/kr260_experiments/12_axis_dma_complex_mixer_nco/12_axis_dma_complex_mixer_nco.gen/sources_1/bd/mixer_nco/ip/mixer_nco_zynq_ultra_ps_e_0_0/hdl/zynq_ultra_ps_e_v3_4_1.v:3845]
WARNING: [Synth 8-7071] port 'PSS_ALTO_CORE_PAD_RCALIBINOUT' of module 'PS8' is unconnected for instance 'PS8_i' [d:/FPGA/Vivaldo Project/kr260_experiments/12_axis_dma_complex_mixer_nco/12_axis_dma_complex_mixer_nco.gen/sources_1/bd/mixer_nco/ip/mixer_nco_zynq_ultra_ps_e_0_0/hdl/zynq_ultra_ps_e_v3_4_1.v:3845]
WARNING: [Synth 8-7071] port 'PSS_ALTO_CORE_PAD_SRSTB' of module 'PS8' is unconnected for instance 'PS8_i' [d:/FPGA/Vivaldo Project/kr260_experiments/12_axis_dma_complex_mixer_nco/12_axis_dma_complex_mixer_nco.gen/sources_1/bd/mixer_nco/ip/mixer_nco_zynq_ultra_ps_e_0_0/hdl/zynq_ultra_ps_e_v3_4_1.v:3845]
WARNING: [Synth 8-7071] port 'PSS_ALTO_CORE_PAD_ZQ' of module 'PS8' is unconnected for instance 'PS8_i' [d:/FPGA/Vivaldo Project/kr260_experiments/12_axis_dma_complex_mixer_nco/12_axis_dma_complex_mixer_nco.gen/sources_1/bd/mixer_nco/ip/mixer_nco_zynq_ultra_ps_e_0_0/hdl/zynq_ultra_ps_e_v3_4_1.v:3845]
WARNING: [Synth 8-7071] port 'PSS_ALTO_CORE_PAD_MGTRXN0IN' of module 'PS8' is unconnected for instance 'PS8_i' [d:/FPGA/Vivaldo Project/kr260_experiments/12_axis_dma_complex_mixer_nco/12_axis_dma_complex_mixer_nco.gen/sources_1/bd/mixer_nco/ip/mixer_nco_zynq_ultra_ps_e_0_0/hdl/zynq_ultra_ps_e_v3_4_1.v:3845]
WARNING: [Synth 8-7071] port 'PSS_ALTO_CORE_PAD_MGTRXN1IN' of module 'PS8' is unconnected for instance 'PS8_i' [d:/FPGA/Vivaldo Project/kr260_experiments/12_axis_dma_complex_mixer_nco/12_axis_dma_complex_mixer_nco.gen/sources_1/bd/mixer_nco/ip/mixer_nco_zynq_ultra_ps_e_0_0/hdl/zynq_ultra_ps_e_v3_4_1.v:3845]
WARNING: [Synth 8-7071] port 'PSS_ALTO_CORE_PAD_MGTRXN2IN' of module 'PS8' is unconnected for instance 'PS8_i' [d:/FPGA/Vivaldo Project/kr260_experiments/12_axis_dma_complex_mixer_nco/12_axis_dma_complex_mixer_nco.gen/sources_1/bd/mixer_nco/ip/mixer_nco_zynq_ultra_ps_e_0_0/hdl/zynq_ultra_ps_e_v3_4_1.v:3845]
WARNING: [Synth 8-7071] port 'PSS_ALTO_CORE_PAD_MGTRXN3IN' of module 'PS8' is unconnected for instance 'PS8_i' [d:/FPGA/Vivaldo Project/kr260_experiments/12_axis_dma_complex_mixer_nco/12_axis_dma_complex_mixer_nco.gen/sources_1/bd/mixer_nco/ip/mixer_nco_zynq_ultra_ps_e_0_0/hdl/zynq_ultra_ps_e_v3_4_1.v:3845]
WARNING: [Synth 8-7071] port 'PSS_ALTO_CORE_PAD_MGTRXP0IN' of module 'PS8' is unconnected for instance 'PS8_i' [d:/FPGA/Vivaldo Project/kr260_experiments/12_axis_dma_complex_mixer_nco/12_axis_dma_complex_mixer_nco.gen/sources_1/bd/mixer_nco/ip/mixer_nco_zynq_ultra_ps_e_0_0/hdl/zynq_ultra_ps_e_v3_4_1.v:3845]
WARNING: [Synth 8-7071] port 'PSS_ALTO_CORE_PAD_MGTRXP1IN' of module 'PS8' is unconnected for instance 'PS8_i' [d:/FPGA/Vivaldo Project/kr260_experiments/12_axis_dma_complex_mixer_nco/12_axis_dma_complex_mixer_nco.gen/sources_1/bd/mixer_nco/ip/mixer_nco_zynq_ultra_ps_e_0_0/hdl/zynq_ultra_ps_e_v3_4_1.v:3845]
WARNING: [Synth 8-7071] port 'PSS_ALTO_CORE_PAD_MGTRXP2IN' of module 'PS8' is unconnected for instance 'PS8_i' [d:/FPGA/Vivaldo Project/kr260_experiments/12_axis_dma_complex_mixer_nco/12_axis_dma_complex_mixer_nco.gen/sources_1/bd/mixer_nco/ip/mixer_nco_zynq_ultra_ps_e_0_0/hdl/zynq_ultra_ps_e_v3_4_1.v:3845]
WARNING: [Synth 8-7071] port 'PSS_ALTO_CORE_PAD_MGTRXP3IN' of module 'PS8' is unconnected for instance 'PS8_i' [d:/FPGA/Vivaldo Project/kr260_experiments/12_axis_dma_complex_mixer_nco/12_axis_dma_complex_mixer_nco.gen/sources_1/bd/mixer_nco/ip/mixer_nco_zynq_ultra_ps_e_0_0/hdl/zynq_ultra_ps_e_v3_4_1.v:3845]
WARNING: [Synth 8-7071] port 'PSS_ALTO_CORE_PAD_PADI' of module 'PS8' is unconnected for instance 'PS8_i' [d:/FPGA/Vivaldo Project/kr260_experiments/12_axis_dma_complex_mixer_nco/12_axis_dma_complex_mixer_nco.gen/sources_1/bd/mixer_nco/ip/mixer_nco_zynq_ultra_ps_e_0_0/hdl/zynq_ultra_ps_e_v3_4_1.v:3845]
WARNING: [Synth 8-7071] port 'PSS_ALTO_CORE_PAD_REFN0IN' of module 'PS8' is unconnected for instance 'PS8_i' [d:/FPGA/Vivaldo Project/kr260_experiments/12_axis_dma_complex_mixer_nco/12_axis_dma_complex_mixer_nco.gen/sources_1/bd/mixer_nco/ip/mixer_nco_zynq_ultra_ps_e_0_0/hdl/zynq_ultra_ps_e_v3_4_1.v:3845]
WARNING: [Synth 8-7071] port 'PSS_ALTO_CORE_PAD_REFN1IN' of module 'PS8' is unconnected for instance 'PS8_i' [d:/FPGA/Vivaldo Project/kr260_experiments/12_axis_dma_complex_mixer_nco/12_axis_dma_complex_mixer_nco.gen/sources_1/bd/mixer_nco/ip/mixer_nco_zynq_ultra_ps_e_0_0/hdl/zynq_ultra_ps_e_v3_4_1.v:3845]
WARNING: [Synth 8-7071] port 'PSS_ALTO_CORE_PAD_REFN2IN' of module 'PS8' is unconnected for instance 'PS8_i' [d:/FPGA/Vivaldo Project/kr260_experiments/12_axis_dma_complex_mixer_nco/12_axis_dma_complex_mixer_nco.gen/sources_1/bd/mixer_nco/ip/mixer_nco_zynq_ultra_ps_e_0_0/hdl/zynq_ultra_ps_e_v3_4_1.v:3845]
WARNING: [Synth 8-7071] port 'PSS_ALTO_CORE_PAD_REFN3IN' of module 'PS8' is unconnected for instance 'PS8_i' [d:/FPGA/Vivaldo Project/kr260_experiments/12_axis_dma_complex_mixer_nco/12_axis_dma_complex_mixer_nco.gen/sources_1/bd/mixer_nco/ip/mixer_nco_zynq_ultra_ps_e_0_0/hdl/zynq_ultra_ps_e_v3_4_1.v:3845]
WARNING: [Synth 8-7071] port 'PSS_ALTO_CORE_PAD_REFP0IN' of module 'PS8' is unconnected for instance 'PS8_i' [d:/FPGA/Vivaldo Project/kr260_experiments/12_axis_dma_complex_mixer_nco/12_axis_dma_complex_mixer_nco.gen/sources_1/bd/mixer_nco/ip/mixer_nco_zynq_ultra_ps_e_0_0/hdl/zynq_ultra_ps_e_v3_4_1.v:3845]
WARNING: [Synth 8-7071] port 'PSS_ALTO_CORE_PAD_REFP1IN' of module 'PS8' is unconnected for instance 'PS8_i' [d:/FPGA/Vivaldo Project/kr260_experiments/12_axis_dma_complex_mixer_nco/12_axis_dma_complex_mixer_nco.gen/sources_1/bd/mixer_nco/ip/mixer_nco_zynq_ultra_ps_e_0_0/hdl/zynq_ultra_ps_e_v3_4_1.v:3845]
WARNING: [Synth 8-7071] port 'PSS_ALTO_CORE_PAD_REFP2IN' of module 'PS8' is unconnected for instance 'PS8_i' [d:/FPGA/Vivaldo Project/kr260_experiments/12_axis_dma_complex_mixer_nco/12_axis_dma_complex_mixer_nco.gen/sources_1/bd/mixer_nco/ip/mixer_nco_zynq_ultra_ps_e_0_0/hdl/zynq_ultra_ps_e_v3_4_1.v:3845]
WARNING: [Synth 8-7071] port 'PSS_ALTO_CORE_PAD_REFP3IN' of module 'PS8' is unconnected for instance 'PS8_i' [d:/FPGA/Vivaldo Project/kr260_experiments/12_axis_dma_complex_mixer_nco/12_axis_dma_complex_mixer_nco.gen/sources_1/bd/mixer_nco/ip/mixer_nco_zynq_ultra_ps_e_0_0/hdl/zynq_ultra_ps_e_v3_4_1.v:3845]
WARNING: [Synth 8-7023] instance 'PS8_i' of module 'PS8' has 1015 connections declared, but only 957 given [d:/FPGA/Vivaldo Project/kr260_experiments/12_axis_dma_complex_mixer_nco/12_axis_dma_complex_mixer_nco.gen/sources_1/bd/mixer_nco/ip/mixer_nco_zynq_ultra_ps_e_0_0/hdl/zynq_ultra_ps_e_v3_4_1.v:3845]
WARNING: [Synth 8-7071] port 'emio_enet0_signal_detect' of module 'zynq_ultra_ps_e_v3_4_1_zynq_ultra_ps_e' is unconnected for instance 'inst' [d:/FPGA/Vivaldo Project/kr260_experiments/12_axis_dma_complex_mixer_nco/12_axis_dma_complex_mixer_nco.gen/sources_1/bd/mixer_nco/ip/mixer_nco_zynq_ultra_ps_e_0_0/synth/mixer_nco_zynq_ultra_ps_e_0_0.v:240]
WARNING: [Synth 8-7071] port 'emio_enet1_signal_detect' of module 'zynq_ultra_ps_e_v3_4_1_zynq_ultra_ps_e' is unconnected for instance 'inst' [d:/FPGA/Vivaldo Project/kr260_experiments/12_axis_dma_complex_mixer_nco/12_axis_dma_complex_mixer_nco.gen/sources_1/bd/mixer_nco/ip/mixer_nco_zynq_ultra_ps_e_0_0/synth/mixer_nco_zynq_ultra_ps_e_0_0.v:240]
WARNING: [Synth 8-7071] port 'emio_enet2_signal_detect' of module 'zynq_ultra_ps_e_v3_4_1_zynq_ultra_ps_e' is unconnected for instance 'inst' [d:/FPGA/Vivaldo Project/kr260_experiments/12_axis_dma_complex_mixer_nco/12_axis_dma_complex_mixer_nco.gen/sources_1/bd/mixer_nco/ip/mixer_nco_zynq_ultra_ps_e_0_0/synth/mixer_nco_zynq_ultra_ps_e_0_0.v:240]
WARNING: [Synth 8-7071] port 'emio_enet3_signal_detect' of module 'zynq_ultra_ps_e_v3_4_1_zynq_ultra_ps_e' is unconnected for instance 'inst' [d:/FPGA/Vivaldo Project/kr260_experiments/12_axis_dma_complex_mixer_nco/12_axis_dma_complex_mixer_nco.gen/sources_1/bd/mixer_nco/ip/mixer_nco_zynq_ultra_ps_e_0_0/synth/mixer_nco_zynq_ultra_ps_e_0_0.v:240]
WARNING: [Synth 8-7023] instance 'inst' of module 'zynq_ultra_ps_e_v3_4_1_zynq_ultra_ps_e' has 1491 connections declared, but only 1487 given [d:/FPGA/Vivaldo Project/kr260_experiments/12_axis_dma_complex_mixer_nco/12_axis_dma_complex_mixer_nco.gen/sources_1/bd/mixer_nco/ip/mixer_nco_zynq_ultra_ps_e_0_0/synth/mixer_nco_zynq_ultra_ps_e_0_0.v:240]
WARNING: [Synth 8-7071] port 'pl_clk1' of module 'mixer_nco_zynq_ultra_ps_e_0_0' is unconnected for instance 'zynq_ultra_ps_e_0' [d:/FPGA/Vivaldo Project/kr260_experiments/12_axis_dma_complex_mixer_nco/12_axis_dma_complex_mixer_nco.gen/sources_1/bd/mixer_nco/synth/mixer_nco.v:403]
WARNING: [Synth 8-7023] instance 'zynq_ultra_ps_e_0' of module 'mixer_nco_zynq_ultra_ps_e_0_0' has 44 connections declared, but only 43 given [d:/FPGA/Vivaldo Project/kr260_experiments/12_axis_dma_complex_mixer_nco/12_axis_dma_complex_mixer_nco.gen/sources_1/bd/mixer_nco/synth/mixer_nco.v:403]
WARNING: [Synth 8-6014] Unused sequential element curr_awsize_reg_reg was removed.  [d:/FPGA/Vivaldo Project/kr260_experiments/12_axis_dma_complex_mixer_nco/12_axis_dma_complex_mixer_nco.gen/sources_1/bd/mixer_nco/ipshared/f80b/hdl/axi_bram_ctrl_v4_1_rfs.vhd:25318]
WARNING: [Synth 8-6014] Unused sequential element curr_awlen_reg_1_or_2_reg was removed.  [d:/FPGA/Vivaldo Project/kr260_experiments/12_axis_dma_complex_mixer_nco/12_axis_dma_complex_mixer_nco.gen/sources_1/bd/mixer_nco/ipshared/f80b/hdl/axi_bram_ctrl_v4_1_rfs.vhd:25596]
WARNING: [Synth 8-6014] Unused sequential element GEN_NO_RD_CMD_OPT.axi_arsize_pipe_max_reg was removed.  [d:/FPGA/Vivaldo Project/kr260_experiments/12_axis_dma_complex_mixer_nco/12_axis_dma_complex_mixer_nco.gen/sources_1/bd/mixer_nco/ipshared/f80b/hdl/axi_bram_ctrl_v4_1_rfs.vhd:15506]
WARNING: [Synth 8-6014] Unused sequential element GEN_NO_RD_CMD_OPT.curr_arsize_reg_reg was removed.  [d:/FPGA/Vivaldo Project/kr260_experiments/12_axis_dma_complex_mixer_nco/12_axis_dma_complex_mixer_nco.gen/sources_1/bd/mixer_nco/ipshared/f80b/hdl/axi_bram_ctrl_v4_1_rfs.vhd:15998]
WARNING: [Synth 8-6014] Unused sequential element GEN_NO_RD_CMD_OPT.no_ar_ack_reg was removed.  [d:/FPGA/Vivaldo Project/kr260_experiments/12_axis_dma_complex_mixer_nco/12_axis_dma_complex_mixer_nco.gen/sources_1/bd/mixer_nco/ipshared/f80b/hdl/axi_bram_ctrl_v4_1_rfs.vhd:19903]
WARNING: [Synth 8-6014] Unused sequential element GEN_NO_RD_CMD_OPT.do_cmplt_burst_reg was removed.  [d:/FPGA/Vivaldo Project/kr260_experiments/12_axis_dma_complex_mixer_nco/12_axis_dma_complex_mixer_nco.gen/sources_1/bd/mixer_nco/ipshared/f80b/hdl/axi_bram_ctrl_v4_1_rfs.vhd:21244]
WARNING: [Synth 8-6014] Unused sequential element awaddr_reg was removed.  [d:/FPGA/Vivaldo Project/kr260_experiments/12_axis_dma_complex_mixer_nco/12_axis_dma_complex_mixer_nco.gen/sources_1/bd/mixer_nco/ipshared/70c4/hdl/axi_dma_v7_1_vh_rfs.vhd:2160]
WARNING: [Synth 8-6014] Unused sequential element wdata_reg was removed.  [d:/FPGA/Vivaldo Project/kr260_experiments/12_axis_dma_complex_mixer_nco/12_axis_dma_complex_mixer_nco.gen/sources_1/bd/mixer_nco/ipshared/70c4/hdl/axi_dma_v7_1_vh_rfs.vhd:2162]
WARNING: [Synth 8-6014] Unused sequential element GEN_SYNC_WRITE.axi2ip_wrdata_i_reg was removed.  [d:/FPGA/Vivaldo Project/kr260_experiments/12_axis_dma_complex_mixer_nco/12_axis_dma_complex_mixer_nco.gen/sources_1/bd/mixer_nco/ipshared/70c4/hdl/axi_dma_v7_1_vh_rfs.vhd:2315]
WARNING: [Synth 8-6014] Unused sequential element GEN_SYNC_WRITE.awready_i_reg was removed.  [d:/FPGA/Vivaldo Project/kr260_experiments/12_axis_dma_complex_mixer_nco/12_axis_dma_complex_mixer_nco.gen/sources_1/bd/mixer_nco/ipshared/70c4/hdl/axi_dma_v7_1_vh_rfs.vhd:2147]
WARNING: [Synth 8-6014] Unused sequential element GEN_SYNC_WRITE.rdy1_reg was removed.  [d:/FPGA/Vivaldo Project/kr260_experiments/12_axis_dma_complex_mixer_nco/12_axis_dma_complex_mixer_nco.gen/sources_1/bd/mixer_nco/ipshared/70c4/hdl/axi_dma_v7_1_vh_rfs.vhd:2276]
WARNING: [Synth 8-6014] Unused sequential element GEN_SYNC_READ.arvalid_re_d1_reg was removed.  [d:/FPGA/Vivaldo Project/kr260_experiments/12_axis_dma_complex_mixer_nco/12_axis_dma_complex_mixer_nco.gen/sources_1/bd/mixer_nco/ipshared/70c4/hdl/axi_dma_v7_1_vh_rfs.vhd:3058]
WARNING: [Synth 8-6014] Unused sequential element sg_ftch_error_reg was removed.  [d:/FPGA/Vivaldo Project/kr260_experiments/12_axis_dma_complex_mixer_nco/12_axis_dma_complex_mixer_nco.gen/sources_1/bd/mixer_nco/ipshared/70c4/hdl/axi_dma_v7_1_vh_rfs.vhd:3995]
WARNING: [Synth 8-6014] Unused sequential element sg_updt_error_reg was removed.  [d:/FPGA/Vivaldo Project/kr260_experiments/12_axis_dma_complex_mixer_nco/12_axis_dma_complex_mixer_nco.gen/sources_1/bd/mixer_nco/ipshared/70c4/hdl/axi_dma_v7_1_vh_rfs.vhd:3996]
WARNING: [Synth 8-6014] Unused sequential element sg_ftch_error_reg was removed.  [d:/FPGA/Vivaldo Project/kr260_experiments/12_axis_dma_complex_mixer_nco/12_axis_dma_complex_mixer_nco.gen/sources_1/bd/mixer_nco/ipshared/70c4/hdl/axi_dma_v7_1_vh_rfs.vhd:5644]
WARNING: [Synth 8-6014] Unused sequential element sg_updt_error_reg was removed.  [d:/FPGA/Vivaldo Project/kr260_experiments/12_axis_dma_complex_mixer_nco/12_axis_dma_complex_mixer_nco.gen/sources_1/bd/mixer_nco/ipshared/70c4/hdl/axi_dma_v7_1_vh_rfs.vhd:5645]
WARNING: [Synth 8-3848] Net mm2s_desc_flush in module/entity axi_dma_mm2s_mngr does not have driver. [d:/FPGA/Vivaldo Project/kr260_experiments/12_axis_dma_complex_mixer_nco/12_axis_dma_complex_mixer_nco.gen/sources_1/bd/mixer_nco/ipshared/70c4/hdl/axi_dma_v7_1_vh_rfs.vhd:15095]
WARNING: [Synth 8-6014] Unused sequential element GEN_S2MM_DMA_CONTROL.s2mm_desc_flush_i_reg was removed.  [d:/FPGA/Vivaldo Project/kr260_experiments/12_axis_dma_complex_mixer_nco/12_axis_dma_complex_mixer_nco.gen/sources_1/bd/mixer_nco/ipshared/70c4/hdl/axi_dma_v7_1_vh_rfs.vhd:20695]
WARNING: [Synth 8-6014] Unused sequential element sig_cmd_stat_rst_int_reg_n_reg was removed.  [d:/FPGA/Vivaldo Project/kr260_experiments/12_axis_dma_complex_mixer_nco/12_axis_dma_complex_mixer_nco.gen/sources_1/bd/mixer_nco/ipshared/2237/hdl/axi_datamover_v5_1_vh_rfs.vhd:191]
WARNING: [Synth 8-6014] Unused sequential element sig_mmap_rst_reg_n_reg was removed.  [d:/FPGA/Vivaldo Project/kr260_experiments/12_axis_dma_complex_mixer_nco/12_axis_dma_complex_mixer_nco.gen/sources_1/bd/mixer_nco/ipshared/2237/hdl/axi_datamover_v5_1_vh_rfs.vhd:194]
WARNING: [Synth 8-6014] Unused sequential element sig_stream_rst_reg_n_reg was removed.  [d:/FPGA/Vivaldo Project/kr260_experiments/12_axis_dma_complex_mixer_nco/12_axis_dma_complex_mixer_nco.gen/sources_1/bd/mixer_nco/ipshared/2237/hdl/axi_datamover_v5_1_vh_rfs.vhd:197]
WARNING: [Synth 8-6014] Unused sequential element sig_inhibit_rdy_n_reg was removed.  [d:/FPGA/Vivaldo Project/kr260_experiments/12_axis_dma_complex_mixer_nco/12_axis_dma_complex_mixer_nco.gen/sources_1/bd/mixer_nco/ipshared/2237/hdl/axi_datamover_v5_1_vh_rfs.vhd:2014]
WARNING: [Synth 8-6014] Unused sequential element sig_inhibit_rdy_n_reg was removed.  [d:/FPGA/Vivaldo Project/kr260_experiments/12_axis_dma_complex_mixer_nco/12_axis_dma_complex_mixer_nco.gen/sources_1/bd/mixer_nco/ipshared/2237/hdl/axi_datamover_v5_1_vh_rfs.vhd:2014]
WARNING: [Synth 8-6014] Unused sequential element sig_input_reg_full_reg was removed.  [d:/FPGA/Vivaldo Project/kr260_experiments/12_axis_dma_complex_mixer_nco/12_axis_dma_complex_mixer_nco.gen/sources_1/bd/mixer_nco/ipshared/2237/hdl/axi_datamover_v5_1_vh_rfs.vhd:8048]
WARNING: [Synth 8-6014] Unused sequential element sig_xfer_reg_full_reg was removed.  [d:/FPGA/Vivaldo Project/kr260_experiments/12_axis_dma_complex_mixer_nco/12_axis_dma_complex_mixer_nco.gen/sources_1/bd/mixer_nco/ipshared/2237/hdl/axi_datamover_v5_1_vh_rfs.vhd:8359]
WARNING: [Synth 8-6014] Unused sequential element sig_next_tag_reg_reg was removed.  [d:/FPGA/Vivaldo Project/kr260_experiments/12_axis_dma_complex_mixer_nco/12_axis_dma_complex_mixer_nco.gen/sources_1/bd/mixer_nco/ipshared/2237/hdl/axi_datamover_v5_1_vh_rfs.vhd:10410]
WARNING: [Synth 8-6014] Unused sequential element sig_next_cmd_cmplt_reg_reg was removed.  [d:/FPGA/Vivaldo Project/kr260_experiments/12_axis_dma_complex_mixer_nco/12_axis_dma_complex_mixer_nco.gen/sources_1/bd/mixer_nco/ipshared/2237/hdl/axi_datamover_v5_1_vh_rfs.vhd:10417]
WARNING: [Synth 8-6014] Unused sequential element sig_next_dre_src_align_reg_reg was removed.  [d:/FPGA/Vivaldo Project/kr260_experiments/12_axis_dma_complex_mixer_nco/12_axis_dma_complex_mixer_nco.gen/sources_1/bd/mixer_nco/ipshared/2237/hdl/axi_datamover_v5_1_vh_rfs.vhd:12886]
WARNING: [Synth 8-6014] Unused sequential element sig_next_dre_dest_align_reg_reg was removed.  [d:/FPGA/Vivaldo Project/kr260_experiments/12_axis_dma_complex_mixer_nco/12_axis_dma_complex_mixer_nco.gen/sources_1/bd/mixer_nco/ipshared/2237/hdl/axi_datamover_v5_1_vh_rfs.vhd:12887]
WARNING: [Synth 8-6014] Unused sequential element sig_coelsc_reg_empty_reg was removed.  [d:/FPGA/Vivaldo Project/kr260_experiments/12_axis_dma_complex_mixer_nco/12_axis_dma_complex_mixer_nco.gen/sources_1/bd/mixer_nco/ipshared/2237/hdl/axi_datamover_v5_1_vh_rfs.vhd:13225]
WARNING: [Synth 8-6014] Unused sequential element gen_rd_b.gen_doutb_pipe.enb_pipe_reg[0] was removed.  [D:/Xilinx/Vivado/2022.2/data/ip/xpm/xpm_memory/hdl/xpm_memory.sv:3017]
WARNING: [Synth 8-6014] Unused sequential element gdvld.data_valid_std_reg was removed.  [D:/Xilinx/Vivado/2022.2/data/ip/xpm/xpm_fifo/hdl/xpm_fifo.sv:537]
WARNING: [Synth 8-6014] Unused sequential element gen_pntr_flags_cc.gae_cc_std.ram_aempty_i_reg was removed.  [D:/Xilinx/Vivado/2022.2/data/ip/xpm/xpm_fifo/hdl/xpm_fifo.sv:969]
WARNING: [Synth 8-6014] Unused sequential element gen_fwft.empty_fwft_fb_reg was removed.  [D:/Xilinx/Vivado/2022.2/data/ip/xpm/xpm_fifo/hdl/xpm_fifo.sv:1391]
WARNING: [Synth 8-6014] Unused sequential element hold_ff_q_reg was removed.  [d:/FPGA/Vivaldo Project/kr260_experiments/12_axis_dma_complex_mixer_nco/12_axis_dma_complex_mixer_nco.gen/sources_1/bd/mixer_nco/ipshared/2237/hdl/axi_datamover_v5_1_vh_rfs.vhd:1513]
WARNING: [Synth 8-6014] Unused sequential element sig_inhibit_rdy_n_reg was removed.  [d:/FPGA/Vivaldo Project/kr260_experiments/12_axis_dma_complex_mixer_nco/12_axis_dma_complex_mixer_nco.gen/sources_1/bd/mixer_nco/ipshared/2237/hdl/axi_datamover_v5_1_vh_rfs.vhd:2014]
WARNING: [Synth 8-6014] Unused sequential element sig_input_reg_full_reg was removed.  [d:/FPGA/Vivaldo Project/kr260_experiments/12_axis_dma_complex_mixer_nco/12_axis_dma_complex_mixer_nco.gen/sources_1/bd/mixer_nco/ipshared/2237/hdl/axi_datamover_v5_1_vh_rfs.vhd:26374]
WARNING: [Synth 8-6014] Unused sequential element sig_psm_ld_calc2_reg was removed.  [d:/FPGA/Vivaldo Project/kr260_experiments/12_axis_dma_complex_mixer_nco/12_axis_dma_complex_mixer_nco.gen/sources_1/bd/mixer_nco/ipshared/2237/hdl/axi_datamover_v5_1_vh_rfs.vhd:26578]
WARNING: [Synth 8-6014] Unused sequential element sig_child_cmd_reg_empty_reg was removed.  [d:/FPGA/Vivaldo Project/kr260_experiments/12_axis_dma_complex_mixer_nco/12_axis_dma_complex_mixer_nco.gen/sources_1/bd/mixer_nco/ipshared/2237/hdl/axi_datamover_v5_1_vh_rfs.vhd:27034]
WARNING: [Synth 8-6014] Unused sequential element sig_first_child_xfer_reg was removed.  [d:/FPGA/Vivaldo Project/kr260_experiments/12_axis_dma_complex_mixer_nco/12_axis_dma_complex_mixer_nco.gen/sources_1/bd/mixer_nco/ipshared/2237/hdl/axi_datamover_v5_1_vh_rfs.vhd:27579]
WARNING: [Synth 8-6014] Unused sequential element sig_xfer_is_seq_reg was removed.  [d:/FPGA/Vivaldo Project/kr260_experiments/12_axis_dma_complex_mixer_nco/12_axis_dma_complex_mixer_nco.gen/sources_1/bd/mixer_nco/ipshared/2237/hdl/axi_datamover_v5_1_vh_rfs.vhd:28078]
WARNING: [Synth 8-6014] Unused sequential element sig_xfer_reg_empty_reg was removed.  [d:/FPGA/Vivaldo Project/kr260_experiments/12_axis_dma_complex_mixer_nco/12_axis_dma_complex_mixer_nco.gen/sources_1/bd/mixer_nco/ipshared/2237/hdl/axi_datamover_v5_1_vh_rfs.vhd:28171]
WARNING: [Synth 8-6014] Unused sequential element sig_xfer_reg_full_reg was removed.  [d:/FPGA/Vivaldo Project/kr260_experiments/12_axis_dma_complex_mixer_nco/12_axis_dma_complex_mixer_nco.gen/sources_1/bd/mixer_nco/ipshared/2237/hdl/axi_datamover_v5_1_vh_rfs.vhd:28172]
WARNING: [Synth 8-6014] Unused sequential element sig_sm_ld_scatter_cmd_reg was removed.  [d:/FPGA/Vivaldo Project/kr260_experiments/12_axis_dma_complex_mixer_nco/12_axis_dma_complex_mixer_nco.gen/sources_1/bd/mixer_nco/ipshared/2237/hdl/axi_datamover_v5_1_vh_rfs.vhd:47510]
WARNING: [Synth 8-6014] Unused sequential element gen_rd_b.gen_doutb_pipe.enb_pipe_reg[0] was removed.  [D:/Xilinx/Vivado/2022.2/data/ip/xpm/xpm_memory/hdl/xpm_memory.sv:3017]
WARNING: [Synth 8-6014] Unused sequential element gdvld.data_valid_std_reg was removed.  [D:/Xilinx/Vivado/2022.2/data/ip/xpm/xpm_fifo/hdl/xpm_fifo.sv:537]
WARNING: [Synth 8-6014] Unused sequential element gen_pntr_flags_cc.gae_cc_std.ram_aempty_i_reg was removed.  [D:/Xilinx/Vivado/2022.2/data/ip/xpm/xpm_fifo/hdl/xpm_fifo.sv:969]
WARNING: [Synth 8-6014] Unused sequential element gen_fwft.empty_fwft_fb_reg was removed.  [D:/Xilinx/Vivado/2022.2/data/ip/xpm/xpm_fifo/hdl/xpm_fifo.sv:1391]
WARNING: [Synth 8-6014] Unused sequential element hold_ff_q_reg was removed.  [d:/FPGA/Vivaldo Project/kr260_experiments/12_axis_dma_complex_mixer_nco/12_axis_dma_complex_mixer_nco.gen/sources_1/bd/mixer_nco/ipshared/2237/hdl/axi_datamover_v5_1_vh_rfs.vhd:1513]
WARNING: [Synth 8-6014] Unused sequential element gen_rd_b.gen_doutb_pipe.enb_pipe_reg[0] was removed.  [D:/Xilinx/Vivado/2022.2/data/ip/xpm/xpm_memory/hdl/xpm_memory.sv:3017]
WARNING: [Synth 8-6014] Unused sequential element gdvld.data_valid_std_reg was removed.  [D:/Xilinx/Vivado/2022.2/data/ip/xpm/xpm_fifo/hdl/xpm_fifo.sv:537]
WARNING: [Synth 8-6014] Unused sequential element gen_pntr_flags_cc.gae_cc_std.ram_aempty_i_reg was removed.  [D:/Xilinx/Vivado/2022.2/data/ip/xpm/xpm_fifo/hdl/xpm_fifo.sv:969]
WARNING: [Synth 8-6014] Unused sequential element gen_fwft.empty_fwft_fb_reg was removed.  [D:/Xilinx/Vivado/2022.2/data/ip/xpm/xpm_fifo/hdl/xpm_fifo.sv:1391]
WARNING: [Synth 8-6014] Unused sequential element hold_ff_q_reg was removed.  [d:/FPGA/Vivaldo Project/kr260_experiments/12_axis_dma_complex_mixer_nco/12_axis_dma_complex_mixer_nco.gen/sources_1/bd/mixer_nco/ipshared/2237/hdl/axi_datamover_v5_1_vh_rfs.vhd:1513]
WARNING: [Synth 8-6014] Unused sequential element sig_next_tag_reg_reg was removed.  [d:/FPGA/Vivaldo Project/kr260_experiments/12_axis_dma_complex_mixer_nco/12_axis_dma_complex_mixer_nco.gen/sources_1/bd/mixer_nco/ipshared/2237/hdl/axi_datamover_v5_1_vh_rfs.vhd:10410]
WARNING: [Synth 8-6014] Unused sequential element sig_next_cmd_cmplt_reg_reg was removed.  [d:/FPGA/Vivaldo Project/kr260_experiments/12_axis_dma_complex_mixer_nco/12_axis_dma_complex_mixer_nco.gen/sources_1/bd/mixer_nco/ipshared/2237/hdl/axi_datamover_v5_1_vh_rfs.vhd:10417]
WARNING: [Synth 8-6014] Unused sequential element sig_next_last_strb_reg_reg was removed.  [d:/FPGA/Vivaldo Project/kr260_experiments/12_axis_dma_complex_mixer_nco/12_axis_dma_complex_mixer_nco.gen/sources_1/bd/mixer_nco/ipshared/2237/hdl/axi_datamover_v5_1_vh_rfs.vhd:16965]
WARNING: [Synth 8-6014] Unused sequential element sig_next_eof_reg_reg was removed.  [d:/FPGA/Vivaldo Project/kr260_experiments/12_axis_dma_complex_mixer_nco/12_axis_dma_complex_mixer_nco.gen/sources_1/bd/mixer_nco/ipshared/2237/hdl/axi_datamover_v5_1_vh_rfs.vhd:16970]
WARNING: [Synth 8-3848] Net m_axi_sg_awuser in module/entity axi_dma does not have driver. [d:/FPGA/Vivaldo Project/kr260_experiments/12_axis_dma_complex_mixer_nco/12_axis_dma_complex_mixer_nco.gen/sources_1/bd/mixer_nco/ipshared/70c4/hdl/axi_dma_v7_1_vh_rfs.vhd:22023]
WARNING: [Synth 8-3848] Net m_axi_sg_aruser in module/entity axi_dma does not have driver. [d:/FPGA/Vivaldo Project/kr260_experiments/12_axis_dma_complex_mixer_nco/12_axis_dma_complex_mixer_nco.gen/sources_1/bd/mixer_nco/ipshared/70c4/hdl/axi_dma_v7_1_vh_rfs.vhd:22049]
WARNING: [Synth 8-3848] Net strm_valid in module/entity axi_dma does not have driver. [d:/FPGA/Vivaldo Project/kr260_experiments/12_axis_dma_complex_mixer_nco/12_axis_dma_complex_mixer_nco.gen/sources_1/bd/mixer_nco/ipshared/70c4/hdl/axi_dma_v7_1_vh_rfs.vhd:22739]
WARNING: [Synth 8-3848] Net bd_eq in module/entity axi_dma does not have driver. [d:/FPGA/Vivaldo Project/kr260_experiments/12_axis_dma_complex_mixer_nco/12_axis_dma_complex_mixer_nco.gen/sources_1/bd/mixer_nco/ipshared/70c4/hdl/axi_dma_v7_1_vh_rfs.vhd:22732]
WARNING: [Synth 8-3848] Net m_axis_ftch1_desc_available in module/entity axi_dma does not have driver. [d:/FPGA/Vivaldo Project/kr260_experiments/12_axis_dma_complex_mixer_nco/12_axis_dma_complex_mixer_nco.gen/sources_1/bd/mixer_nco/ipshared/70c4/hdl/axi_dma_v7_1_vh_rfs.vhd:22641]
WARNING: [Synth 8-3848] Net s2mm_desc_info_in in module/entity axi_dma does not have driver. [d:/FPGA/Vivaldo Project/kr260_experiments/12_axis_dma_complex_mixer_nco/12_axis_dma_complex_mixer_nco.gen/sources_1/bd/mixer_nco/ipshared/70c4/hdl/axi_dma_v7_1_vh_rfs.vhd:22712]
WARNING: [Synth 8-3848] Net m_axis_ftch2_desc_available in module/entity axi_dma does not have driver. [d:/FPGA/Vivaldo Project/kr260_experiments/12_axis_dma_complex_mixer_nco/12_axis_dma_complex_mixer_nco.gen/sources_1/bd/mixer_nco/ipshared/70c4/hdl/axi_dma_v7_1_vh_rfs.vhd:22641]
WARNING: [Synth 8-3848] Net aresetn_out in module/entity clk_map_imp_56H4KQ does not have driver. [d:/FPGA/Vivaldo Project/kr260_experiments/12_axis_dma_complex_mixer_nco/12_axis_dma_complex_mixer_nco.gen/sources_1/bd/mixer_nco/ip/mixer_nco_smartconnect_0_0/bd_0/synth/bd_f3b5.v:1833]
WARNING: [Synth 8-3848] Net dp_audio_ref_clk in module/entity zynq_ultra_ps_e_v3_4_1_zynq_ultra_ps_e does not have driver. [d:/FPGA/Vivaldo Project/kr260_experiments/12_axis_dma_complex_mixer_nco/12_axis_dma_complex_mixer_nco.gen/sources_1/bd/mixer_nco/ip/mixer_nco_zynq_ultra_ps_e_0_0/hdl/zynq_ultra_ps_e_v3_4_1.v:344]
WARNING: [Synth 8-3848] Net irq_ipi_pl_0 in module/entity zynq_ultra_ps_e_v3_4_1_zynq_ultra_ps_e does not have driver. [d:/FPGA/Vivaldo Project/kr260_experiments/12_axis_dma_complex_mixer_nco/12_axis_dma_complex_mixer_nco.gen/sources_1/bd/mixer_nco/ip/mixer_nco_zynq_ultra_ps_e_0_0/hdl/zynq_ultra_ps_e_v3_4_1.v:1364]
WARNING: [Synth 8-3848] Net irq_ipi_pl_1 in module/entity zynq_ultra_ps_e_v3_4_1_zynq_ultra_ps_e does not have driver. [d:/FPGA/Vivaldo Project/kr260_experiments/12_axis_dma_complex_mixer_nco/12_axis_dma_complex_mixer_nco.gen/sources_1/bd/mixer_nco/ip/mixer_nco_zynq_ultra_ps_e_0_0/hdl/zynq_ultra_ps_e_v3_4_1.v:1365]
WARNING: [Synth 8-3848] Net irq_ipi_pl_2 in module/entity zynq_ultra_ps_e_v3_4_1_zynq_ultra_ps_e does not have driver. [d:/FPGA/Vivaldo Project/kr260_experiments/12_axis_dma_complex_mixer_nco/12_axis_dma_complex_mixer_nco.gen/sources_1/bd/mixer_nco/ip/mixer_nco_zynq_ultra_ps_e_0_0/hdl/zynq_ultra_ps_e_v3_4_1.v:1366]
WARNING: [Synth 8-3848] Net irq_ipi_pl_3 in module/entity zynq_ultra_ps_e_v3_4_1_zynq_ultra_ps_e does not have driver. [d:/FPGA/Vivaldo Project/kr260_experiments/12_axis_dma_complex_mixer_nco/12_axis_dma_complex_mixer_nco.gen/sources_1/bd/mixer_nco/ip/mixer_nco_zynq_ultra_ps_e_0_0/hdl/zynq_ultra_ps_e_v3_4_1.v:1367]
WARNING: [Synth 8-7129] Port dp_audio_ref_clk in module zynq_ultra_ps_e_v3_4_1_zynq_ultra_ps_e is either unconnected or has no load
WARNING: [Synth 8-7129] Port irq_ipi_pl_0 in module zynq_ultra_ps_e_v3_4_1_zynq_ultra_ps_e is either unconnected or has no load
WARNING: [Synth 8-7129] Port irq_ipi_pl_1 in module zynq_ultra_ps_e_v3_4_1_zynq_ultra_ps_e is either unconnected or has no load
WARNING: [Synth 8-7129] Port irq_ipi_pl_2 in module zynq_ultra_ps_e_v3_4_1_zynq_ultra_ps_e is either unconnected or has no load
WARNING: [Synth 8-7129] Port irq_ipi_pl_3 in module zynq_ultra_ps_e_v3_4_1_zynq_ultra_ps_e is either unconnected or has no load
WARNING: [Synth 8-7129] Port saxihpc0_fpd_rclk in module zynq_ultra_ps_e_v3_4_1_zynq_ultra_ps_e is either unconnected or has no load
WARNING: [Synth 8-7129] Port saxihpc0_fpd_wclk in module zynq_ultra_ps_e_v3_4_1_zynq_ultra_ps_e is either unconnected or has no load
WARNING: [Synth 8-7129] Port saxihpc1_fpd_rclk in module zynq_ultra_ps_e_v3_4_1_zynq_ultra_ps_e is either unconnected or has no load
WARNING: [Synth 8-7129] Port saxihpc1_fpd_wclk in module zynq_ultra_ps_e_v3_4_1_zynq_ultra_ps_e is either unconnected or has no load
WARNING: [Synth 8-7129] Port saxihp0_fpd_rclk in module zynq_ultra_ps_e_v3_4_1_zynq_ultra_ps_e is either unconnected or has no load
WARNING: [Synth 8-7129] Port saxihp0_fpd_wclk in module zynq_ultra_ps_e_v3_4_1_zynq_ultra_ps_e is either unconnected or has no load
WARNING: [Synth 8-7129] Port saxihp1_fpd_rclk in module zynq_ultra_ps_e_v3_4_1_zynq_ultra_ps_e is either unconnected or has no load
WARNING: [Synth 8-7129] Port saxihp1_fpd_wclk in module zynq_ultra_ps_e_v3_4_1_zynq_ultra_ps_e is either unconnected or has no load
WARNING: [Synth 8-7129] Port saxihp2_fpd_rclk in module zynq_ultra_ps_e_v3_4_1_zynq_ultra_ps_e is either unconnected or has no load
WARNING: [Synth 8-7129] Port saxihp2_fpd_wclk in module zynq_ultra_ps_e_v3_4_1_zynq_ultra_ps_e is either unconnected or has no load
WARNING: [Synth 8-7129] Port saxihp3_fpd_rclk in module zynq_ultra_ps_e_v3_4_1_zynq_ultra_ps_e is either unconnected or has no load
WARNING: [Synth 8-7129] Port saxihp3_fpd_wclk in module zynq_ultra_ps_e_v3_4_1_zynq_ultra_ps_e is either unconnected or has no load
WARNING: [Synth 8-7129] Port saxi_lpd_rclk in module zynq_ultra_ps_e_v3_4_1_zynq_ultra_ps_e is either unconnected or has no load
WARNING: [Synth 8-7129] Port saxi_lpd_wclk in module zynq_ultra_ps_e_v3_4_1_zynq_ultra_ps_e is either unconnected or has no load
WARNING: [Synth 8-7129] Port sacefpd_awuser[15] in module zynq_ultra_ps_e_v3_4_1_zynq_ultra_ps_e is either unconnected or has no load
WARNING: [Synth 8-7129] Port sacefpd_awuser[14] in module zynq_ultra_ps_e_v3_4_1_zynq_ultra_ps_e is either unconnected or has no load
WARNING: [Synth 8-7129] Port sacefpd_awuser[13] in module zynq_ultra_ps_e_v3_4_1_zynq_ultra_ps_e is either unconnected or has no load
WARNING: [Synth 8-7129] Port sacefpd_awuser[12] in module zynq_ultra_ps_e_v3_4_1_zynq_ultra_ps_e is either unconnected or has no load
WARNING: [Synth 8-7129] Port sacefpd_awuser[11] in module zynq_ultra_ps_e_v3_4_1_zynq_ultra_ps_e is either unconnected or has no load
WARNING: [Synth 8-7129] Port sacefpd_awuser[10] in module zynq_ultra_ps_e_v3_4_1_zynq_ultra_ps_e is either unconnected or has no load
WARNING: [Synth 8-7129] Port sacefpd_awuser[9] in module zynq_ultra_ps_e_v3_4_1_zynq_ultra_ps_e is either unconnected or has no load
WARNING: [Synth 8-7129] Port sacefpd_awuser[8] in module zynq_ultra_ps_e_v3_4_1_zynq_ultra_ps_e is either unconnected or has no load
WARNING: [Synth 8-7129] Port sacefpd_awuser[7] in module zynq_ultra_ps_e_v3_4_1_zynq_ultra_ps_e is either unconnected or has no load
WARNING: [Synth 8-7129] Port sacefpd_awuser[6] in module zynq_ultra_ps_e_v3_4_1_zynq_ultra_ps_e is either unconnected or has no load
WARNING: [Synth 8-7129] Port sacefpd_aruser[15] in module zynq_ultra_ps_e_v3_4_1_zynq_ultra_ps_e is either unconnected or has no load
WARNING: [Synth 8-7129] Port sacefpd_aruser[14] in module zynq_ultra_ps_e_v3_4_1_zynq_ultra_ps_e is either unconnected or has no load
WARNING: [Synth 8-7129] Port sacefpd_aruser[13] in module zynq_ultra_ps_e_v3_4_1_zynq_ultra_ps_e is either unconnected or has no load
WARNING: [Synth 8-7129] Port sacefpd_aruser[12] in module zynq_ultra_ps_e_v3_4_1_zynq_ultra_ps_e is either unconnected or has no load
WARNING: [Synth 8-7129] Port sacefpd_aruser[11] in module zynq_ultra_ps_e_v3_4_1_zynq_ultra_ps_e is either unconnected or has no load
WARNING: [Synth 8-7129] Port sacefpd_aruser[10] in module zynq_ultra_ps_e_v3_4_1_zynq_ultra_ps_e is either unconnected or has no load
WARNING: [Synth 8-7129] Port sacefpd_aruser[9] in module zynq_ultra_ps_e_v3_4_1_zynq_ultra_ps_e is either unconnected or has no load
WARNING: [Synth 8-7129] Port sacefpd_aruser[8] in module zynq_ultra_ps_e_v3_4_1_zynq_ultra_ps_e is either unconnected or has no load
WARNING: [Synth 8-7129] Port sacefpd_aruser[7] in module zynq_ultra_ps_e_v3_4_1_zynq_ultra_ps_e is either unconnected or has no load
WARNING: [Synth 8-7129] Port sacefpd_aruser[6] in module zynq_ultra_ps_e_v3_4_1_zynq_ultra_ps_e is either unconnected or has no load
WARNING: [Synth 8-7129] Port test_adc_clk[3] in module zynq_ultra_ps_e_v3_4_1_zynq_ultra_ps_e is either unconnected or has no load
WARNING: [Synth 8-7129] Port test_adc_clk[2] in module zynq_ultra_ps_e_v3_4_1_zynq_ultra_ps_e is either unconnected or has no load
WARNING: [Synth 8-7129] Port test_adc_clk[1] in module zynq_ultra_ps_e_v3_4_1_zynq_ultra_ps_e is either unconnected or has no load
WARNING: [Synth 8-7129] Port test_adc_clk[0] in module zynq_ultra_ps_e_v3_4_1_zynq_ultra_ps_e is either unconnected or has no load
WARNING: [Synth 8-7129] Port test_adc_in[31] in module zynq_ultra_ps_e_v3_4_1_zynq_ultra_ps_e is either unconnected or has no load
WARNING: [Synth 8-7129] Port test_adc_in[30] in module zynq_ultra_ps_e_v3_4_1_zynq_ultra_ps_e is either unconnected or has no load
WARNING: [Synth 8-7129] Port test_adc_in[29] in module zynq_ultra_ps_e_v3_4_1_zynq_ultra_ps_e is either unconnected or has no load
WARNING: [Synth 8-7129] Port test_adc_in[28] in module zynq_ultra_ps_e_v3_4_1_zynq_ultra_ps_e is either unconnected or has no load
WARNING: [Synth 8-7129] Port test_adc_in[27] in module zynq_ultra_ps_e_v3_4_1_zynq_ultra_ps_e is either unconnected or has no load
WARNING: [Synth 8-7129] Port test_adc_in[26] in module zynq_ultra_ps_e_v3_4_1_zynq_ultra_ps_e is either unconnected or has no load
WARNING: [Synth 8-7129] Port test_adc_in[25] in module zynq_ultra_ps_e_v3_4_1_zynq_ultra_ps_e is either unconnected or has no load
WARNING: [Synth 8-7129] Port test_adc_in[24] in module zynq_ultra_ps_e_v3_4_1_zynq_ultra_ps_e is either unconnected or has no load
WARNING: [Synth 8-7129] Port test_adc_in[23] in module zynq_ultra_ps_e_v3_4_1_zynq_ultra_ps_e is either unconnected or has no load
WARNING: [Synth 8-7129] Port test_adc_in[22] in module zynq_ultra_ps_e_v3_4_1_zynq_ultra_ps_e is either unconnected or has no load
WARNING: [Synth 8-7129] Port test_adc_in[21] in module zynq_ultra_ps_e_v3_4_1_zynq_ultra_ps_e is either unconnected or has no load
WARNING: [Synth 8-7129] Port test_adc_in[20] in module zynq_ultra_ps_e_v3_4_1_zynq_ultra_ps_e is either unconnected or has no load
WARNING: [Synth 8-7129] Port test_adc_in[19] in module zynq_ultra_ps_e_v3_4_1_zynq_ultra_ps_e is either unconnected or has no load
WARNING: [Synth 8-7129] Port test_adc_in[18] in module zynq_ultra_ps_e_v3_4_1_zynq_ultra_ps_e is either unconnected or has no load
WARNING: [Synth 8-7129] Port test_adc_in[17] in module zynq_ultra_ps_e_v3_4_1_zynq_ultra_ps_e is either unconnected or has no load
WARNING: [Synth 8-7129] Port test_adc_in[16] in module zynq_ultra_ps_e_v3_4_1_zynq_ultra_ps_e is either unconnected or has no load
WARNING: [Synth 8-7129] Port test_adc_in[15] in module zynq_ultra_ps_e_v3_4_1_zynq_ultra_ps_e is either unconnected or has no load
WARNING: [Synth 8-7129] Port test_adc_in[14] in module zynq_ultra_ps_e_v3_4_1_zynq_ultra_ps_e is either unconnected or has no load
WARNING: [Synth 8-7129] Port test_adc_in[13] in module zynq_ultra_ps_e_v3_4_1_zynq_ultra_ps_e is either unconnected or has no load
WARNING: [Synth 8-7129] Port test_adc_in[12] in module zynq_ultra_ps_e_v3_4_1_zynq_ultra_ps_e is either unconnected or has no load
WARNING: [Synth 8-7129] Port test_adc_in[11] in module zynq_ultra_ps_e_v3_4_1_zynq_ultra_ps_e is either unconnected or has no load
WARNING: [Synth 8-7129] Port test_adc_in[10] in module zynq_ultra_ps_e_v3_4_1_zynq_ultra_ps_e is either unconnected or has no load
WARNING: [Synth 8-7129] Port test_adc_in[9] in module zynq_ultra_ps_e_v3_4_1_zynq_ultra_ps_e is either unconnected or has no load
WARNING: [Synth 8-7129] Port test_adc_in[8] in module zynq_ultra_ps_e_v3_4_1_zynq_ultra_ps_e is either unconnected or has no load
WARNING: [Synth 8-7129] Port test_adc_in[7] in module zynq_ultra_ps_e_v3_4_1_zynq_ultra_ps_e is either unconnected or has no load
WARNING: [Synth 8-7129] Port test_adc_in[6] in module zynq_ultra_ps_e_v3_4_1_zynq_ultra_ps_e is either unconnected or has no load
WARNING: [Synth 8-7129] Port test_adc_in[5] in module zynq_ultra_ps_e_v3_4_1_zynq_ultra_ps_e is either unconnected or has no load
WARNING: [Synth 8-7129] Port test_adc_in[4] in module zynq_ultra_ps_e_v3_4_1_zynq_ultra_ps_e is either unconnected or has no load
WARNING: [Synth 8-7129] Port test_adc_in[3] in module zynq_ultra_ps_e_v3_4_1_zynq_ultra_ps_e is either unconnected or has no load
WARNING: [Synth 8-7129] Port test_adc_in[2] in module zynq_ultra_ps_e_v3_4_1_zynq_ultra_ps_e is either unconnected or has no load
WARNING: [Synth 8-7129] Port test_adc_in[1] in module zynq_ultra_ps_e_v3_4_1_zynq_ultra_ps_e is either unconnected or has no load
WARNING: [Synth 8-7129] Port test_adc_in[0] in module zynq_ultra_ps_e_v3_4_1_zynq_ultra_ps_e is either unconnected or has no load
WARNING: [Synth 8-7129] Port test_adc2_in[31] in module zynq_ultra_ps_e_v3_4_1_zynq_ultra_ps_e is either unconnected or has no load
WARNING: [Synth 8-7129] Port test_adc2_in[30] in module zynq_ultra_ps_e_v3_4_1_zynq_ultra_ps_e is either unconnected or has no load
WARNING: [Synth 8-7129] Port test_adc2_in[29] in module zynq_ultra_ps_e_v3_4_1_zynq_ultra_ps_e is either unconnected or has no load
WARNING: [Synth 8-7129] Port test_adc2_in[28] in module zynq_ultra_ps_e_v3_4_1_zynq_ultra_ps_e is either unconnected or has no load
WARNING: [Synth 8-7129] Port test_adc2_in[27] in module zynq_ultra_ps_e_v3_4_1_zynq_ultra_ps_e is either unconnected or has no load
WARNING: [Synth 8-7129] Port test_adc2_in[26] in module zynq_ultra_ps_e_v3_4_1_zynq_ultra_ps_e is either unconnected or has no load
WARNING: [Synth 8-7129] Port test_adc2_in[25] in module zynq_ultra_ps_e_v3_4_1_zynq_ultra_ps_e is either unconnected or has no load
WARNING: [Synth 8-7129] Port test_adc2_in[24] in module zynq_ultra_ps_e_v3_4_1_zynq_ultra_ps_e is either unconnected or has no load
WARNING: [Synth 8-7129] Port test_adc2_in[23] in module zynq_ultra_ps_e_v3_4_1_zynq_ultra_ps_e is either unconnected or has no load
WARNING: [Synth 8-7129] Port test_adc2_in[22] in module zynq_ultra_ps_e_v3_4_1_zynq_ultra_ps_e is either unconnected or has no load
WARNING: [Synth 8-7129] Port test_adc2_in[21] in module zynq_ultra_ps_e_v3_4_1_zynq_ultra_ps_e is either unconnected or has no load
WARNING: [Synth 8-7129] Port test_adc2_in[20] in module zynq_ultra_ps_e_v3_4_1_zynq_ultra_ps_e is either unconnected or has no load
WARNING: [Synth 8-7129] Port test_adc2_in[19] in module zynq_ultra_ps_e_v3_4_1_zynq_ultra_ps_e is either unconnected or has no load
WARNING: [Synth 8-7129] Port test_adc2_in[18] in module zynq_ultra_ps_e_v3_4_1_zynq_ultra_ps_e is either unconnected or has no load
WARNING: [Synth 8-7129] Port test_adc2_in[17] in module zynq_ultra_ps_e_v3_4_1_zynq_ultra_ps_e is either unconnected or has no load
WARNING: [Synth 8-7129] Port test_adc2_in[16] in module zynq_ultra_ps_e_v3_4_1_zynq_ultra_ps_e is either unconnected or has no load
WARNING: [Synth 8-7129] Port test_adc2_in[15] in module zynq_ultra_ps_e_v3_4_1_zynq_ultra_ps_e is either unconnected or has no load
WARNING: [Synth 8-7129] Port test_adc2_in[14] in module zynq_ultra_ps_e_v3_4_1_zynq_ultra_ps_e is either unconnected or has no load
WARNING: [Synth 8-7129] Port test_adc2_in[13] in module zynq_ultra_ps_e_v3_4_1_zynq_ultra_ps_e is either unconnected or has no load
WARNING: [Synth 8-7129] Port test_adc2_in[12] in module zynq_ultra_ps_e_v3_4_1_zynq_ultra_ps_e is either unconnected or has no load
WARNING: [Synth 8-7129] Port test_adc2_in[11] in module zynq_ultra_ps_e_v3_4_1_zynq_ultra_ps_e is either unconnected or has no load
WARNING: [Synth 8-7129] Port test_adc2_in[10] in module zynq_ultra_ps_e_v3_4_1_zynq_ultra_ps_e is either unconnected or has no load
WARNING: [Synth 8-7129] Port test_adc2_in[9] in module zynq_ultra_ps_e_v3_4_1_zynq_ultra_ps_e is either unconnected or has no load
WARNING: [Synth 8-7129] Port test_adc2_in[8] in module zynq_ultra_ps_e_v3_4_1_zynq_ultra_ps_e is either unconnected or has no load
WARNING: [Synth 8-7129] Port test_adc2_in[7] in module zynq_ultra_ps_e_v3_4_1_zynq_ultra_ps_e is either unconnected or has no load
INFO: [Common 17-14] Message 'Synth 8-7129' appears 100 times and further instances of the messages will be disabled. Use the Tcl command set_msg_config to change the current settings.
---------------------------------------------------------------------------------
Finished RTL Elaboration : Time (s): cpu = 00:00:58 ; elapsed = 00:01:05 . Memory (MB): peak = 2450.688 ; gain = 974.465
---------------------------------------------------------------------------------
---------------------------------------------------------------------------------
Start Handling Custom Attributes
---------------------------------------------------------------------------------
---------------------------------------------------------------------------------
Finished Handling Custom Attributes : Time (s): cpu = 00:00:59 ; elapsed = 00:01:06 . Memory (MB): peak = 2450.688 ; gain = 974.465
---------------------------------------------------------------------------------
---------------------------------------------------------------------------------
Finished RTL Optimization Phase 1 : Time (s): cpu = 00:00:59 ; elapsed = 00:01:06 . Memory (MB): peak = 2450.688 ; gain = 974.465
---------------------------------------------------------------------------------
Netlist sorting complete. Time (s): cpu = 00:00:07 ; elapsed = 00:00:07 . Memory (MB): peak = 2737.801 ; gain = 11.266
INFO: [Netlist 29-17] Analyzing 47 Unisim elements for replacement
INFO: [Netlist 29-28] Unisim Transformation completed in 0 CPU seconds
INFO: [Project 1-570] Preparing netlist for logic optimization

Processing XDC Constraints
Initializing timing engine
Parsing XDC File [d:/FPGA/Vivaldo Project/kr260_experiments/12_axis_dma_complex_mixer_nco/12_axis_dma_complex_mixer_nco.gen/sources_1/bd/mixer_nco/ip/mixer_nco_zynq_ultra_ps_e_0_0/mixer_nco_zynq_ultra_ps_e_0_0.xdc] for cell 'mixer_nco_i/zynq_ultra_ps_e_0/inst'
Finished Parsing XDC File [d:/FPGA/Vivaldo Project/kr260_experiments/12_axis_dma_complex_mixer_nco/12_axis_dma_complex_mixer_nco.gen/sources_1/bd/mixer_nco/ip/mixer_nco_zynq_ultra_ps_e_0_0/mixer_nco_zynq_ultra_ps_e_0_0.xdc] for cell 'mixer_nco_i/zynq_ultra_ps_e_0/inst'
Parsing XDC File [d:/FPGA/Vivaldo Project/kr260_experiments/12_axis_dma_complex_mixer_nco/12_axis_dma_complex_mixer_nco.gen/sources_1/bd/mixer_nco/ip/mixer_nco_proc_sys_reset_0_0/mixer_nco_proc_sys_reset_0_0_board.xdc] for cell 'mixer_nco_i/proc_sys_reset_0/U0'
Finished Parsing XDC File [d:/FPGA/Vivaldo Project/kr260_experiments/12_axis_dma_complex_mixer_nco/12_axis_dma_complex_mixer_nco.gen/sources_1/bd/mixer_nco/ip/mixer_nco_proc_sys_reset_0_0/mixer_nco_proc_sys_reset_0_0_board.xdc] for cell 'mixer_nco_i/proc_sys_reset_0/U0'
Parsing XDC File [d:/FPGA/Vivaldo Project/kr260_experiments/12_axis_dma_complex_mixer_nco/12_axis_dma_complex_mixer_nco.gen/sources_1/bd/mixer_nco/ip/mixer_nco_proc_sys_reset_0_0/mixer_nco_proc_sys_reset_0_0.xdc] for cell 'mixer_nco_i/proc_sys_reset_0/U0'
Finished Parsing XDC File [d:/FPGA/Vivaldo Project/kr260_experiments/12_axis_dma_complex_mixer_nco/12_axis_dma_complex_mixer_nco.gen/sources_1/bd/mixer_nco/ip/mixer_nco_proc_sys_reset_0_0/mixer_nco_proc_sys_reset_0_0.xdc] for cell 'mixer_nco_i/proc_sys_reset_0/U0'
Parsing XDC File [d:/FPGA/Vivaldo Project/kr260_experiments/12_axis_dma_complex_mixer_nco/12_axis_dma_complex_mixer_nco.gen/sources_1/bd/mixer_nco/ip/mixer_nco_smartconnect_0_0/bd_0/ip/ip_1/bd_f3b5_psr_aclk_0_board.xdc] for cell 'mixer_nco_i/smartconnect_0/inst/clk_map/psr_aclk/U0'
Finished Parsing XDC File [d:/FPGA/Vivaldo Project/kr260_experiments/12_axis_dma_complex_mixer_nco/12_axis_dma_complex_mixer_nco.gen/sources_1/bd/mixer_nco/ip/mixer_nco_smartconnect_0_0/bd_0/ip/ip_1/bd_f3b5_psr_aclk_0_board.xdc] for cell 'mixer_nco_i/smartconnect_0/inst/clk_map/psr_aclk/U0'
Parsing XDC File [d:/FPGA/Vivaldo Project/kr260_experiments/12_axis_dma_complex_mixer_nco/12_axis_dma_complex_mixer_nco.gen/sources_1/bd/mixer_nco/ip/mixer_nco_smartconnect_0_0/bd_0/ip/ip_1/bd_f3b5_psr_aclk_0.xdc] for cell 'mixer_nco_i/smartconnect_0/inst/clk_map/psr_aclk/U0'
Finished Parsing XDC File [d:/FPGA/Vivaldo Project/kr260_experiments/12_axis_dma_complex_mixer_nco/12_axis_dma_complex_mixer_nco.gen/sources_1/bd/mixer_nco/ip/mixer_nco_smartconnect_0_0/bd_0/ip/ip_1/bd_f3b5_psr_aclk_0.xdc] for cell 'mixer_nco_i/smartconnect_0/inst/clk_map/psr_aclk/U0'
Parsing XDC File [d:/FPGA/Vivaldo Project/kr260_experiments/12_axis_dma_complex_mixer_nco/12_axis_dma_complex_mixer_nco.gen/sources_1/bd/mixer_nco/ip/mixer_nco_axi_dma_0_0/mixer_nco_axi_dma_0_0.xdc] for cell 'mixer_nco_i/axi_dma_0/U0'
Finished Parsing XDC File [d:/FPGA/Vivaldo Project/kr260_experiments/12_axis_dma_complex_mixer_nco/12_axis_dma_complex_mixer_nco.gen/sources_1/bd/mixer_nco/ip/mixer_nco_axi_dma_0_0/mixer_nco_axi_dma_0_0.xdc] for cell 'mixer_nco_i/axi_dma_0/U0'
INFO: [Project 1-236] Implementation specific constraints were found while reading constraint file [d:/FPGA/Vivaldo Project/kr260_experiments/12_axis_dma_complex_mixer_nco/12_axis_dma_complex_mixer_nco.gen/sources_1/bd/mixer_nco/ip/mixer_nco_axi_dma_0_0/mixer_nco_axi_dma_0_0.xdc]. These constraints will be ignored for synthesis but will be used in implementation. Impacted constraints are listed in the file [.Xil/mixer_nco_wrapper_propImpl.xdc].
Resolution: To avoid this warning, move constraints listed in [.Xil/mixer_nco_wrapper_propImpl.xdc] to another XDC file and exclude this new file from synthesis with the used_in_synthesis property (File Properties dialog in GUI) and re-run elaboration/synthesis.
Parsing XDC File [D:/FPGA/Vivaldo Project/kr260_experiments/12_axis_dma_complex_mixer_nco/12_axis_dma_complex_mixer_nco.runs/synth_1/dont_touch.xdc]
Finished Parsing XDC File [D:/FPGA/Vivaldo Project/kr260_experiments/12_axis_dma_complex_mixer_nco/12_axis_dma_complex_mixer_nco.runs/synth_1/dont_touch.xdc]
INFO: [Project 1-236] Implementation specific constraints were found while reading constraint file [D:/FPGA/Vivaldo Project/kr260_experiments/12_axis_dma_complex_mixer_nco/12_axis_dma_complex_mixer_nco.runs/synth_1/dont_touch.xdc]. These constraints will be ignored for synthesis but will be used in implementation. Impacted constraints are listed in the file [.Xil/mixer_nco_wrapper_propImpl.xdc].
Resolution: To avoid this warning, move constraints listed in [.Xil/mixer_nco_wrapper_propImpl.xdc] to another XDC file and exclude this new file from synthesis with the used_in_synthesis property (File Properties dialog in GUI) and re-run elaboration/synthesis.
Parsing XDC File [d:/FPGA/Vivaldo Project/kr260_experiments/12_axis_dma_complex_mixer_nco/12_axis_dma_complex_mixer_nco.gen/sources_1/bd/mixer_nco/ip/mixer_nco_axi_dma_0_0/mixer_nco_axi_dma_0_0_clocks.xdc] for cell 'mixer_nco_i/axi_dma_0/U0'
Finished Parsing XDC File [d:/FPGA/Vivaldo Project/kr260_experiments/12_axis_dma_complex_mixer_nco/12_axis_dma_complex_mixer_nco.gen/sources_1/bd/mixer_nco/ip/mixer_nco_axi_dma_0_0/mixer_nco_axi_dma_0_0_clocks.xdc] for cell 'mixer_nco_i/axi_dma_0/U0'
INFO: [Project 1-236] Implementation specific constraints were found while reading constraint file [D:/Xilinx/Vivado/2022.2/data/ip/xpm/xpm_fifo/tcl/xpm_fifo_rst.tcl]. These constraints will be ignored for synthesis but will be used in implementation. Impacted constraints are listed in the file [.Xil/mixer_nco_wrapper_propImpl.xdc].
Resolution: To avoid this warning, move constraints listed in [.Xil/mixer_nco_wrapper_propImpl.xdc] to another XDC file and exclude this new file from synthesis with the used_in_synthesis property (File Properties dialog in GUI) and re-run elaboration/synthesis.
INFO: [Project 1-236] Implementation specific constraints were found while reading constraint file [D:/Xilinx/Vivado/2022.2/data/ip/xpm/xpm_memory/tcl/xpm_memory_xdc.tcl]. These constraints will be ignored for synthesis but will be used in implementation. Impacted constraints are listed in the file [.Xil/mixer_nco_wrapper_propImpl.xdc].
Resolution: To avoid this warning, move constraints listed in [.Xil/mixer_nco_wrapper_propImpl.xdc] to another XDC file and exclude this new file from synthesis with the used_in_synthesis property (File Properties dialog in GUI) and re-run elaboration/synthesis.
INFO: [Project 1-1714] 100 XPM XDC files have been applied to the design.
Completed Processing XDC Constraints

Netlist sorting complete. Time (s): cpu = 00:00:00 ; elapsed = 00:00:00.109 . Memory (MB): peak = 3328.102 ; gain = 0.000
INFO: [Project 1-111] Unisim Transformation Summary:
  A total of 43 instances were transformed.
  FDR => FDRE: 37 instances
  MUXCY_L => MUXCY: 4 instances
  SRL16 => SRL16E: 2 instances

Constraint Validation Runtime : Time (s): cpu = 00:00:02 ; elapsed = 00:00:02 . Memory (MB): peak = 3328.102 ; gain = 0.000
INFO: [Designutils 20-5440] No compile time benefit to using incremental synthesis; A full resynthesis will be run
INFO: [Designutils 20-4379] Flow is switching to default flow due to incremental criteria not met. If you would like to alter this behaviour and have the flow terminate instead, please set the following parameter config_implementation {autoIncr.Synth.RejectBehavior Terminate}
INFO: [Synth 8-11241] undeclared symbol 'REGCCE', assumed default net type 'wire' [D:/Xilinx/Vivado/2022.2/data/verilog/src/unimacro/BRAM_SINGLE_MACRO.v:2170]
---------------------------------------------------------------------------------
Finished Constraint Validation : Time (s): cpu = 00:02:24 ; elapsed = 00:02:30 . Memory (MB): peak = 3329.254 ; gain = 1853.031
---------------------------------------------------------------------------------
---------------------------------------------------------------------------------
Start Loading Part and Timing Information
---------------------------------------------------------------------------------
Loading part: xck26-sfvc784-2LV-c
INFO: [Synth 8-6742] Reading net delay rules and data
---------------------------------------------------------------------------------
Finished Loading Part and Timing Information : Time (s): cpu = 00:02:24 ; elapsed = 00:02:30 . Memory (MB): peak = 3329.254 ; gain = 1853.031
---------------------------------------------------------------------------------
---------------------------------------------------------------------------------
Start Applying 'set_property' XDC Constraints
---------------------------------------------------------------------------------
Applied set_property DONT_TOUCH = true for mixer_nco_i/zynq_ultra_ps_e_0/inst/PS8_i. (constraint file  {d:/FPGA/Vivaldo Project/kr260_experiments/12_axis_dma_complex_mixer_nco/12_axis_dma_complex_mixer_nco.gen/sources_1/bd/mixer_nco/ip/mixer_nco_zynq_ultra_ps_e_0_0/mixer_nco_zynq_ultra_ps_e_0_0.xdc}, line 26).
Applied set_property KEEP_HIERARCHY = SOFT for mixer_nco_i/zynq_ultra_ps_e_0/inst. (constraint file  {D:/FPGA/Vivaldo Project/kr260_experiments/12_axis_dma_complex_mixer_nco/12_axis_dma_complex_mixer_nco.runs/synth_1/dont_touch.xdc}, line 163).
Applied set_property KEEP_HIERARCHY = SOFT for mixer_nco_i/proc_sys_reset_0/U0. (constraint file  {D:/FPGA/Vivaldo Project/kr260_experiments/12_axis_dma_complex_mixer_nco/12_axis_dma_complex_mixer_nco.runs/synth_1/dont_touch.xdc}, line 166).
Applied set_property KEEP_HIERARCHY = SOFT for mixer_nco_i/axi_dma_0/U0. (constraint file  {D:/FPGA/Vivaldo Project/kr260_experiments/12_axis_dma_complex_mixer_nco/12_axis_dma_complex_mixer_nco.runs/synth_1/dont_touch.xdc}, line 242).
Applied set_property KEEP_HIERARCHY = SOFT for mixer_nco_i. (constraint file  auto generated constraint).
Applied set_property KEEP_HIERARCHY = SOFT for mixer_nco_i/zynq_ultra_ps_e_0. (constraint file  auto generated constraint).
Applied set_property KEEP_HIERARCHY = SOFT for mixer_nco_i/proc_sys_reset_0. (constraint file  auto generated constraint).
Applied set_property KEEP_HIERARCHY = SOFT for mixer_nco_i/smartconnect_0. (constraint file  auto generated constraint).
Applied set_property KEEP_HIERARCHY = SOFT for mixer_nco_i/axi_bram_ctrl_0. (constraint file  auto generated constraint).
Applied set_property KEEP_HIERARCHY = SOFT for mixer_nco_i/blk_mem_gen_0. (constraint file  auto generated constraint).
Applied set_property KEEP_HIERARCHY = SOFT for mixer_nco_i/axi_dma_0. (constraint file  auto generated constraint).
Applied set_property KEEP_HIERARCHY = SOFT for mixer_nco_i/axis_complex_mixer_f_0. (constraint file  auto generated constraint).
Applied set_property KEEP_HIERARCHY = SOFT for mixer_nco_i/smartconnect_0/inst/m00_nodes/m00_ar_node/inst/m_sc_xpm_cdc_async_rst_inst. (constraint file  auto generated constraint).
Applied set_property KEEP_HIERARCHY = SOFT for mixer_nco_i/smartconnect_0/inst/m00_nodes/m00_aw_node/inst/m_sc_xpm_cdc_async_rst_inst. (constraint file  auto generated constraint).
Applied set_property KEEP_HIERARCHY = SOFT for mixer_nco_i/smartconnect_0/inst/m00_nodes/m00_b_node/inst/m_sc_xpm_cdc_async_rst_inst. (constraint file  auto generated constraint).
Applied set_property KEEP_HIERARCHY = SOFT for mixer_nco_i/smartconnect_0/inst/m00_nodes/m00_r_node/inst/m_sc_xpm_cdc_async_rst_inst. (constraint file  auto generated constraint).
Applied set_property KEEP_HIERARCHY = SOFT for mixer_nco_i/smartconnect_0/inst/m00_nodes/m00_w_node/inst/m_sc_xpm_cdc_async_rst_inst. (constraint file  auto generated constraint).
Applied set_property KEEP_HIERARCHY = SOFT for mixer_nco_i/smartconnect_0/inst/m01_nodes/m01_ar_node/inst/m_sc_xpm_cdc_async_rst_inst. (constraint file  auto generated constraint).
Applied set_property KEEP_HIERARCHY = SOFT for mixer_nco_i/smartconnect_0/inst/m01_nodes/m01_aw_node/inst/m_sc_xpm_cdc_async_rst_inst. (constraint file  auto generated constraint).
Applied set_property KEEP_HIERARCHY = SOFT for mixer_nco_i/smartconnect_0/inst/m01_nodes/m01_b_node/inst/m_sc_xpm_cdc_async_rst_inst. (constraint file  auto generated constraint).
Applied set_property KEEP_HIERARCHY = SOFT for mixer_nco_i/smartconnect_0/inst/m01_nodes/m01_r_node/inst/m_sc_xpm_cdc_async_rst_inst. (constraint file  auto generated constraint).
Applied set_property KEEP_HIERARCHY = SOFT for mixer_nco_i/smartconnect_0/inst/m01_nodes/m01_w_node/inst/m_sc_xpm_cdc_async_rst_inst. (constraint file  auto generated constraint).
Applied set_property KEEP_HIERARCHY = SOFT for mixer_nco_i/smartconnect_0/inst/s00_nodes/s00_ar_node/inst/m_sc_xpm_cdc_async_rst_inst. (constraint file  auto generated constraint).
Applied set_property KEEP_HIERARCHY = SOFT for mixer_nco_i/smartconnect_0/inst/s00_nodes/s00_aw_node/inst/m_sc_xpm_cdc_async_rst_inst. (constraint file  auto generated constraint).
Applied set_property KEEP_HIERARCHY = SOFT for mixer_nco_i/smartconnect_0/inst/s00_nodes/s00_b_node/inst/m_sc_xpm_cdc_async_rst_inst. (constraint file  auto generated constraint).
Applied set_property KEEP_HIERARCHY = SOFT for mixer_nco_i/smartconnect_0/inst/s00_nodes/s00_r_node/inst/m_sc_xpm_cdc_async_rst_inst. (constraint file  auto generated constraint).
Applied set_property KEEP_HIERARCHY = SOFT for mixer_nco_i/smartconnect_0/inst/s00_nodes/s00_w_node/inst/m_sc_xpm_cdc_async_rst_inst. (constraint file  auto generated constraint).
Applied set_property KEEP_HIERARCHY = SOFT for mixer_nco_i/smartconnect_0/inst/s01_nodes/s01_ar_node/inst/m_sc_xpm_cdc_async_rst_inst. (constraint file  auto generated constraint).
Applied set_property KEEP_HIERARCHY = SOFT for mixer_nco_i/smartconnect_0/inst/s01_nodes/s01_r_node/inst/m_sc_xpm_cdc_async_rst_inst. (constraint file  auto generated constraint).
Applied set_property KEEP_HIERARCHY = SOFT for mixer_nco_i/smartconnect_0/inst/s02_nodes/s02_aw_node/inst/m_sc_xpm_cdc_async_rst_inst. (constraint file  auto generated constraint).
Applied set_property KEEP_HIERARCHY = SOFT for mixer_nco_i/smartconnect_0/inst/s02_nodes/s02_b_node/inst/m_sc_xpm_cdc_async_rst_inst. (constraint file  auto generated constraint).
Applied set_property KEEP_HIERARCHY = SOFT for mixer_nco_i/smartconnect_0/inst/s02_nodes/s02_w_node/inst/m_sc_xpm_cdc_async_rst_inst. (constraint file  auto generated constraint).
Applied set_property KEEP_HIERARCHY = SOFT for mixer_nco_i/smartconnect_0/inst/m00_nodes/m00_ar_node/inst/s_sc_xpm_cdc_async_rst_inst. (constraint file  auto generated constraint).
Applied set_property KEEP_HIERARCHY = SOFT for mixer_nco_i/smartconnect_0/inst/m00_nodes/m00_aw_node/inst/s_sc_xpm_cdc_async_rst_inst. (constraint file  auto generated constraint).
Applied set_property KEEP_HIERARCHY = SOFT for mixer_nco_i/smartconnect_0/inst/m00_nodes/m00_b_node/inst/s_sc_xpm_cdc_async_rst_inst. (constraint file  auto generated constraint).
Applied set_property KEEP_HIERARCHY = SOFT for mixer_nco_i/smartconnect_0/inst/m00_nodes/m00_r_node/inst/s_sc_xpm_cdc_async_rst_inst. (constraint file  auto generated constraint).
Applied set_property KEEP_HIERARCHY = SOFT for mixer_nco_i/smartconnect_0/inst/m00_nodes/m00_w_node/inst/s_sc_xpm_cdc_async_rst_inst. (constraint file  auto generated constraint).
Applied set_property KEEP_HIERARCHY = SOFT for mixer_nco_i/smartconnect_0/inst/m01_nodes/m01_ar_node/inst/s_sc_xpm_cdc_async_rst_inst. (constraint file  auto generated constraint).
Applied set_property KEEP_HIERARCHY = SOFT for mixer_nco_i/smartconnect_0/inst/m01_nodes/m01_aw_node/inst/s_sc_xpm_cdc_async_rst_inst. (constraint file  auto generated constraint).
Applied set_property KEEP_HIERARCHY = SOFT for mixer_nco_i/smartconnect_0/inst/m01_nodes/m01_b_node/inst/s_sc_xpm_cdc_async_rst_inst. (constraint file  auto generated constraint).
Applied set_property KEEP_HIERARCHY = SOFT for mixer_nco_i/smartconnect_0/inst/m01_nodes/m01_r_node/inst/s_sc_xpm_cdc_async_rst_inst. (constraint file  auto generated constraint).
Applied set_property KEEP_HIERARCHY = SOFT for mixer_nco_i/smartconnect_0/inst/m01_nodes/m01_w_node/inst/s_sc_xpm_cdc_async_rst_inst. (constraint file  auto generated constraint).
Applied set_property KEEP_HIERARCHY = SOFT for mixer_nco_i/smartconnect_0/inst/s00_nodes/s00_ar_node/inst/s_sc_xpm_cdc_async_rst_inst. (constraint file  auto generated constraint).
Applied set_property KEEP_HIERARCHY = SOFT for mixer_nco_i/smartconnect_0/inst/s00_nodes/s00_aw_node/inst/s_sc_xpm_cdc_async_rst_inst. (constraint file  auto generated constraint).
Applied set_property KEEP_HIERARCHY = SOFT for mixer_nco_i/smartconnect_0/inst/s00_nodes/s00_b_node/inst/s_sc_xpm_cdc_async_rst_inst. (constraint file  auto generated constraint).
Applied set_property KEEP_HIERARCHY = SOFT for mixer_nco_i/smartconnect_0/inst/s00_nodes/s00_r_node/inst/s_sc_xpm_cdc_async_rst_inst. (constraint file  auto generated constraint).
Applied set_property KEEP_HIERARCHY = SOFT for mixer_nco_i/smartconnect_0/inst/s00_nodes/s00_w_node/inst/s_sc_xpm_cdc_async_rst_inst. (constraint file  auto generated constraint).
Applied set_property KEEP_HIERARCHY = SOFT for mixer_nco_i/smartconnect_0/inst/s01_nodes/s01_ar_node/inst/s_sc_xpm_cdc_async_rst_inst. (constraint file  auto generated constraint).
Applied set_property KEEP_HIERARCHY = SOFT for mixer_nco_i/smartconnect_0/inst/s01_nodes/s01_r_node/inst/s_sc_xpm_cdc_async_rst_inst. (constraint file  auto generated constraint).
Applied set_property KEEP_HIERARCHY = SOFT for mixer_nco_i/smartconnect_0/inst/s02_nodes/s02_aw_node/inst/s_sc_xpm_cdc_async_rst_inst. (constraint file  auto generated constraint).
Applied set_property KEEP_HIERARCHY = SOFT for mixer_nco_i/smartconnect_0/inst/s02_nodes/s02_b_node/inst/s_sc_xpm_cdc_async_rst_inst. (constraint file  auto generated constraint).
Applied set_property KEEP_HIERARCHY = SOFT for mixer_nco_i/smartconnect_0/inst/s02_nodes/s02_w_node/inst/s_sc_xpm_cdc_async_rst_inst. (constraint file  auto generated constraint).
Applied set_property KEEP_HIERARCHY = SOFT for mixer_nco_i/smartconnect_0/inst/m00_exit_pipeline/m00_exit/inst/xpm_cdc_async_rst_inst. (constraint file  auto generated constraint).
Applied set_property KEEP_HIERARCHY = SOFT for mixer_nco_i/smartconnect_0/inst/m01_exit_pipeline/m01_exit/inst/xpm_cdc_async_rst_inst. (constraint file  auto generated constraint).
Applied set_property KEEP_HIERARCHY = SOFT for mixer_nco_i/smartconnect_0/inst/s00_entry_pipeline/s00_mmu/inst/xpm_cdc_async_rst_inst. (constraint file  auto generated constraint).
Applied set_property KEEP_HIERARCHY = SOFT for mixer_nco_i/smartconnect_0/inst/s00_entry_pipeline/s00_si_converter/inst/xpm_cdc_async_rst_inst. (constraint file  auto generated constraint).
Applied set_property KEEP_HIERARCHY = SOFT for mixer_nco_i/smartconnect_0/inst/s00_entry_pipeline/s00_transaction_regulator/inst/xpm_cdc_async_rst_inst. (constraint file  auto generated constraint).
Applied set_property KEEP_HIERARCHY = SOFT for mixer_nco_i/smartconnect_0/inst/s01_entry_pipeline/s01_mmu/inst/xpm_cdc_async_rst_inst. (constraint file  auto generated constraint).
Applied set_property KEEP_HIERARCHY = SOFT for mixer_nco_i/smartconnect_0/inst/s01_entry_pipeline/s01_si_converter/inst/xpm_cdc_async_rst_inst. (constraint file  auto generated constraint).
Applied set_property KEEP_HIERARCHY = SOFT for mixer_nco_i/smartconnect_0/inst/s01_entry_pipeline/s01_transaction_regulator/inst/xpm_cdc_async_rst_inst. (constraint file  auto generated constraint).
Applied set_property KEEP_HIERARCHY = SOFT for mixer_nco_i/smartconnect_0/inst/s02_entry_pipeline/s02_mmu/inst/xpm_cdc_async_rst_inst. (constraint file  auto generated constraint).
Applied set_property KEEP_HIERARCHY = SOFT for mixer_nco_i/smartconnect_0/inst/s02_entry_pipeline/s02_si_converter/inst/xpm_cdc_async_rst_inst. (constraint file  auto generated constraint).
Applied set_property KEEP_HIERARCHY = SOFT for mixer_nco_i/smartconnect_0/inst/s02_entry_pipeline/s02_transaction_regulator/inst/xpm_cdc_async_rst_inst. (constraint file  auto generated constraint).
Applied set_property KEEP_HIERARCHY = SOFT for mixer_nco_i/axi_dma_0/U0/I_PRMRY_DATAMOVER/\GEN_MM2S_FULL.I_MM2S_FULL_WRAPPER /\GEN_INCLUDE_MM2S_SF.I_RD_SF /I_DATA_FIFO/\BLK_MEM.I_SYNC_FIFOGEN_FIFO /\xpm_fifo_instance.xpm_fifo_sync_inst . (constraint file  auto generated constraint).
Applied set_property KEEP_HIERARCHY = SOFT for mixer_nco_i/axi_dma_0/U0/I_PRMRY_DATAMOVER/\GEN_S2MM_FULL.I_S2MM_FULL_WRAPPER /\GEN_ENABLE_INDET_BTT_SF.I_INDET_BTT /I_DATA_FIFO/\BLK_MEM.I_SYNC_FIFOGEN_FIFO /\xpm_fifo_instance.xpm_fifo_sync_inst . (constraint file  auto generated constraint).
Applied set_property KEEP_HIERARCHY = SOFT for mixer_nco_i/axi_dma_0/U0/I_PRMRY_DATAMOVER/\GEN_S2MM_FULL.I_S2MM_FULL_WRAPPER /\GEN_ENABLE_INDET_BTT_SF.I_INDET_BTT /I_XD_FIFO/\NON_BLK_MEM.I_SYNC_FIFOGEN_FIFO /\xpm_fifo_instance.xpm_fifo_sync_inst . (constraint file  auto generated constraint).
Applied set_property KEEP_HIERARCHY = SOFT for mixer_nco_i/smartconnect_0/inst/m00_nodes/m00_ar_node/inst/inst_mi_handler/\gen_normal_area.gen_node_prog_full.inst_node_prog_full /\gen_xpm_memory_fifo.inst_fifo /\gen_mem_rep[0].inst_xpm_memory . (constraint file  auto generated constraint).
Applied set_property KEEP_HIERARCHY = SOFT for mixer_nco_i/smartconnect_0/inst/m00_nodes/m00_aw_node/inst/inst_mi_handler/\gen_normal_area.gen_node_prog_full.inst_node_prog_full /\gen_xpm_memory_fifo.inst_fifo /\gen_mem_rep[0].inst_xpm_memory . (constraint file  auto generated constraint).
Applied set_property KEEP_HIERARCHY = SOFT for mixer_nco_i/smartconnect_0/inst/m00_nodes/m00_w_node/inst/inst_mi_handler/\gen_normal_area.gen_node_prog_full.inst_node_prog_full /\gen_xpm_memory_fifo.inst_fifo /\gen_mem_rep[0].inst_xpm_memory . (constraint file  auto generated constraint).
Applied set_property KEEP_HIERARCHY = SOFT for mixer_nco_i/smartconnect_0/inst/m01_nodes/m01_ar_node/inst/inst_mi_handler/\gen_normal_area.gen_node_prog_full.inst_node_prog_full /\gen_xpm_memory_fifo.inst_fifo /\gen_mem_rep[0].inst_xpm_memory . (constraint file  auto generated constraint).
Applied set_property KEEP_HIERARCHY = SOFT for mixer_nco_i/smartconnect_0/inst/m01_nodes/m01_aw_node/inst/inst_mi_handler/\gen_normal_area.gen_node_prog_full.inst_node_prog_full /\gen_xpm_memory_fifo.inst_fifo /\gen_mem_rep[0].inst_xpm_memory . (constraint file  auto generated constraint).
Applied set_property KEEP_HIERARCHY = SOFT for mixer_nco_i/smartconnect_0/inst/m01_nodes/m01_w_node/inst/inst_mi_handler/\gen_normal_area.gen_node_prog_full.inst_node_prog_full /\gen_xpm_memory_fifo.inst_fifo /\gen_mem_rep[0].inst_xpm_memory . (constraint file  auto generated constraint).
Applied set_property KEEP_HIERARCHY = SOFT for mixer_nco_i/smartconnect_0/inst/s00_nodes/s00_b_node/inst/inst_mi_handler/\gen_normal_area.gen_node_prog_full.inst_node_prog_full /\gen_xpm_memory_fifo.inst_fifo /\gen_mem_rep[0].inst_xpm_memory . (constraint file  auto generated constraint).
Applied set_property KEEP_HIERARCHY = SOFT for mixer_nco_i/smartconnect_0/inst/s00_nodes/s00_r_node/inst/inst_mi_handler/\gen_normal_area.gen_node_prog_full.inst_node_prog_full /\gen_xpm_memory_fifo.inst_fifo /\gen_mem_rep[0].inst_xpm_memory . (constraint file  auto generated constraint).
Applied set_property KEEP_HIERARCHY = SOFT for mixer_nco_i/smartconnect_0/inst/s01_nodes/s01_r_node/inst/inst_mi_handler/\gen_normal_area.gen_node_prog_full.inst_node_prog_full /\gen_xpm_memory_fifo.inst_fifo /\gen_mem_rep[0].inst_xpm_memory . (constraint file  auto generated constraint).
Applied set_property KEEP_HIERARCHY = SOFT for mixer_nco_i/smartconnect_0/inst/s02_nodes/s02_b_node/inst/inst_mi_handler/\gen_normal_area.gen_node_prog_full.inst_node_prog_full /\gen_xpm_memory_fifo.inst_fifo /\gen_mem_rep[0].inst_xpm_memory . (constraint file  auto generated constraint).
Applied set_property KEEP_HIERARCHY = SOFT for mixer_nco_i/smartconnect_0/inst/m00_nodes/m00_ar_node/inst/inst_mi_handler/\gen_normal_area.inst_fifo_node_payld /\gen_xpm_memory_fifo.inst_fifo /\gen_mem_rep[0].inst_xpm_memory . (constraint file  auto generated constraint).
Applied set_property KEEP_HIERARCHY = SOFT for mixer_nco_i/smartconnect_0/inst/m00_nodes/m00_aw_node/inst/inst_mi_handler/\gen_normal_area.inst_fifo_node_payld /\gen_xpm_memory_fifo.inst_fifo /\gen_mem_rep[0].inst_xpm_memory . (constraint file  auto generated constraint).
Applied set_property KEEP_HIERARCHY = SOFT for mixer_nco_i/smartconnect_0/inst/m01_nodes/m01_ar_node/inst/inst_mi_handler/\gen_normal_area.inst_fifo_node_payld /\gen_xpm_memory_fifo.inst_fifo /\gen_mem_rep[0].inst_xpm_memory . (constraint file  auto generated constraint).
Applied set_property KEEP_HIERARCHY = SOFT for mixer_nco_i/smartconnect_0/inst/m01_nodes/m01_aw_node/inst/inst_mi_handler/\gen_normal_area.inst_fifo_node_payld /\gen_xpm_memory_fifo.inst_fifo /\gen_mem_rep[0].inst_xpm_memory . (constraint file  auto generated constraint).
Applied set_property KEEP_HIERARCHY = SOFT for mixer_nco_i/smartconnect_0/inst/m00_nodes/m00_b_node/inst/inst_mi_handler/\gen_normal_area.gen_fifo_req.inst_fifo_req /\gen_xpm_memory_fifo.inst_fifo /\gen_mem_rep[0].inst_xpm_memory . (constraint file  auto generated constraint).
Applied set_property KEEP_HIERARCHY = SOFT for mixer_nco_i/smartconnect_0/inst/m00_nodes/m00_r_node/inst/inst_mi_handler/\gen_normal_area.gen_fifo_req.inst_fifo_req /\gen_xpm_memory_fifo.inst_fifo /\gen_mem_rep[0].inst_xpm_memory . (constraint file  auto generated constraint).
Applied set_property KEEP_HIERARCHY = SOFT for mixer_nco_i/smartconnect_0/inst/m01_nodes/m01_b_node/inst/inst_mi_handler/\gen_normal_area.gen_fifo_req.inst_fifo_req /\gen_xpm_memory_fifo.inst_fifo /\gen_mem_rep[0].inst_xpm_memory . (constraint file  auto generated constraint).
Applied set_property KEEP_HIERARCHY = SOFT for mixer_nco_i/smartconnect_0/inst/m01_nodes/m01_r_node/inst/inst_mi_handler/\gen_normal_area.gen_fifo_req.inst_fifo_req /\gen_xpm_memory_fifo.inst_fifo /\gen_mem_rep[0].inst_xpm_memory . (constraint file  auto generated constraint).
Applied set_property KEEP_HIERARCHY = SOFT for mixer_nco_i/smartconnect_0/inst/m00_nodes/m00_b_node/inst/inst_mi_handler/\gen_normal_area.inst_fifo_node_payld /\gen_xpm_memory_fifo.inst_fifo /\gen_mem_rep[0].inst_xpm_memory . (constraint file  auto generated constraint).
Applied set_property KEEP_HIERARCHY = SOFT for mixer_nco_i/smartconnect_0/inst/m01_nodes/m01_b_node/inst/inst_mi_handler/\gen_normal_area.inst_fifo_node_payld /\gen_xpm_memory_fifo.inst_fifo /\gen_mem_rep[0].inst_xpm_memory . (constraint file  auto generated constraint).
Applied set_property KEEP_HIERARCHY = SOFT for mixer_nco_i/smartconnect_0/inst/m00_nodes/m00_r_node/inst/inst_mi_handler/\gen_normal_area.inst_fifo_node_payld /\gen_xpm_memory_fifo.inst_fifo /\gen_mem_rep[0].inst_xpm_memory . (constraint file  auto generated constraint).
Applied set_property KEEP_HIERARCHY = SOFT for mixer_nco_i/smartconnect_0/inst/m01_nodes/m01_r_node/inst/inst_mi_handler/\gen_normal_area.inst_fifo_node_payld /\gen_xpm_memory_fifo.inst_fifo /\gen_mem_rep[0].inst_xpm_memory . (constraint file  auto generated constraint).
Applied set_property KEEP_HIERARCHY = SOFT for mixer_nco_i/smartconnect_0/inst/m00_nodes/m00_w_node/inst/inst_mi_handler/\gen_normal_area.inst_fifo_node_payld /\gen_xpm_memory_fifo.inst_fifo /\gen_mem_rep[0].inst_xpm_memory . (constraint file  auto generated constraint).
Applied set_property KEEP_HIERARCHY = SOFT for mixer_nco_i/smartconnect_0/inst/m01_nodes/m01_w_node/inst/inst_mi_handler/\gen_normal_area.inst_fifo_node_payld /\gen_xpm_memory_fifo.inst_fifo /\gen_mem_rep[0].inst_xpm_memory . (constraint file  auto generated constraint).
Applied set_property KEEP_HIERARCHY = SOFT for mixer_nco_i/smartconnect_0/inst/m00_nodes/m00_w_node/inst/inst_si_handler/\gen_si_handler.gen_request_fifos.gen_req_fifo[0].inst_req_fifo /\gen_xpm_memory_fifo.inst_fifo /\gen_mem_rep[0].inst_xpm_memory . (constraint file  auto generated constraint).
Applied set_property KEEP_HIERARCHY = SOFT for mixer_nco_i/smartconnect_0/inst/m00_nodes/m00_w_node/inst/inst_si_handler/\gen_si_handler.gen_request_fifos.gen_req_fifo[1].inst_req_fifo /\gen_xpm_memory_fifo.inst_fifo /\gen_mem_rep[0].inst_xpm_memory . (constraint file  auto generated constraint).
Applied set_property KEEP_HIERARCHY = SOFT for mixer_nco_i/smartconnect_0/inst/m00_nodes/m00_w_node/inst/inst_si_handler/\gen_si_handler.gen_request_fifos.gen_req_fifo[2].inst_req_fifo /\gen_xpm_memory_fifo.inst_fifo /\gen_mem_rep[0].inst_xpm_memory . (constraint file  auto generated constraint).
Applied set_property KEEP_HIERARCHY = SOFT for mixer_nco_i/smartconnect_0/inst/m01_nodes/m01_w_node/inst/inst_si_handler/\gen_si_handler.gen_request_fifos.gen_req_fifo[0].inst_req_fifo /\gen_xpm_memory_fifo.inst_fifo /\gen_mem_rep[0].inst_xpm_memory . (constraint file  auto generated constraint).
Applied set_property KEEP_HIERARCHY = SOFT for mixer_nco_i/smartconnect_0/inst/m01_nodes/m01_w_node/inst/inst_si_handler/\gen_si_handler.gen_request_fifos.gen_req_fifo[1].inst_req_fifo /\gen_xpm_memory_fifo.inst_fifo /\gen_mem_rep[0].inst_xpm_memory . (constraint file  auto generated constraint).
Applied set_property KEEP_HIERARCHY = SOFT for mixer_nco_i/smartconnect_0/inst/m01_nodes/m01_w_node/inst/inst_si_handler/\gen_si_handler.gen_request_fifos.gen_req_fifo[2].inst_req_fifo /\gen_xpm_memory_fifo.inst_fifo /\gen_mem_rep[0].inst_xpm_memory . (constraint file  auto generated constraint).
Applied set_property KEEP_HIERARCHY = SOFT for mixer_nco_i/smartconnect_0/inst/s00_nodes/s00_ar_node/inst/inst_mi_handler/\gen_normal_area.gen_fifo_req.inst_fifo_req /\gen_xpm_memory_fifo.inst_fifo /\gen_mem_rep[0].inst_xpm_memory . (constraint file  auto generated constraint).
Applied set_property KEEP_HIERARCHY = SOFT for mixer_nco_i/smartconnect_0/inst/s00_nodes/s00_aw_node/inst/inst_mi_handler/\gen_normal_area.gen_fifo_req.inst_fifo_req /\gen_xpm_memory_fifo.inst_fifo /\gen_mem_rep[0].inst_xpm_memory . (constraint file  auto generated constraint).
Applied set_property KEEP_HIERARCHY = SOFT for mixer_nco_i/smartconnect_0/inst/s00_nodes/s00_w_node/inst/inst_mi_handler/\gen_normal_area.gen_fifo_req.inst_fifo_req /\gen_xpm_memory_fifo.inst_fifo /\gen_mem_rep[0].inst_xpm_memory . (constraint file  auto generated constraint).
Applied set_property KEEP_HIERARCHY = SOFT for mixer_nco_i/smartconnect_0/inst/s01_nodes/s01_ar_node/inst/inst_mi_handler/\gen_normal_area.gen_fifo_req.inst_fifo_req /\gen_xpm_memory_fifo.inst_fifo /\gen_mem_rep[0].inst_xpm_memory . (constraint file  auto generated constraint).
Applied set_property KEEP_HIERARCHY = SOFT for mixer_nco_i/smartconnect_0/inst/s02_nodes/s02_aw_node/inst/inst_mi_handler/\gen_normal_area.gen_fifo_req.inst_fifo_req /\gen_xpm_memory_fifo.inst_fifo /\gen_mem_rep[0].inst_xpm_memory . (constraint file  auto generated constraint).
Applied set_property KEEP_HIERARCHY = SOFT for mixer_nco_i/smartconnect_0/inst/s02_nodes/s02_w_node/inst/inst_mi_handler/\gen_normal_area.gen_fifo_req.inst_fifo_req /\gen_xpm_memory_fifo.inst_fifo /\gen_mem_rep[0].inst_xpm_memory . (constraint file  auto generated constraint).
Applied set_property KEEP_HIERARCHY = SOFT for mixer_nco_i/smartconnect_0/inst/s00_nodes/s00_ar_node/inst/inst_mi_handler/\gen_normal_area.inst_fifo_node_payld /\gen_xpm_memory_fifo.inst_fifo /\gen_mem_rep[0].inst_xpm_memory . (constraint file  auto generated constraint).
Applied set_property KEEP_HIERARCHY = SOFT for mixer_nco_i/smartconnect_0/inst/s00_nodes/s00_aw_node/inst/inst_mi_handler/\gen_normal_area.inst_fifo_node_payld /\gen_xpm_memory_fifo.inst_fifo /\gen_mem_rep[0].inst_xpm_memory . (constraint file  auto generated constraint).
Applied set_property KEEP_HIERARCHY = SOFT for mixer_nco_i/smartconnect_0/inst/s01_nodes/s01_ar_node/inst/inst_mi_handler/\gen_normal_area.inst_fifo_node_payld /\gen_xpm_memory_fifo.inst_fifo /\gen_mem_rep[0].inst_xpm_memory . (constraint file  auto generated constraint).
Applied set_property KEEP_HIERARCHY = SOFT for mixer_nco_i/smartconnect_0/inst/s02_nodes/s02_aw_node/inst/inst_mi_handler/\gen_normal_area.inst_fifo_node_payld /\gen_xpm_memory_fifo.inst_fifo /\gen_mem_rep[0].inst_xpm_memory . (constraint file  auto generated constraint).
Applied set_property KEEP_HIERARCHY = SOFT for mixer_nco_i/smartconnect_0/inst/s00_nodes/s00_b_node/inst/inst_mi_handler/\gen_normal_area.inst_fifo_node_payld /\gen_xpm_memory_fifo.inst_fifo /\gen_mem_rep[0].inst_xpm_memory . (constraint file  auto generated constraint).
Applied set_property KEEP_HIERARCHY = SOFT for mixer_nco_i/smartconnect_0/inst/s02_nodes/s02_b_node/inst/inst_mi_handler/\gen_normal_area.inst_fifo_node_payld /\gen_xpm_memory_fifo.inst_fifo /\gen_mem_rep[0].inst_xpm_memory . (constraint file  auto generated constraint).
Applied set_property KEEP_HIERARCHY = SOFT for mixer_nco_i/smartconnect_0/inst/s00_nodes/s00_r_node/inst/inst_mi_handler/\gen_normal_area.inst_fifo_node_payld /\gen_xpm_memory_fifo.inst_fifo /\gen_mem_rep[0].inst_xpm_memory . (constraint file  auto generated constraint).
Applied set_property KEEP_HIERARCHY = SOFT for mixer_nco_i/smartconnect_0/inst/s00_nodes/s00_w_node/inst/inst_mi_handler/\gen_normal_area.inst_fifo_node_payld /\gen_xpm_memory_fifo.inst_fifo /\gen_mem_rep[0].inst_xpm_memory . (constraint file  auto generated constraint).
Applied set_property KEEP_HIERARCHY = SOFT for mixer_nco_i/smartconnect_0/inst/s02_nodes/s02_w_node/inst/inst_mi_handler/\gen_normal_area.inst_fifo_node_payld /\gen_xpm_memory_fifo.inst_fifo /\gen_mem_rep[0].inst_xpm_memory . (constraint file  auto generated constraint).
Applied set_property KEEP_HIERARCHY = SOFT for mixer_nco_i/smartconnect_0/inst/s01_nodes/s01_r_node/inst/inst_mi_handler/\gen_normal_area.inst_fifo_node_payld /\gen_xpm_memory_fifo.inst_fifo /\gen_mem_rep[0].inst_xpm_memory . (constraint file  auto generated constraint).
---------------------------------------------------------------------------------
Finished applying 'set_property' XDC Constraints : Time (s): cpu = 00:02:24 ; elapsed = 00:02:31 . Memory (MB): peak = 3329.254 ; gain = 1853.031
---------------------------------------------------------------------------------
INFO: [Synth 8-802] inferred FSM for state register 'arb_sm_cs_reg' in module 'sng_port_arb'
INFO: [Synth 8-802] inferred FSM for state register 'GEN_WDATA_SM_NO_ECC_SNG_REG_WREADY.wr_data_sng_sm_cs_reg' in module 'wr_chnl'
INFO: [Synth 8-802] inferred FSM for state register 'GEN_NO_RD_CMD_OPT.rd_data_sm_cs_reg' in module 'rd_chnl'
INFO: [Synth 8-802] inferred FSM for state register 'GEN_NO_RD_CMD_OPT.rlast_sm_cs_reg' in module 'rd_chnl'
INFO: [Synth 8-802] inferred FSM for state register 'smpl_cs_reg' in module 'axi_dma_smple_sm'
INFO: [Synth 8-802] inferred FSM for state register 'sig_pcc_sm_state_reg' in module 'axi_datamover_pcc'
INFO: [Synth 8-802] inferred FSM for state register 'gen_fwft.curr_fwft_state_reg' in module 'xpm_fifo_base'
INFO: [Synth 8-802] inferred FSM for state register 'sig_psm_state_reg' in module 'axi_datamover_ibttcc'
INFO: [Synth 8-802] inferred FSM for state register 'sig_csm_state_reg' in module 'axi_datamover_ibttcc'
INFO: [Synth 8-802] inferred FSM for state register 'sig_cmdcntl_sm_state_reg' in module 'axi_datamover_s2mm_realign'
INFO: [Synth 8-802] inferred FSM for state register 'gen_fwft.curr_fwft_state_reg' in module 'xpm_fifo_base__parameterized0'
INFO: [Synth 8-802] inferred FSM for state register 'gen_fwft.curr_fwft_state_reg' in module 'xpm_fifo_base__parameterized1'
INFO: [Synth 8-4490] FSM extraction disabled for register 'gen_pipelined.state_reg' through user attribute
INFO: [Synth 8-4490] FSM extraction disabled for register 'gen_pipelined.state_reg' through user attribute
INFO: [Synth 8-4490] FSM extraction disabled for register 'gen_pipelined.state_reg' through user attribute
INFO: [Synth 8-4490] FSM extraction disabled for register 'gen_AB_reg_slice.state_reg' through user attribute
INFO: [Synth 8-802] inferred FSM for state register 'w_state_reg' in module 'sc_exit_v1_0_13_axilite_conv'
INFO: [Synth 8-802] inferred FSM for state register 'r_state_reg' in module 'sc_exit_v1_0_13_axilite_conv'
INFO: [Synth 8-4490] FSM extraction disabled for register 'gen_pipelined.state_reg' through user attribute
INFO: [Synth 8-802] inferred FSM for state register 'gen_axi.gen_write.write_cs_reg' in module 'sc_mmu_v1_0_11_decerr_slave'
INFO: [Synth 8-4490] FSM extraction disabled for register 'gen_pipelined.state_reg' through user attribute
INFO: [Synth 8-4490] FSM extraction disabled for register 'gen_pipelined.state_reg' through user attribute
INFO: [Synth 8-4490] FSM extraction disabled for register 'gen_pipelined.state_reg' through user attribute
INFO: [Synth 8-4490] FSM extraction disabled for register 'gen_pipelined.state_reg' through user attribute
INFO: [Synth 8-4490] FSM extraction disabled for register 'gen_pipelined.state_reg' through user attribute
INFO: [Synth 8-4490] FSM extraction disabled for register 'gen_pipelined.state_reg' through user attribute
INFO: [Synth 8-4490] FSM extraction disabled for register 'gen_pipelined.state_reg' through user attribute
INFO: [Synth 8-802] inferred FSM for state register 'state_reg' in module 'sc_transaction_regulator_v1_0_9_multithread'
INFO: [Synth 8-4490] FSM extraction disabled for register 'gen_AB_reg_slice.state_reg' through user attribute
INFO: [Synth 8-802] inferred FSM for state register 'gen_axi.gen_write.write_cs_reg' in module 'sc_mmu_v1_0_11_decerr_slave__parameterized0'
INFO: [Synth 8-4490] FSM extraction disabled for register 'gen_pipelined.state_reg' through user attribute
---------------------------------------------------------------------------------------------------
                   State |                     New Encoding |                Previous Encoding 
---------------------------------------------------------------------------------------------------
                    idle |                               00 |                               00
                 wr_data |                               01 |                               10
                 rd_data |                               10 |                               01
---------------------------------------------------------------------------------------------------
INFO: [Synth 8-3354] encoded FSM with state register 'arb_sm_cs_reg' using encoding 'sequential' in module 'sng_port_arb'
---------------------------------------------------------------------------------------------------
                   State |                     New Encoding |                Previous Encoding 
---------------------------------------------------------------------------------------------------
                    idle |                              001 |                               00
            brst_wr_data |                              010 |                               10
             sng_wr_data |                              100 |                               01
---------------------------------------------------------------------------------------------------
INFO: [Synth 8-3354] encoded FSM with state register 'GEN_WDATA_SM_NO_ECC_SNG_REG_WREADY.wr_data_sng_sm_cs_reg' using encoding 'one-hot' in module 'wr_chnl'
---------------------------------------------------------------------------------------------------
                   State |                     New Encoding |                Previous Encoding 
---------------------------------------------------------------------------------------------------
                    idle |                             0000 |                             0000
                sng_addr |                             0001 |                             0011
                sec_addr |                             0010 |                             0100
               full_pipe |                             0011 |                             0101
           full_throttle |                             0100 |                             0110
               last_addr |                             0101 |                             0111
           last_throttle |                             0110 |                             1000
               last_data |                             0111 |                             1001
       last_data_ar_pend |                             1000 |                             1010
---------------------------------------------------------------------------------------------------
INFO: [Synth 8-3354] encoded FSM with state register 'GEN_NO_RD_CMD_OPT.rd_data_sm_cs_reg' using encoding 'sequential' in module 'rd_chnl'
---------------------------------------------------------------------------------------------------
                   State |                     New Encoding |                Previous Encoding 
---------------------------------------------------------------------------------------------------
                    idle |                              000 |                              000
          w8_throttle_b2 |                              001 |                              101
             w8_throttle |                              010 |                              010
        w8_2nd_last_data |                              011 |                              011
            w8_last_data |                              100 |                              100
---------------------------------------------------------------------------------------------------
INFO: [Synth 8-3354] encoded FSM with state register 'GEN_NO_RD_CMD_OPT.rlast_sm_cs_reg' using encoding 'sequential' in module 'rd_chnl'
---------------------------------------------------------------------------------------------------
                   State |                     New Encoding |                Previous Encoding 
---------------------------------------------------------------------------------------------------
                    idle |                               00 |                               00
            execute_xfer |                               01 |                               01
             wait_status |                               10 |                               10
---------------------------------------------------------------------------------------------------
INFO: [Synth 8-3354] encoded FSM with state register 'smpl_cs_reg' using encoding 'sequential' in module 'axi_dma_smple_sm'
---------------------------------------------------------------------------------------------------
                   State |                     New Encoding |                Previous Encoding 
---------------------------------------------------------------------------------------------------
                    init |                         00000001 |                              000
            wait_for_cmd |                         00000010 |                              001
                  calc_1 |                         00000100 |                              010
                  calc_2 |                         00001000 |                              011
                  calc_3 |                         00010000 |                              100
       wait_on_xfer_push |                         00100000 |                              101
             chk_if_done |                         01000000 |                              110
              error_trap |                         10000000 |                              111
---------------------------------------------------------------------------------------------------
INFO: [Synth 8-3354] encoded FSM with state register 'sig_pcc_sm_state_reg' using encoding 'one-hot' in module 'axi_datamover_pcc'
INFO: [Synth 8-5775] Found 'rw_addr_collision' attribute set to 'no' on SDP RAM gen_wr_a.gen_word_narrow.mem_reg. Setting write mode to NO_CHANGE 
---------------------------------------------------------------------------------------------------
                   State |                     New Encoding |                Previous Encoding 
---------------------------------------------------------------------------------------------------
                 invalid |                               00 |                               00
            stage1_valid |                               01 |                               10
       both_stages_valid |                               10 |                               11
            stage2_valid |                               11 |                               01
---------------------------------------------------------------------------------------------------
INFO: [Synth 8-3354] encoded FSM with state register 'gen_fwft.curr_fwft_state_reg' using encoding 'sequential' in module 'xpm_fifo_base'
---------------------------------------------------------------------------------------------------
                   State |                     New Encoding |                Previous Encoding 
---------------------------------------------------------------------------------------------------
                 ch_init |                          0000001 |                              000
           wait_for_pcmd |                          0000010 |                              001
          ch_error_trap1 |                          0000100 |                              101
          ch_error_trap2 |                          0001000 |                              110
      ch_wait_for_sf_cmd |                          0010000 |                              010
         ch_ld_child_cmd |                          0100000 |                              011
          ch_chk_if_done |                          1000000 |                              100
---------------------------------------------------------------------------------------------------
INFO: [Synth 8-3354] encoded FSM with state register 'sig_csm_state_reg' using encoding 'one-hot' in module 'axi_datamover_ibttcc'
---------------------------------------------------------------------------------------------------
                   State |                     New Encoding |                Previous Encoding 
---------------------------------------------------------------------------------------------------
                  p_init |                              000 |                              000
          p_wait_for_cmd |                              001 |                              001
          p_ld_first_cmd |                              010 |                              010
          p_ld_child_cmd |                              011 |                              011
            p_error_trap |                              100 |                              111
           p_ld_last_cmd |                              101 |                              100
---------------------------------------------------------------------------------------------------
INFO: [Synth 8-3354] encoded FSM with state register 'sig_psm_state_reg' using encoding 'sequential' in module 'axi_datamover_ibttcc'
---------------------------------------------------------------------------------------------------
                   State |                     New Encoding |                Previous Encoding 
---------------------------------------------------------------------------------------------------
                    init |                              000 |                              000
    ld_dre_scatter_first |                              001 |                              001
           chk_pop_first |                              010 |                              010
   ld_dre_scatter_second |                              011 |                              011
              error_trap |                              100 |                              101
          chk_pop_second |                              101 |                              100
---------------------------------------------------------------------------------------------------
INFO: [Synth 8-3354] encoded FSM with state register 'sig_cmdcntl_sm_state_reg' using encoding 'sequential' in module 'axi_datamover_s2mm_realign'
INFO: [Synth 8-6904] The RAM "xpm_memory_base__parameterized0:/gen_wr_a.gen_word_narrow.mem_reg" of size (depth=16 x width=9) is automatically implemented using LUTRAM. BRAM implementation would be inefficient 
---------------------------------------------------------------------------------------------------
                   State |                     New Encoding |                Previous Encoding 
---------------------------------------------------------------------------------------------------
                 invalid |                               00 |                               00
            stage1_valid |                               01 |                               10
       both_stages_valid |                               10 |                               11
            stage2_valid |                               11 |                               01
---------------------------------------------------------------------------------------------------
INFO: [Synth 8-3354] encoded FSM with state register 'gen_fwft.curr_fwft_state_reg' using encoding 'sequential' in module 'xpm_fifo_base__parameterized0'
INFO: [Synth 8-5775] Found 'rw_addr_collision' attribute set to 'no' on SDP RAM gen_wr_a.gen_word_narrow.mem_reg. Setting write mode to NO_CHANGE 
---------------------------------------------------------------------------------------------------
                   State |                     New Encoding |                Previous Encoding 
---------------------------------------------------------------------------------------------------
                 invalid |                               00 |                               00
            stage1_valid |                               01 |                               10
       both_stages_valid |                               10 |                               11
            stage2_valid |                               11 |                               01
---------------------------------------------------------------------------------------------------
INFO: [Synth 8-3354] encoded FSM with state register 'gen_fwft.curr_fwft_state_reg' using encoding 'sequential' in module 'xpm_fifo_base__parameterized1'
---------------------------------------------------------------------------------------------------
                   State |                     New Encoding |                Previous Encoding 
---------------------------------------------------------------------------------------------------
                  W_IDLE |                              000 | 00000000000000000000000000000000
                    W_RX |                              001 | 00000000000000000000000000000001
                    W_TX |                              010 | 00000000000000000000000000000010
              W_COMPLETE |                              011 | 00000000000000000000000000000100
               W_RECOVER |                              100 | 00000000000000000000000000000011
---------------------------------------------------------------------------------------------------
INFO: [Synth 8-3354] encoded FSM with state register 'w_state_reg' using encoding 'sequential' in module 'sc_exit_v1_0_13_axilite_conv'
---------------------------------------------------------------------------------------------------
                   State |                     New Encoding |                Previous Encoding 
---------------------------------------------------------------------------------------------------
                  R_IDLE |                               00 | 00000000000000000000000000000000
                    R_RX |                               01 | 00000000000000000000000000000001
                    R_TX |                               10 | 00000000000000000000000000000010
---------------------------------------------------------------------------------------------------
INFO: [Synth 8-3354] encoded FSM with state register 'r_state_reg' using encoding 'sequential' in module 'sc_exit_v1_0_13_axilite_conv'
---------------------------------------------------------------------------------------------------
                   State |                     New Encoding |                Previous Encoding 
---------------------------------------------------------------------------------------------------
            P_WRITE_IDLE |                              001 |                               00
            P_WRITE_DATA |                              010 |                               01
            P_WRITE_RESP |                              100 |                               10
---------------------------------------------------------------------------------------------------
INFO: [Synth 8-3354] encoded FSM with state register 'gen_axi.gen_write.write_cs_reg' using encoding 'one-hot' in module 'sc_mmu_v1_0_11_decerr_slave'
---------------------------------------------------------------------------------------------------
                   State |                     New Encoding |                Previous Encoding 
---------------------------------------------------------------------------------------------------
                    INIT |                              000 | 00000000000000000000000000000000
                    IDLE |                              001 | 00000000000000000000000000000001
                DEADLOCK |                              010 | 00000000000000000000000000000010
                OVERFLOW |                              011 | 00000000000000000000000000000100
                ALLOCATE |                              100 | 00000000000000000000000000000011
                 REFRESH |                              101 | 00000000000000000000000000000101
---------------------------------------------------------------------------------------------------
INFO: [Synth 8-3354] encoded FSM with state register 'state_reg' using encoding 'sequential' in module 'sc_transaction_regulator_v1_0_9_multithread'
---------------------------------------------------------------------------------------------------
                   State |                     New Encoding |                Previous Encoding 
---------------------------------------------------------------------------------------------------
            P_WRITE_IDLE |                              001 |                               00
            P_WRITE_DATA |                              010 |                               01
            P_WRITE_RESP |                              100 |                               10
---------------------------------------------------------------------------------------------------
INFO: [Synth 8-3354] encoded FSM with state register 'gen_axi.gen_write.write_cs_reg' using encoding 'one-hot' in module 'sc_mmu_v1_0_11_decerr_slave__parameterized0'
---------------------------------------------------------------------------------
Finished RTL Optimization Phase 2 : Time (s): cpu = 00:02:42 ; elapsed = 00:02:49 . Memory (MB): peak = 3329.254 ; gain = 1853.031
---------------------------------------------------------------------------------
INFO: [Synth 8-5775] Found 'rw_addr_collision' attribute set to 'no' on SDP RAM gen_wr_a.gen_word_narrow.mem_reg. Setting write mode to NO_CHANGE 
INFO: [Synth 8-5775] Found 'rw_addr_collision' attribute set to 'no' on SDP RAM gen_wr_a.gen_word_narrow.mem_reg. Setting write mode to NO_CHANGE 
---------------------------------------------------------------------------------
Start RTL Component Statistics 
---------------------------------------------------------------------------------
Detailed RTL Component Info : 
+---Adders : 
	   2 Input   32 Bit       Adders := 1     
	   2 Input   16 Bit       Adders := 5     
	   3 Input   14 Bit       Adders := 1     
	   2 Input   12 Bit       Adders := 2     
	   2 Input   10 Bit       Adders := 1     
	   2 Input    9 Bit       Adders := 3     
	   2 Input    8 Bit       Adders := 30    
	   3 Input    8 Bit       Adders := 2     
	   4 Input    8 Bit       Adders := 12    
	   2 Input    7 Bit       Adders := 13    
	   4 Input    7 Bit       Adders := 10    
	   3 Input    7 Bit       Adders := 2     
	   3 Input    6 Bit       Adders := 5     
	   2 Input    6 Bit       Adders := 243   
	   2 Input    5 Bit       Adders := 27    
	   3 Input    5 Bit       Adders := 8     
	   4 Input    5 Bit       Adders := 9     
	   2 Input    4 Bit       Adders := 69    
	   3 Input    4 Bit       Adders := 5     
	   4 Input    4 Bit       Adders := 5     
	   2 Input    3 Bit       Adders := 44    
	   3 Input    3 Bit       Adders := 9     
	   2 Input    2 Bit       Adders := 36    
	   3 Input    2 Bit       Adders := 3     
	   4 Input    2 Bit       Adders := 3     
	   3 Input    1 Bit       Adders := 5     
+---XORs : 
	   2 Input      1 Bit         XORs := 407   
+---Registers : 
	             2178 Bit    Registers := 78    
	              512 Bit    Registers := 3     
	              224 Bit    Registers := 1     
	              187 Bit    Registers := 4     
	              181 Bit    Registers := 2     
	              171 Bit    Registers := 1     
	              170 Bit    Registers := 1     
	              168 Bit    Registers := 8     
	              161 Bit    Registers := 4     
	              153 Bit    Registers := 2     
	              152 Bit    Registers := 5     
	              151 Bit    Registers := 4     
	              150 Bit    Registers := 5     
	              128 Bit    Registers := 2     
	               71 Bit    Registers := 2     
	               64 Bit    Registers := 9     
	               47 Bit    Registers := 2     
	               40 Bit    Registers := 2     
	               39 Bit    Registers := 2     
	               38 Bit    Registers := 2     
	               35 Bit    Registers := 1     
	               33 Bit    Registers := 2     
	               32 Bit    Registers := 21    
	               28 Bit    Registers := 2     
	               23 Bit    Registers := 6     
	               20 Bit    Registers := 7     
	               19 Bit    Registers := 7     
	               16 Bit    Registers := 27    
	               14 Bit    Registers := 15    
	               13 Bit    Registers := 3     
	               12 Bit    Registers := 6     
	               10 Bit    Registers := 8     
	                9 Bit    Registers := 7     
	                8 Bit    Registers := 99    
	                7 Bit    Registers := 26    
	                6 Bit    Registers := 124   
	                5 Bit    Registers := 54    
	                4 Bit    Registers := 147   
	                3 Bit    Registers := 163   
	                2 Bit    Registers := 109   
	                1 Bit    Registers := 1793  
+---RAMs : 
	               4K Bit	(128 X 39 bit)          RAMs := 1     
	               4K Bit	(128 X 38 bit)          RAMs := 1     
	              144 Bit	(16 X 9 bit)          RAMs := 1     
+---Muxes : 
	   2 Input 2178 Bit        Muxes := 38    
	   2 Input  512 Bit        Muxes := 2     
	   4 Input  168 Bit        Muxes := 4     
	   4 Input  161 Bit        Muxes := 2     
	   2 Input  153 Bit        Muxes := 2     
	   2 Input  152 Bit        Muxes := 3     
	   2 Input  151 Bit        Muxes := 4     
	   2 Input  150 Bit        Muxes := 4     
	   2 Input  128 Bit        Muxes := 11    
	   2 Input   64 Bit        Muxes := 4     
	   2 Input   47 Bit        Muxes := 2     
	   2 Input   40 Bit        Muxes := 7     
	   2 Input   33 Bit        Muxes := 2     
	   3 Input   32 Bit        Muxes := 1     
	   2 Input   32 Bit        Muxes := 17    
	   4 Input   32 Bit        Muxes := 1     
	   2 Input   23 Bit        Muxes := 7     
	   2 Input   20 Bit        Muxes := 1     
	   2 Input   16 Bit        Muxes := 32    
	   4 Input   16 Bit        Muxes := 1     
	   2 Input   14 Bit        Muxes := 14    
	   5 Input   14 Bit        Muxes := 2     
	   4 Input   14 Bit        Muxes := 2     
	   3 Input   14 Bit        Muxes := 1     
	   3 Input   13 Bit        Muxes := 1     
	   2 Input   13 Bit        Muxes := 1     
	   2 Input   12 Bit        Muxes := 11    
	   5 Input   12 Bit        Muxes := 1     
	   2 Input   11 Bit        Muxes := 4     
	   2 Input   10 Bit        Muxes := 3     
	   5 Input    9 Bit        Muxes := 1     
	   2 Input    9 Bit        Muxes := 4     
	   3 Input    8 Bit        Muxes := 2     
	   2 Input    8 Bit        Muxes := 151   
	   7 Input    8 Bit        Muxes := 12    
	   4 Input    8 Bit        Muxes := 4     
	   8 Input    8 Bit        Muxes := 1     
	   2 Input    7 Bit        Muxes := 60    
	   4 Input    7 Bit        Muxes := 8     
	   7 Input    7 Bit        Muxes := 1     
	   2 Input    6 Bit        Muxes := 42    
	   2 Input    5 Bit        Muxes := 22    
	   4 Input    5 Bit        Muxes := 8     
	   2 Input    4 Bit        Muxes := 107   
	   5 Input    4 Bit        Muxes := 1     
	   4 Input    4 Bit        Muxes := 10    
	   9 Input    4 Bit        Muxes := 1     
	   4 Input    3 Bit        Muxes := 38    
	  11 Input    3 Bit        Muxes := 32    
	   2 Input    3 Bit        Muxes := 69    
	   5 Input    3 Bit        Muxes := 7     
	   9 Input    3 Bit        Muxes := 2     
	   6 Input    3 Bit        Muxes := 4     
	   8 Input    3 Bit        Muxes := 2     
	   3 Input    3 Bit        Muxes := 3     
	   2 Input    2 Bit        Muxes := 377   
	   4 Input    2 Bit        Muxes := 29    
	   3 Input    2 Bit        Muxes := 7     
	   7 Input    2 Bit        Muxes := 10    
	   6 Input    1 Bit        Muxes := 351   
	   4 Input    1 Bit        Muxes := 97    
	  10 Input    1 Bit        Muxes := 114   
	   7 Input    1 Bit        Muxes := 79    
	  12 Input    1 Bit        Muxes := 34    
	   2 Input    1 Bit        Muxes := 1019  
	   5 Input    1 Bit        Muxes := 18    
	   3 Input    1 Bit        Muxes := 72    
	   9 Input    1 Bit        Muxes := 19    
	   8 Input    1 Bit        Muxes := 3     
---------------------------------------------------------------------------------
Finished RTL Component Statistics 
---------------------------------------------------------------------------------
---------------------------------------------------------------------------------
Start Part Resource Summary
---------------------------------------------------------------------------------
Part Resources:
DSPs: 1248 (col length:96)
BRAMs: 288 (col length: RAMB18 96 RAMB36 48)
---------------------------------------------------------------------------------
Finished Part Resource Summary
---------------------------------------------------------------------------------
---------------------------------------------------------------------------------
Start Cross Boundary and Area Optimization
---------------------------------------------------------------------------------
WARNING: [Synth 8-7080] Parallel synthesis criteria is not met
INFO: [Synth 8-6904] The RAM "mixer_nco_i/i_0/axi_dma_0/U0/I_PRMRY_DATAMOVER/\GEN_S2MM_FULL.I_S2MM_FULL_WRAPPER /\GEN_ENABLE_INDET_BTT_SF.I_INDET_BTT/I_XD_FIFO/NON_BLK_MEM.I_SYNC_FIFOGEN_FIFO/xpm_fifo_instance.xpm_fifo_sync_inst /xpm_fifo_base_inst/\gen_sdpram.xpm_memory_base_inst /gen_wr_a.gen_word_narrow.mem_reg" of size (depth=16 x width=9) is automatically implemented using LUTRAM. BRAM implementation would be inefficient 
INFO: [Synth 8-3936] Found unconnected internal register 'INCLUDE_MM2S_SOF_EOF_GENERATOR.I_MM2S_DMA_MNGR/GEN_MM2S_DMA_CONTROL.GEN_SIMPLE_DMA_MODE.I_MM2S_SMPL_SM/GEN_CMD_BTT_LESS_23.cmnd_data_reg' and it is trimmed from '153' to '75' bits. [d:/FPGA/Vivaldo Project/kr260_experiments/12_axis_dma_complex_mixer_nco/12_axis_dma_complex_mixer_nco.gen/sources_1/bd/mixer_nco/ipshared/70c4/hdl/axi_dma_v7_1_vh_rfs.vhd:12136]
INFO: [Synth 8-3936] Found unconnected internal register 'INCLUDE_S2MM_SOF_EOF_GENERATOR.I_S2MM_DMA_MNGR/GEN_S2MM_DMA_CONTROL.GEN_SIMPLE_DMA_MODE.I_S2MM_SMPL_SM/GEN_CMD_BTT_LESS_23.cmnd_data_reg' and it is trimmed from '153' to '75' bits. [d:/FPGA/Vivaldo Project/kr260_experiments/12_axis_dma_complex_mixer_nco/12_axis_dma_complex_mixer_nco.gen/sources_1/bd/mixer_nco/ipshared/70c4/hdl/axi_dma_v7_1_vh_rfs.vhd:12136]
INFO: [Synth 8-5775] Found 'rw_addr_collision' attribute set to 'no' on SDP RAM gen_wr_a.gen_word_narrow.mem_reg. Setting write mode to NO_CHANGE 
INFO: [Synth 8-5775] Found 'rw_addr_collision' attribute set to 'no' on SDP RAM gen_wr_a.gen_word_narrow.mem_reg. Setting write mode to NO_CHANGE 
INFO: [Synth 8-5775] Found 'rw_addr_collision' attribute set to 'no' on SDP RAM gen_wr_a.gen_word_narrow.mem_reg. Setting write mode to NO_CHANGE 
INFO: [Synth 8-5775] Found 'rw_addr_collision' attribute set to 'no' on SDP RAM gen_wr_a.gen_word_narrow.mem_reg. Setting write mode to NO_CHANGE 
INFO: [Synth 8-5784] Optimized 1 bits of RAM "gen_wr_a.gen_word_narrow.mem_reg" due to constant propagation. Old ram width 39 bits, new ram width 38 bits.
INFO: [Synth 8-5775] Found 'rw_addr_collision' attribute set to 'no' on SDP RAM gen_wr_a.gen_word_narrow.mem_reg. Setting write mode to NO_CHANGE 
INFO: [Synth 8-6904] The RAM "mixer_nco_i/i_0/axi_dma_0/U0/\I_PRMRY_DATAMOVER/GEN_S2MM_FULL.I_S2MM_FULL_WRAPPER/GEN_ENABLE_INDET_BTT_SF.I_INDET_BTT/I_XD_FIFO/NON_BLK_MEM.I_SYNC_FIFOGEN_FIFO/xpm_fifo_instance.xpm_fifo_sync_inst /xpm_fifo_base_inst/\gen_sdpram.xpm_memory_base_inst /gen_wr_a.gen_word_narrow.mem_reg" of size (depth=16 x width=9) is automatically implemented using LUTRAM. BRAM implementation would be inefficient 
INFO: [Synth 8-5775] Found 'rw_addr_collision' attribute set to 'no' on SDP RAM gen_wr_a.gen_word_narrow.mem_reg. Setting write mode to NO_CHANGE 
INFO: [Synth 8-5775] Found 'rw_addr_collision' attribute set to 'no' on SDP RAM gen_wr_a.gen_word_narrow.mem_reg. Setting write mode to NO_CHANGE 
INFO: [Synth 8-5775] Found 'rw_addr_collision' attribute set to 'no' on SDP RAM gen_wr_a.gen_word_narrow.mem_reg. Setting write mode to NO_CHANGE 
INFO: [Synth 8-5775] Found 'rw_addr_collision' attribute set to 'no' on SDP RAM gen_wr_a.gen_word_narrow.mem_reg. Setting write mode to NO_CHANGE 
INFO: [Synth 8-5775] Found 'rw_addr_collision' attribute set to 'no' on SDP RAM gen_wr_a.gen_word_narrow.mem_reg. Setting write mode to NO_CHANGE 
INFO: [Synth 8-5775] Found 'rw_addr_collision' attribute set to 'no' on SDP RAM gen_wr_a.gen_word_narrow.mem_reg. Setting write mode to NO_CHANGE 
INFO: [Synth 8-5775] Found 'rw_addr_collision' attribute set to 'no' on SDP RAM gen_wr_a.gen_word_narrow.mem_reg. Setting write mode to NO_CHANGE 
INFO: [Synth 8-3332] Sequential element (U0/gext_inst.abcv4_0_ext_inst/GEN_AXI4.I_FULL_AXI/I_WR_CHNL/BID_FIFO/Data_Exists_DFF) is unused and will be removed from module mixer_nco_axi_bram_ctrl_0_0.
INFO: [Synth 8-3332] Sequential element (U0/gext_inst.abcv4_0_ext_inst/GEN_AXI4.I_FULL_AXI/I_WR_CHNL/BID_FIFO/Addr_Counters[0].FDRE_I) is unused and will be removed from module mixer_nco_axi_bram_ctrl_0_0.
INFO: [Synth 8-3332] Sequential element (U0/gext_inst.abcv4_0_ext_inst/GEN_AXI4.I_FULL_AXI/I_WR_CHNL/BID_FIFO/Addr_Counters[1].FDRE_I) is unused and will be removed from module mixer_nco_axi_bram_ctrl_0_0.
INFO: [Synth 8-3332] Sequential element (U0/gext_inst.abcv4_0_ext_inst/GEN_AXI4.I_FULL_AXI/I_WR_CHNL/BID_FIFO/Addr_Counters[2].FDRE_I) is unused and will be removed from module mixer_nco_axi_bram_ctrl_0_0.
INFO: [Synth 8-3332] Sequential element (U0/gext_inst.abcv4_0_ext_inst/GEN_AXI4.I_FULL_AXI/I_WR_CHNL/BID_FIFO/Addr_Counters[3].FDRE_I) is unused and will be removed from module mixer_nco_axi_bram_ctrl_0_0.
INFO: [Synth 8-3332] Sequential element (I_RST_MODULE/REG_HRD_RST/GENERATE_LEVEL_P_S_CDC.SINGLE_BIT.CROSS_PLEVEL_IN2SCNDRY_s_level_out_d5) is unused and will be removed from module axi_dma.
INFO: [Synth 8-3332] Sequential element (I_RST_MODULE/REG_HRD_RST/GENERATE_LEVEL_P_S_CDC.SINGLE_BIT.CROSS_PLEVEL_IN2SCNDRY_s_level_out_d6) is unused and will be removed from module axi_dma.
INFO: [Synth 8-3332] Sequential element (I_RST_MODULE/REG_HRD_RST_OUT/GENERATE_LEVEL_P_S_CDC.SINGLE_BIT.CROSS_PLEVEL_IN2SCNDRY_s_level_out_d5) is unused and will be removed from module axi_dma.
INFO: [Synth 8-3332] Sequential element (I_RST_MODULE/REG_HRD_RST_OUT/GENERATE_LEVEL_P_S_CDC.SINGLE_BIT.CROSS_PLEVEL_IN2SCNDRY_s_level_out_d6) is unused and will be removed from module axi_dma.
INFO: [Synth 8-3332] Sequential element (I_PRMRY_DATAMOVER/GEN_S2MM_FULL.I_S2MM_FULL_WRAPPER/GEN_INCLUDE_IBTTCC.I_S2MM_MSTR_IBTTCC/FSM_onehot_sig_csm_state_reg[3]) is unused and will be removed from module axi_dma.
WARNING: [Synth 8-3332] Sequential element (EXT_LPF/ACTIVE_LOW_EXT.ACT_LO_EXT/GENERATE_LEVEL_P_S_CDC.SINGLE_BIT.CROSS_PLEVEL_IN2SCNDRY_s_level_out_d5) is unused and will be removed from module proc_sys_reset.
WARNING: [Synth 8-3332] Sequential element (EXT_LPF/ACTIVE_LOW_EXT.ACT_LO_EXT/GENERATE_LEVEL_P_S_CDC.SINGLE_BIT.CROSS_PLEVEL_IN2SCNDRY_s_level_out_d6) is unused and will be removed from module proc_sys_reset.
WARNING: [Synth 8-3332] Sequential element (EXT_LPF/ACTIVE_LOW_AUX.ACT_LO_AUX/GENERATE_LEVEL_P_S_CDC.SINGLE_BIT.CROSS_PLEVEL_IN2SCNDRY_IN_cdc_to) is unused and will be removed from module proc_sys_reset.
WARNING: [Synth 8-3332] Sequential element (EXT_LPF/ACTIVE_LOW_AUX.ACT_LO_AUX/GENERATE_LEVEL_P_S_CDC.SINGLE_BIT.CROSS_PLEVEL_IN2SCNDRY_s_level_out_d2) is unused and will be removed from module proc_sys_reset.
WARNING: [Synth 8-3332] Sequential element (EXT_LPF/ACTIVE_LOW_AUX.ACT_LO_AUX/GENERATE_LEVEL_P_S_CDC.SINGLE_BIT.CROSS_PLEVEL_IN2SCNDRY_s_level_out_d3) is unused and will be removed from module proc_sys_reset.
WARNING: [Synth 8-3332] Sequential element (EXT_LPF/ACTIVE_LOW_AUX.ACT_LO_AUX/GENERATE_LEVEL_P_S_CDC.SINGLE_BIT.CROSS_PLEVEL_IN2SCNDRY_s_level_out_d4) is unused and will be removed from module proc_sys_reset.
WARNING: [Synth 8-3332] Sequential element (EXT_LPF/ACTIVE_LOW_AUX.ACT_LO_AUX/GENERATE_LEVEL_P_S_CDC.SINGLE_BIT.CROSS_PLEVEL_IN2SCNDRY_s_level_out_d5) is unused and will be removed from module proc_sys_reset.
WARNING: [Synth 8-3332] Sequential element (EXT_LPF/ACTIVE_LOW_AUX.ACT_LO_AUX/GENERATE_LEVEL_P_S_CDC.SINGLE_BIT.CROSS_PLEVEL_IN2SCNDRY_s_level_out_d6) is unused and will be removed from module proc_sys_reset.
WARNING: [Synth 8-3332] Sequential element (FDRE_inst) is unused and will be removed from module proc_sys_reset.
WARNING: [Synth 8-3332] Sequential element (BSR_OUT_DFF[0].FDRE_BSR) is unused and will be removed from module proc_sys_reset.
WARNING: [Synth 8-3332] Sequential element (ACTIVE_LOW_BSR_OUT_DFF[0].FDRE_BSR_N) is unused and will be removed from module proc_sys_reset.
WARNING: [Synth 8-3332] Sequential element (PR_OUT_DFF[0].FDRE_PER) is unused and will be removed from module proc_sys_reset.
---------------------------------------------------------------------------------
Finished Cross Boundary and Area Optimization : Time (s): cpu = 00:05:53 ; elapsed = 00:06:06 . Memory (MB): peak = 3329.254 ; gain = 1853.031
---------------------------------------------------------------------------------
INFO: [Synth 8-5775] Found 'rw_addr_collision' attribute set to 'no' on SDP RAM gen_wr_a.gen_word_narrow.mem_reg. Setting write mode to NO_CHANGE 
INFO: [Synth 8-5775] Found 'rw_addr_collision' attribute set to 'no' on SDP RAM gen_wr_a.gen_word_narrow.mem_reg. Setting write mode to NO_CHANGE 
INFO: [Synth 8-5775] Found 'rw_addr_collision' attribute set to 'no' on SDP RAM gen_wr_a.gen_word_narrow.mem_reg. Setting write mode to NO_CHANGE 
INFO: [Synth 8-5775] Found 'rw_addr_collision' attribute set to 'no' on SDP RAM gen_wr_a.gen_word_narrow.mem_reg. Setting write mode to NO_CHANGE 
---------------------------------------------------------------------------------
Start ROM, RAM, DSP, Shift Register and Retiming Reporting
---------------------------------------------------------------------------------

Block RAM: Preliminary Mapping Report (see note below)
+---------------------------------------------------------------------------------------------------------------------------------------------------------------------------------------------------------------------------------------------------------+----------------------------------+------------------------+---+---+------------------------+---+---+------------------+--------+--------+-----------------+
|Module Name                                                                                                                                                                                                                                              | RTL Object                       | PORT A (Depth x Width) | W | R | PORT B (Depth x Width) | W | R | Ports driving FF | RAMB18 | RAMB36 | Cascade Heights | 
+---------------------------------------------------------------------------------------------------------------------------------------------------------------------------------------------------------------------------------------------------------+----------------------------------+------------------------+---+---+------------------------+---+---+------------------+--------+--------+-----------------+
|mixer_nco_i/i_0/axi_dma_0/U0/\I_PRMRY_DATAMOVER/GEN_MM2S_FULL.I_MM2S_FULL_WRAPPER/GEN_INCLUDE_MM2S_SF.I_RD_SF/I_DATA_FIFO/BLK_MEM.I_SYNC_FIFOGEN_FIFO/xpm_fifo_instance.xpm_fifo_sync_inst /xpm_fifo_base_inst/\gen_sdpram.xpm_memory_base_inst          | gen_wr_a.gen_word_narrow.mem_reg | 128 x 39(NO_CHANGE)    | W |   | 128 x 39(NO_CHANGE)    |   | R | Port A and B     | 0      | 1      |                 | 
|mixer_nco_i/i_0/axi_dma_0/U0/\I_PRMRY_DATAMOVER/GEN_S2MM_FULL.I_S2MM_FULL_WRAPPER/GEN_ENABLE_INDET_BTT_SF.I_INDET_BTT/I_DATA_FIFO/BLK_MEM.I_SYNC_FIFOGEN_FIFO/xpm_fifo_instance.xpm_fifo_sync_inst /xpm_fifo_base_inst/\gen_sdpram.xpm_memory_base_inst  | gen_wr_a.gen_word_narrow.mem_reg | 128 x 38(NO_CHANGE)    | W |   | 128 x 38(NO_CHANGE)    |   | R | Port A and B     | 0      | 1      |                 | 
+---------------------------------------------------------------------------------------------------------------------------------------------------------------------------------------------------------------------------------------------------------+----------------------------------+------------------------+---+---+------------------------+---+---+------------------+--------+--------+-----------------+

Note: The table above is a preliminary report that shows the Block RAMs at the current stage of the synthesis flow. Some Block RAMs may be reimplemented as non Block RAM primitives later in the synthesis flow. Multiple instantiated Block RAMs are reported only once. 

Distributed RAM: Preliminary Mapping Report (see note below)
+-----------------------------------------------------------------------------------------------------------------------------------------------------------------------------------------------------------------------------------------------------------+----------------------------------+----------------+----------------------+----------------+
|Module Name                                                                                                                                                                                                                                                | RTL Object                       | Inference      | Size (Depth x Width) | Primitives     | 
+-----------------------------------------------------------------------------------------------------------------------------------------------------------------------------------------------------------------------------------------------------------+----------------------------------+----------------+----------------------+----------------+
|mixer_nco_i/smartconnect_0/insti_2/\m00_nodes/m00_ar_node/inst /\inst_mi_handler/gen_normal_area.inst_fifo_node_payld/gen_xpm_memory_fifo.inst_fifo/gen_mem_rep[0].inst_xpm_memory /xpm_memory_base_inst                                                   | gen_wr_a.gen_word_narrow.mem_reg | User Attribute | 32 x 187             | RAM32M16 x 14  | 
|mixer_nco_i/smartconnect_0/insti_2/\m00_nodes/m00_aw_node/inst /\inst_mi_handler/gen_normal_area.inst_fifo_node_payld/gen_xpm_memory_fifo.inst_fifo/gen_mem_rep[0].inst_xpm_memory /xpm_memory_base_inst                                                   | gen_wr_a.gen_word_narrow.mem_reg | User Attribute | 32 x 187             | RAM32M16 x 14  | 
|mixer_nco_i/smartconnect_0/insti_2/\m00_nodes/m00_b_node/inst /\inst_mi_handler/gen_normal_area.gen_fifo_req.inst_fifo_req/gen_xpm_memory_fifo.inst_fifo/gen_mem_rep[0].inst_xpm_memory /xpm_memory_base_inst                                              | gen_wr_a.gen_word_narrow.mem_reg | User Attribute | 32 x 20              | RAM32M16 x 2   | 
|mixer_nco_i/smartconnect_0/insti_2/\m00_nodes/m00_b_node/inst /\inst_mi_handler/gen_normal_area.inst_fifo_node_payld/gen_xpm_memory_fifo.inst_fifo/gen_mem_rep[0].inst_xpm_memory /xpm_memory_base_inst                                                    | gen_wr_a.gen_word_narrow.mem_reg | User Attribute | 32 x 10              | RAM32M16 x 1   | 
|mixer_nco_i/smartconnect_0/insti_2/\m00_nodes/m00_r_node/inst /\inst_mi_handler/gen_normal_area.gen_fifo_req.inst_fifo_req/gen_xpm_memory_fifo.inst_fifo/gen_mem_rep[0].inst_xpm_memory /xpm_memory_base_inst                                              | gen_wr_a.gen_word_narrow.mem_reg | User Attribute | 32 x 20              | RAM32M16 x 2   | 
|mixer_nco_i/smartconnect_0/insti_2/\m00_nodes/m00_r_node/inst /\inst_mi_handler/gen_normal_area.inst_fifo_node_payld/gen_xpm_memory_fifo.inst_fifo/gen_mem_rep[0].inst_xpm_memory /xpm_memory_base_inst                                                    | gen_wr_a.gen_word_narrow.mem_reg | User Attribute | 32 x 152             | RAM32M16 x 11  | 
|mixer_nco_i/smartconnect_0/insti_2/\m00_nodes/m00_w_node/inst /\inst_si_handler/gen_si_handler.gen_request_fifos.gen_req_fifo[0].inst_req_fifo/gen_xpm_memory_fifo.inst_fifo/gen_mem_rep[0].inst_xpm_memory /xpm_memory_base_inst                          | gen_wr_a.gen_word_narrow.mem_reg | User Attribute | 4 x 1                | RAM16X1D x 1   | 
|mixer_nco_i/smartconnect_0/insti_2/\m00_nodes/m00_w_node/inst /\inst_si_handler/gen_si_handler.gen_request_fifos.gen_req_fifo[2].inst_req_fifo/gen_xpm_memory_fifo.inst_fifo/gen_mem_rep[0].inst_xpm_memory /xpm_memory_base_inst                          | gen_wr_a.gen_word_narrow.mem_reg | User Attribute | 4 x 1                | RAM16X1D x 1   | 
|mixer_nco_i/smartconnect_0/insti_2/\m00_nodes/m00_w_node/inst /\inst_mi_handler/gen_normal_area.inst_fifo_node_payld/gen_xpm_memory_fifo.inst_fifo/gen_mem_rep[0].inst_xpm_memory /xpm_memory_base_inst                                                    | gen_wr_a.gen_word_narrow.mem_reg | User Attribute | 32 x 181             | RAM32M16 x 13  | 
|mixer_nco_i/smartconnect_0/insti_2/\m01_nodes/m01_ar_node/inst /\inst_mi_handler/gen_normal_area.inst_fifo_node_payld/gen_xpm_memory_fifo.inst_fifo/gen_mem_rep[0].inst_xpm_memory /xpm_memory_base_inst                                                   | gen_wr_a.gen_word_narrow.mem_reg | User Attribute | 32 x 187             | RAM32M16 x 14  | 
|mixer_nco_i/smartconnect_0/insti_2/\m01_nodes/m01_aw_node/inst /\inst_mi_handler/gen_normal_area.inst_fifo_node_payld/gen_xpm_memory_fifo.inst_fifo/gen_mem_rep[0].inst_xpm_memory /xpm_memory_base_inst                                                   | gen_wr_a.gen_word_narrow.mem_reg | User Attribute | 32 x 187             | RAM32M16 x 14  | 
|mixer_nco_i/smartconnect_0/insti_2/\m01_nodes/m01_b_node/inst /\inst_mi_handler/gen_normal_area.gen_fifo_req.inst_fifo_req/gen_xpm_memory_fifo.inst_fifo/gen_mem_rep[0].inst_xpm_memory /xpm_memory_base_inst                                              | gen_wr_a.gen_word_narrow.mem_reg | User Attribute | 32 x 20              | RAM32M16 x 2   | 
|mixer_nco_i/smartconnect_0/insti_2/\m01_nodes/m01_b_node/inst /\inst_mi_handler/gen_normal_area.inst_fifo_node_payld/gen_xpm_memory_fifo.inst_fifo/gen_mem_rep[0].inst_xpm_memory /xpm_memory_base_inst                                                    | gen_wr_a.gen_word_narrow.mem_reg | User Attribute | 32 x 10              | RAM32M16 x 1   | 
|mixer_nco_i/smartconnect_0/insti_2/\m01_nodes/m01_r_node/inst /\inst_mi_handler/gen_normal_area.gen_fifo_req.inst_fifo_req/gen_xpm_memory_fifo.inst_fifo/gen_mem_rep[0].inst_xpm_memory /xpm_memory_base_inst                                              | gen_wr_a.gen_word_narrow.mem_reg | User Attribute | 32 x 20              | RAM32M16 x 2   | 
|mixer_nco_i/smartconnect_0/insti_2/\m01_nodes/m01_r_node/inst /\inst_mi_handler/gen_normal_area.inst_fifo_node_payld/gen_xpm_memory_fifo.inst_fifo/gen_mem_rep[0].inst_xpm_memory /xpm_memory_base_inst                                                    | gen_wr_a.gen_word_narrow.mem_reg | User Attribute | 32 x 152             | RAM32M16 x 11  | 
|mixer_nco_i/smartconnect_0/insti_2/\m01_nodes/m01_w_node/inst /\inst_si_handler/gen_si_handler.gen_request_fifos.gen_req_fifo[0].inst_req_fifo/gen_xpm_memory_fifo.inst_fifo/gen_mem_rep[0].inst_xpm_memory /xpm_memory_base_inst                          | gen_wr_a.gen_word_narrow.mem_reg | User Attribute | 4 x 1                | RAM16X1D x 1   | 
|mixer_nco_i/smartconnect_0/insti_2/\m01_nodes/m01_w_node/inst /\inst_mi_handler/gen_normal_area.inst_fifo_node_payld/gen_xpm_memory_fifo.inst_fifo/gen_mem_rep[0].inst_xpm_memory /xpm_memory_base_inst                                                    | gen_wr_a.gen_word_narrow.mem_reg | User Attribute | 32 x 181             | RAM32M16 x 13  | 
|mixer_nco_i/smartconnect_0/insti_2/\s00_nodes/s00_ar_node/inst /\inst_mi_handler/gen_normal_area.gen_fifo_req.inst_fifo_req/gen_xpm_memory_fifo.inst_fifo/gen_mem_rep[0].inst_xpm_memory /xpm_memory_base_inst                                             | gen_wr_a.gen_word_narrow.mem_reg | User Attribute | 32 x 19              | RAM32M16 x 2   | 
|mixer_nco_i/smartconnect_0/insti_2/\s00_nodes/s00_ar_node/inst /\inst_mi_handler/gen_normal_area.inst_fifo_node_payld/gen_xpm_memory_fifo.inst_fifo/gen_mem_rep[0].inst_xpm_memory /xpm_memory_base_inst                                                   | gen_wr_a.gen_word_narrow.mem_reg | User Attribute | 32 x 168             | RAM32M16 x 12  | 
|mixer_nco_i/smartconnect_0/insti_2/\s00_nodes/s00_aw_node/inst /\inst_mi_handler/gen_normal_area.gen_fifo_req.inst_fifo_req/gen_xpm_memory_fifo.inst_fifo/gen_mem_rep[0].inst_xpm_memory /xpm_memory_base_inst                                             | gen_wr_a.gen_word_narrow.mem_reg | User Attribute | 32 x 19              | RAM32M16 x 2   | 
|mixer_nco_i/smartconnect_0/insti_2/\s00_nodes/s00_aw_node/inst /\inst_mi_handler/gen_normal_area.inst_fifo_node_payld/gen_xpm_memory_fifo.inst_fifo/gen_mem_rep[0].inst_xpm_memory /xpm_memory_base_inst                                                   | gen_wr_a.gen_word_narrow.mem_reg | User Attribute | 32 x 168             | RAM32M16 x 12  | 
|mixer_nco_i/smartconnect_0/insti_2/\s00_nodes/s00_b_node/inst /\inst_mi_handler/gen_normal_area.inst_fifo_node_payld/gen_xpm_memory_fifo.inst_fifo/gen_mem_rep[0].inst_xpm_memory /xpm_memory_base_inst                                                    | gen_wr_a.gen_word_narrow.mem_reg | User Attribute | 32 x 28              | RAM32M16 x 2   | 
|mixer_nco_i/smartconnect_0/insti_2/\s00_nodes/s00_r_node/inst /\inst_mi_handler/gen_normal_area.inst_fifo_node_payld/gen_xpm_memory_fifo.inst_fifo/gen_mem_rep[0].inst_xpm_memory /xpm_memory_base_inst                                                    | gen_wr_a.gen_word_narrow.mem_reg | User Attribute | 32 x 170             | RAM32M16 x 13  | 
|mixer_nco_i/smartconnect_0/insti_2/\s00_nodes/s00_w_node/inst /\inst_mi_handler/gen_normal_area.gen_fifo_req.inst_fifo_req/gen_xpm_memory_fifo.inst_fifo/gen_mem_rep[0].inst_xpm_memory /xpm_memory_base_inst                                              | gen_wr_a.gen_word_narrow.mem_reg | User Attribute | 32 x 19              | RAM32M16 x 2   | 
|mixer_nco_i/smartconnect_0/insti_2/\s00_nodes/s00_w_node/inst /\inst_mi_handler/gen_normal_area.inst_fifo_node_payld/gen_xpm_memory_fifo.inst_fifo/gen_mem_rep[0].inst_xpm_memory /xpm_memory_base_inst                                                    | gen_wr_a.gen_word_narrow.mem_reg | User Attribute | 32 x 161             | RAM32M16 x 12  | 
|mixer_nco_i/smartconnect_0/insti_2/\s01_nodes/s01_ar_node/inst /\inst_mi_handler/gen_normal_area.gen_fifo_req.inst_fifo_req/gen_xpm_memory_fifo.inst_fifo/gen_mem_rep[0].inst_xpm_memory /xpm_memory_base_inst                                             | gen_wr_a.gen_word_narrow.mem_reg | User Attribute | 32 x 19              | RAM32M16 x 2   | 
|mixer_nco_i/smartconnect_0/insti_2/\s01_nodes/s01_ar_node/inst /\inst_mi_handler/gen_normal_area.inst_fifo_node_payld/gen_xpm_memory_fifo.inst_fifo/gen_mem_rep[0].inst_xpm_memory /xpm_memory_base_inst                                                   | gen_wr_a.gen_word_narrow.mem_reg | User Attribute | 32 x 168             | RAM32M16 x 12  | 
|mixer_nco_i/smartconnect_0/insti_2/\s01_nodes/s01_r_node/inst /\inst_mi_handler/gen_normal_area.inst_fifo_node_payld/gen_xpm_memory_fifo.inst_fifo/gen_mem_rep[0].inst_xpm_memory /xpm_memory_base_inst                                                    | gen_wr_a.gen_word_narrow.mem_reg | User Attribute | 32 x 171             | RAM32M16 x 13  | 
|mixer_nco_i/smartconnect_0/insti_2/\s02_nodes/s02_aw_node/inst /\inst_mi_handler/gen_normal_area.gen_fifo_req.inst_fifo_req/gen_xpm_memory_fifo.inst_fifo/gen_mem_rep[0].inst_xpm_memory /xpm_memory_base_inst                                             | gen_wr_a.gen_word_narrow.mem_reg | User Attribute | 32 x 19              | RAM32M16 x 2   | 
|mixer_nco_i/smartconnect_0/insti_2/\s02_nodes/s02_aw_node/inst /\inst_mi_handler/gen_normal_area.inst_fifo_node_payld/gen_xpm_memory_fifo.inst_fifo/gen_mem_rep[0].inst_xpm_memory /xpm_memory_base_inst                                                   | gen_wr_a.gen_word_narrow.mem_reg | User Attribute | 32 x 168             | RAM32M16 x 12  | 
|mixer_nco_i/smartconnect_0/insti_2/\s02_nodes/s02_b_node/inst /\inst_mi_handler/gen_normal_area.inst_fifo_node_payld/gen_xpm_memory_fifo.inst_fifo/gen_mem_rep[0].inst_xpm_memory /xpm_memory_base_inst                                                    | gen_wr_a.gen_word_narrow.mem_reg | User Attribute | 32 x 28              | RAM32M16 x 2   | 
|mixer_nco_i/smartconnect_0/insti_2/\s02_nodes/s02_w_node/inst /\inst_mi_handler/gen_normal_area.gen_fifo_req.inst_fifo_req/gen_xpm_memory_fifo.inst_fifo/gen_mem_rep[0].inst_xpm_memory /xpm_memory_base_inst                                              | gen_wr_a.gen_word_narrow.mem_reg | User Attribute | 32 x 19              | RAM32M16 x 2   | 
|mixer_nco_i/smartconnect_0/insti_2/\s02_nodes/s02_w_node/inst /\inst_mi_handler/gen_normal_area.inst_fifo_node_payld/gen_xpm_memory_fifo.inst_fifo/gen_mem_rep[0].inst_xpm_memory /xpm_memory_base_inst                                                    | gen_wr_a.gen_word_narrow.mem_reg | User Attribute | 32 x 161             | RAM32M16 x 12  | 
|mixer_nco_i/i_0/axi_dma_0/U0/\I_PRMRY_DATAMOVER/GEN_S2MM_FULL.I_S2MM_FULL_WRAPPER/GEN_ENABLE_INDET_BTT_SF.I_INDET_BTT/I_XD_FIFO/NON_BLK_MEM.I_SYNC_FIFOGEN_FIFO/xpm_fifo_instance.xpm_fifo_sync_inst /xpm_fifo_base_inst/\gen_sdpram.xpm_memory_base_inst  | gen_wr_a.gen_word_narrow.mem_reg | Implied        | 16 x 9               | RAM32M16 x 1   | 
+-----------------------------------------------------------------------------------------------------------------------------------------------------------------------------------------------------------------------------------------------------------+----------------------------------+----------------+----------------------+----------------+

Note: The table above is a preliminary report that shows the Distributed RAMs at the current stage of the synthesis flow. Some Distributed RAMs may be reimplemented as non Distributed RAM primitives later in the synthesis flow. Multiple instantiated RAMs are reported only once.
---------------------------------------------------------------------------------
Finished ROM, RAM, DSP, Shift Register and Retiming Reporting
---------------------------------------------------------------------------------
---------------------------------------------------------------------------------
Start Applying XDC Timing Constraints
---------------------------------------------------------------------------------
---------------------------------------------------------------------------------
Finished Applying XDC Timing Constraints : Time (s): cpu = 00:06:11 ; elapsed = 00:06:27 . Memory (MB): peak = 3911.672 ; gain = 2435.449
---------------------------------------------------------------------------------
---------------------------------------------------------------------------------
Start Timing Optimization
---------------------------------------------------------------------------------
INFO: [Synth 8-5775] Found 'rw_addr_collision' attribute set to 'no' on SDP RAM gen_wr_a.gen_word_narrow.mem_reg. Setting write mode to NO_CHANGE 
INFO: [Synth 8-5775] Found 'rw_addr_collision' attribute set to 'no' on SDP RAM gen_wr_a.gen_word_narrow.mem_reg. Setting write mode to NO_CHANGE 
---------------------------------------------------------------------------------
Finished Timing Optimization : Time (s): cpu = 00:06:30 ; elapsed = 00:06:47 . Memory (MB): peak = 4100.188 ; gain = 2623.965
---------------------------------------------------------------------------------
---------------------------------------------------------------------------------
Start ROM, RAM, DSP, Shift Register and Retiming Reporting
---------------------------------------------------------------------------------

Block RAM: Final Mapping Report
+---------------------------------------------------------------------------------------------------------------------------------------------------------------------------------------------------------------------------------------------------------+----------------------------------+------------------------+---+---+------------------------+---+---+------------------+--------+--------+-----------------+
|Module Name                                                                                                                                                                                                                                              | RTL Object                       | PORT A (Depth x Width) | W | R | PORT B (Depth x Width) | W | R | Ports driving FF | RAMB18 | RAMB36 | Cascade Heights | 
+---------------------------------------------------------------------------------------------------------------------------------------------------------------------------------------------------------------------------------------------------------+----------------------------------+------------------------+---+---+------------------------+---+---+------------------+--------+--------+-----------------+
|mixer_nco_i/i_0/axi_dma_0/U0/\I_PRMRY_DATAMOVER/GEN_MM2S_FULL.I_MM2S_FULL_WRAPPER/GEN_INCLUDE_MM2S_SF.I_RD_SF/I_DATA_FIFO/BLK_MEM.I_SYNC_FIFOGEN_FIFO/xpm_fifo_instance.xpm_fifo_sync_inst /xpm_fifo_base_inst/\gen_sdpram.xpm_memory_base_inst          | gen_wr_a.gen_word_narrow.mem_reg | 128 x 39(NO_CHANGE)    | W |   | 128 x 39(NO_CHANGE)    |   | R | Port A and B     | 0      | 1      |                 | 
|mixer_nco_i/i_0/axi_dma_0/U0/\I_PRMRY_DATAMOVER/GEN_S2MM_FULL.I_S2MM_FULL_WRAPPER/GEN_ENABLE_INDET_BTT_SF.I_INDET_BTT/I_DATA_FIFO/BLK_MEM.I_SYNC_FIFOGEN_FIFO/xpm_fifo_instance.xpm_fifo_sync_inst /xpm_fifo_base_inst/\gen_sdpram.xpm_memory_base_inst  | gen_wr_a.gen_word_narrow.mem_reg | 128 x 38(NO_CHANGE)    | W |   | 128 x 38(NO_CHANGE)    |   | R | Port A and B     | 0      | 1      |                 | 
+---------------------------------------------------------------------------------------------------------------------------------------------------------------------------------------------------------------------------------------------------------+----------------------------------+------------------------+---+---+------------------------+---+---+------------------+--------+--------+-----------------+


Distributed RAM: Final Mapping Report
+-----------------------------------------------------------------------------------------------------------------------------------------------------------------------------------------------------------------------------------------------------------+----------------------------------+----------------+----------------------+----------------+
|Module Name                                                                                                                                                                                                                                                | RTL Object                       | Inference      | Size (Depth x Width) | Primitives     | 
+-----------------------------------------------------------------------------------------------------------------------------------------------------------------------------------------------------------------------------------------------------------+----------------------------------+----------------+----------------------+----------------+
|mixer_nco_i/smartconnect_0/insti_2/\m00_nodes/m00_ar_node/inst /\inst_mi_handler/gen_normal_area.inst_fifo_node_payld/gen_xpm_memory_fifo.inst_fifo/gen_mem_rep[0].inst_xpm_memory /xpm_memory_base_inst                                                   | gen_wr_a.gen_word_narrow.mem_reg | User Attribute | 32 x 187             | RAM32M16 x 14  | 
|mixer_nco_i/smartconnect_0/insti_2/\m00_nodes/m00_aw_node/inst /\inst_mi_handler/gen_normal_area.inst_fifo_node_payld/gen_xpm_memory_fifo.inst_fifo/gen_mem_rep[0].inst_xpm_memory /xpm_memory_base_inst                                                   | gen_wr_a.gen_word_narrow.mem_reg | User Attribute | 32 x 187             | RAM32M16 x 14  | 
|mixer_nco_i/smartconnect_0/insti_2/\m00_nodes/m00_b_node/inst /\inst_mi_handler/gen_normal_area.gen_fifo_req.inst_fifo_req/gen_xpm_memory_fifo.inst_fifo/gen_mem_rep[0].inst_xpm_memory /xpm_memory_base_inst                                              | gen_wr_a.gen_word_narrow.mem_reg | User Attribute | 32 x 20              | RAM32M16 x 2   | 
|mixer_nco_i/smartconnect_0/insti_2/\m00_nodes/m00_b_node/inst /\inst_mi_handler/gen_normal_area.inst_fifo_node_payld/gen_xpm_memory_fifo.inst_fifo/gen_mem_rep[0].inst_xpm_memory /xpm_memory_base_inst                                                    | gen_wr_a.gen_word_narrow.mem_reg | User Attribute | 32 x 10              | RAM32M16 x 1   | 
|mixer_nco_i/smartconnect_0/insti_2/\m00_nodes/m00_r_node/inst /\inst_mi_handler/gen_normal_area.gen_fifo_req.inst_fifo_req/gen_xpm_memory_fifo.inst_fifo/gen_mem_rep[0].inst_xpm_memory /xpm_memory_base_inst                                              | gen_wr_a.gen_word_narrow.mem_reg | User Attribute | 32 x 20              | RAM32M16 x 2   | 
|mixer_nco_i/smartconnect_0/insti_2/\m00_nodes/m00_r_node/inst /\inst_mi_handler/gen_normal_area.inst_fifo_node_payld/gen_xpm_memory_fifo.inst_fifo/gen_mem_rep[0].inst_xpm_memory /xpm_memory_base_inst                                                    | gen_wr_a.gen_word_narrow.mem_reg | User Attribute | 32 x 152             | RAM32M16 x 11  | 
|mixer_nco_i/smartconnect_0/insti_2/\m00_nodes/m00_w_node/inst /\inst_si_handler/gen_si_handler.gen_request_fifos.gen_req_fifo[0].inst_req_fifo/gen_xpm_memory_fifo.inst_fifo/gen_mem_rep[0].inst_xpm_memory /xpm_memory_base_inst                          | gen_wr_a.gen_word_narrow.mem_reg | User Attribute | 4 x 1                | RAM16X1D x 1   | 
|mixer_nco_i/smartconnect_0/insti_2/\m00_nodes/m00_w_node/inst /\inst_si_handler/gen_si_handler.gen_request_fifos.gen_req_fifo[2].inst_req_fifo/gen_xpm_memory_fifo.inst_fifo/gen_mem_rep[0].inst_xpm_memory /xpm_memory_base_inst                          | gen_wr_a.gen_word_narrow.mem_reg | User Attribute | 4 x 1                | RAM16X1D x 1   | 
|mixer_nco_i/smartconnect_0/insti_2/\m00_nodes/m00_w_node/inst /\inst_mi_handler/gen_normal_area.inst_fifo_node_payld/gen_xpm_memory_fifo.inst_fifo/gen_mem_rep[0].inst_xpm_memory /xpm_memory_base_inst                                                    | gen_wr_a.gen_word_narrow.mem_reg | User Attribute | 32 x 181             | RAM32M16 x 13  | 
|mixer_nco_i/smartconnect_0/insti_2/\m01_nodes/m01_ar_node/inst /\inst_mi_handler/gen_normal_area.inst_fifo_node_payld/gen_xpm_memory_fifo.inst_fifo/gen_mem_rep[0].inst_xpm_memory /xpm_memory_base_inst                                                   | gen_wr_a.gen_word_narrow.mem_reg | User Attribute | 32 x 187             | RAM32M16 x 14  | 
|mixer_nco_i/smartconnect_0/insti_2/\m01_nodes/m01_aw_node/inst /\inst_mi_handler/gen_normal_area.inst_fifo_node_payld/gen_xpm_memory_fifo.inst_fifo/gen_mem_rep[0].inst_xpm_memory /xpm_memory_base_inst                                                   | gen_wr_a.gen_word_narrow.mem_reg | User Attribute | 32 x 187             | RAM32M16 x 14  | 
|mixer_nco_i/smartconnect_0/insti_2/\m01_nodes/m01_b_node/inst /\inst_mi_handler/gen_normal_area.gen_fifo_req.inst_fifo_req/gen_xpm_memory_fifo.inst_fifo/gen_mem_rep[0].inst_xpm_memory /xpm_memory_base_inst                                              | gen_wr_a.gen_word_narrow.mem_reg | User Attribute | 32 x 20              | RAM32M16 x 2   | 
|mixer_nco_i/smartconnect_0/insti_2/\m01_nodes/m01_b_node/inst /\inst_mi_handler/gen_normal_area.inst_fifo_node_payld/gen_xpm_memory_fifo.inst_fifo/gen_mem_rep[0].inst_xpm_memory /xpm_memory_base_inst                                                    | gen_wr_a.gen_word_narrow.mem_reg | User Attribute | 32 x 10              | RAM32M16 x 1   | 
|mixer_nco_i/smartconnect_0/insti_2/\m01_nodes/m01_r_node/inst /\inst_mi_handler/gen_normal_area.gen_fifo_req.inst_fifo_req/gen_xpm_memory_fifo.inst_fifo/gen_mem_rep[0].inst_xpm_memory /xpm_memory_base_inst                                              | gen_wr_a.gen_word_narrow.mem_reg | User Attribute | 32 x 20              | RAM32M16 x 2   | 
|mixer_nco_i/smartconnect_0/insti_2/\m01_nodes/m01_r_node/inst /\inst_mi_handler/gen_normal_area.inst_fifo_node_payld/gen_xpm_memory_fifo.inst_fifo/gen_mem_rep[0].inst_xpm_memory /xpm_memory_base_inst                                                    | gen_wr_a.gen_word_narrow.mem_reg | User Attribute | 32 x 152             | RAM32M16 x 11  | 
|mixer_nco_i/smartconnect_0/insti_2/\m01_nodes/m01_w_node/inst /\inst_si_handler/gen_si_handler.gen_request_fifos.gen_req_fifo[0].inst_req_fifo/gen_xpm_memory_fifo.inst_fifo/gen_mem_rep[0].inst_xpm_memory /xpm_memory_base_inst                          | gen_wr_a.gen_word_narrow.mem_reg | User Attribute | 4 x 1                | RAM16X1D x 1   | 
|mixer_nco_i/smartconnect_0/insti_2/\m01_nodes/m01_w_node/inst /\inst_mi_handler/gen_normal_area.inst_fifo_node_payld/gen_xpm_memory_fifo.inst_fifo/gen_mem_rep[0].inst_xpm_memory /xpm_memory_base_inst                                                    | gen_wr_a.gen_word_narrow.mem_reg | User Attribute | 32 x 181             | RAM32M16 x 13  | 
|mixer_nco_i/smartconnect_0/insti_2/\s00_nodes/s00_ar_node/inst /\inst_mi_handler/gen_normal_area.gen_fifo_req.inst_fifo_req/gen_xpm_memory_fifo.inst_fifo/gen_mem_rep[0].inst_xpm_memory /xpm_memory_base_inst                                             | gen_wr_a.gen_word_narrow.mem_reg | User Attribute | 32 x 19              | RAM32M16 x 2   | 
|mixer_nco_i/smartconnect_0/insti_2/\s00_nodes/s00_ar_node/inst /\inst_mi_handler/gen_normal_area.inst_fifo_node_payld/gen_xpm_memory_fifo.inst_fifo/gen_mem_rep[0].inst_xpm_memory /xpm_memory_base_inst                                                   | gen_wr_a.gen_word_narrow.mem_reg | User Attribute | 32 x 168             | RAM32M16 x 12  | 
|mixer_nco_i/smartconnect_0/insti_2/\s00_nodes/s00_aw_node/inst /\inst_mi_handler/gen_normal_area.gen_fifo_req.inst_fifo_req/gen_xpm_memory_fifo.inst_fifo/gen_mem_rep[0].inst_xpm_memory /xpm_memory_base_inst                                             | gen_wr_a.gen_word_narrow.mem_reg | User Attribute | 32 x 19              | RAM32M16 x 2   | 
|mixer_nco_i/smartconnect_0/insti_2/\s00_nodes/s00_aw_node/inst /\inst_mi_handler/gen_normal_area.inst_fifo_node_payld/gen_xpm_memory_fifo.inst_fifo/gen_mem_rep[0].inst_xpm_memory /xpm_memory_base_inst                                                   | gen_wr_a.gen_word_narrow.mem_reg | User Attribute | 32 x 168             | RAM32M16 x 12  | 
|mixer_nco_i/smartconnect_0/insti_2/\s00_nodes/s00_b_node/inst /\inst_mi_handler/gen_normal_area.inst_fifo_node_payld/gen_xpm_memory_fifo.inst_fifo/gen_mem_rep[0].inst_xpm_memory /xpm_memory_base_inst                                                    | gen_wr_a.gen_word_narrow.mem_reg | User Attribute | 32 x 28              | RAM32M16 x 2   | 
|mixer_nco_i/smartconnect_0/insti_2/\s00_nodes/s00_r_node/inst /\inst_mi_handler/gen_normal_area.inst_fifo_node_payld/gen_xpm_memory_fifo.inst_fifo/gen_mem_rep[0].inst_xpm_memory /xpm_memory_base_inst                                                    | gen_wr_a.gen_word_narrow.mem_reg | User Attribute | 32 x 170             | RAM32M16 x 13  | 
|mixer_nco_i/smartconnect_0/insti_2/\s00_nodes/s00_w_node/inst /\inst_mi_handler/gen_normal_area.gen_fifo_req.inst_fifo_req/gen_xpm_memory_fifo.inst_fifo/gen_mem_rep[0].inst_xpm_memory /xpm_memory_base_inst                                              | gen_wr_a.gen_word_narrow.mem_reg | User Attribute | 32 x 19              | RAM32M16 x 2   | 
|mixer_nco_i/smartconnect_0/insti_2/\s00_nodes/s00_w_node/inst /\inst_mi_handler/gen_normal_area.inst_fifo_node_payld/gen_xpm_memory_fifo.inst_fifo/gen_mem_rep[0].inst_xpm_memory /xpm_memory_base_inst                                                    | gen_wr_a.gen_word_narrow.mem_reg | User Attribute | 32 x 161             | RAM32M16 x 12  | 
|mixer_nco_i/smartconnect_0/insti_2/\s01_nodes/s01_ar_node/inst /\inst_mi_handler/gen_normal_area.gen_fifo_req.inst_fifo_req/gen_xpm_memory_fifo.inst_fifo/gen_mem_rep[0].inst_xpm_memory /xpm_memory_base_inst                                             | gen_wr_a.gen_word_narrow.mem_reg | User Attribute | 32 x 19              | RAM32M16 x 2   | 
|mixer_nco_i/smartconnect_0/insti_2/\s01_nodes/s01_ar_node/inst /\inst_mi_handler/gen_normal_area.inst_fifo_node_payld/gen_xpm_memory_fifo.inst_fifo/gen_mem_rep[0].inst_xpm_memory /xpm_memory_base_inst                                                   | gen_wr_a.gen_word_narrow.mem_reg | User Attribute | 32 x 168             | RAM32M16 x 12  | 
|mixer_nco_i/smartconnect_0/insti_2/\s01_nodes/s01_r_node/inst /\inst_mi_handler/gen_normal_area.inst_fifo_node_payld/gen_xpm_memory_fifo.inst_fifo/gen_mem_rep[0].inst_xpm_memory /xpm_memory_base_inst                                                    | gen_wr_a.gen_word_narrow.mem_reg | User Attribute | 32 x 171             | RAM32M16 x 13  | 
|mixer_nco_i/smartconnect_0/insti_2/\s02_nodes/s02_aw_node/inst /\inst_mi_handler/gen_normal_area.gen_fifo_req.inst_fifo_req/gen_xpm_memory_fifo.inst_fifo/gen_mem_rep[0].inst_xpm_memory /xpm_memory_base_inst                                             | gen_wr_a.gen_word_narrow.mem_reg | User Attribute | 32 x 19              | RAM32M16 x 2   | 
|mixer_nco_i/smartconnect_0/insti_2/\s02_nodes/s02_aw_node/inst /\inst_mi_handler/gen_normal_area.inst_fifo_node_payld/gen_xpm_memory_fifo.inst_fifo/gen_mem_rep[0].inst_xpm_memory /xpm_memory_base_inst                                                   | gen_wr_a.gen_word_narrow.mem_reg | User Attribute | 32 x 168             | RAM32M16 x 12  | 
|mixer_nco_i/smartconnect_0/insti_2/\s02_nodes/s02_b_node/inst /\inst_mi_handler/gen_normal_area.inst_fifo_node_payld/gen_xpm_memory_fifo.inst_fifo/gen_mem_rep[0].inst_xpm_memory /xpm_memory_base_inst                                                    | gen_wr_a.gen_word_narrow.mem_reg | User Attribute | 32 x 28              | RAM32M16 x 2   | 
|mixer_nco_i/smartconnect_0/insti_2/\s02_nodes/s02_w_node/inst /\inst_mi_handler/gen_normal_area.gen_fifo_req.inst_fifo_req/gen_xpm_memory_fifo.inst_fifo/gen_mem_rep[0].inst_xpm_memory /xpm_memory_base_inst                                              | gen_wr_a.gen_word_narrow.mem_reg | User Attribute | 32 x 19              | RAM32M16 x 2   | 
|mixer_nco_i/smartconnect_0/insti_2/\s02_nodes/s02_w_node/inst /\inst_mi_handler/gen_normal_area.inst_fifo_node_payld/gen_xpm_memory_fifo.inst_fifo/gen_mem_rep[0].inst_xpm_memory /xpm_memory_base_inst                                                    | gen_wr_a.gen_word_narrow.mem_reg | User Attribute | 32 x 161             | RAM32M16 x 12  | 
|mixer_nco_i/i_0/axi_dma_0/U0/\I_PRMRY_DATAMOVER/GEN_S2MM_FULL.I_S2MM_FULL_WRAPPER/GEN_ENABLE_INDET_BTT_SF.I_INDET_BTT/I_XD_FIFO/NON_BLK_MEM.I_SYNC_FIFOGEN_FIFO/xpm_fifo_instance.xpm_fifo_sync_inst /xpm_fifo_base_inst/\gen_sdpram.xpm_memory_base_inst  | gen_wr_a.gen_word_narrow.mem_reg | Implied        | 16 x 9               | RAM32M16 x 1   | 
+-----------------------------------------------------------------------------------------------------------------------------------------------------------------------------------------------------------------------------------------------------------+----------------------------------+----------------+----------------------+----------------+

---------------------------------------------------------------------------------
Finished ROM, RAM, DSP, Shift Register and Retiming Reporting
---------------------------------------------------------------------------------
---------------------------------------------------------------------------------
Start Technology Mapping
---------------------------------------------------------------------------------
INFO: [Synth 8-3332] Sequential element (gen_endpoint.decerr_slave_inst/FSM_onehot_gen_axi.gen_write.write_cs_reg[2]) is unused and will be removed from module sc_mmu_v1_0_11_top__parameterized0.
INFO: [Synth 8-3332] Sequential element (gen_endpoint.decerr_slave_inst/FSM_onehot_gen_axi.gen_write.write_cs_reg[1]) is unused and will be removed from module sc_mmu_v1_0_11_top__parameterized0.
INFO: [Synth 8-3332] Sequential element (gen_endpoint.decerr_slave_inst/FSM_onehot_gen_axi.gen_write.write_cs_reg[0]) is unused and will be removed from module sc_mmu_v1_0_11_top__parameterized0.
---------------------------------------------------------------------------------
Finished Technology Mapping : Time (s): cpu = 00:06:47 ; elapsed = 00:07:06 . Memory (MB): peak = 4100.188 ; gain = 2623.965
---------------------------------------------------------------------------------
---------------------------------------------------------------------------------
Start IO Insertion
---------------------------------------------------------------------------------
---------------------------------------------------------------------------------
Start Flattening Before IO Insertion
---------------------------------------------------------------------------------
---------------------------------------------------------------------------------
Finished Flattening Before IO Insertion
---------------------------------------------------------------------------------
---------------------------------------------------------------------------------
Start Final Netlist Cleanup
---------------------------------------------------------------------------------
---------------------------------------------------------------------------------
Finished Final Netlist Cleanup
---------------------------------------------------------------------------------
WARNING: [Synth 8-3295] tying undriven pin I_AXI_DMA_REG_MODULE/strm_valid_int2_inferred:in0 to constant 0
WARNING: [Synth 8-3295] tying undriven pin I_AXI_DMA_REG_MODULE/strm_valid_int_cdc_to_inferred:in0 to constant 0
WARNING: [Synth 8-3295] tying undriven pin trace_ctl_pipe[0]_inferred:in0 to constant 0
WARNING: [Synth 8-3295] tying undriven pin trace_data_pipe[0]_inferred:in0[31] to constant 0
WARNING: [Synth 8-3295] tying undriven pin trace_data_pipe[0]_inferred:in0[30] to constant 0
WARNING: [Synth 8-3295] tying undriven pin trace_data_pipe[0]_inferred:in0[29] to constant 0
WARNING: [Synth 8-3295] tying undriven pin trace_data_pipe[0]_inferred:in0[28] to constant 0
WARNING: [Synth 8-3295] tying undriven pin trace_data_pipe[0]_inferred:in0[27] to constant 0
WARNING: [Synth 8-3295] tying undriven pin trace_data_pipe[0]_inferred:in0[26] to constant 0
WARNING: [Synth 8-3295] tying undriven pin trace_data_pipe[0]_inferred:in0[25] to constant 0
WARNING: [Synth 8-3295] tying undriven pin trace_data_pipe[0]_inferred:in0[24] to constant 0
WARNING: [Synth 8-3295] tying undriven pin trace_data_pipe[0]_inferred:in0[23] to constant 0
WARNING: [Synth 8-3295] tying undriven pin trace_data_pipe[0]_inferred:in0[22] to constant 0
WARNING: [Synth 8-3295] tying undriven pin trace_data_pipe[0]_inferred:in0[21] to constant 0
WARNING: [Synth 8-3295] tying undriven pin trace_data_pipe[0]_inferred:in0[20] to constant 0
WARNING: [Synth 8-3295] tying undriven pin trace_data_pipe[0]_inferred:in0[19] to constant 0
WARNING: [Synth 8-3295] tying undriven pin trace_data_pipe[0]_inferred:in0[18] to constant 0
WARNING: [Synth 8-3295] tying undriven pin trace_data_pipe[0]_inferred:in0[17] to constant 0
WARNING: [Synth 8-3295] tying undriven pin trace_data_pipe[0]_inferred:in0[16] to constant 0
WARNING: [Synth 8-3295] tying undriven pin trace_data_pipe[0]_inferred:in0[15] to constant 0
WARNING: [Synth 8-3295] tying undriven pin trace_data_pipe[0]_inferred:in0[14] to constant 0
WARNING: [Synth 8-3295] tying undriven pin trace_data_pipe[0]_inferred:in0[13] to constant 0
WARNING: [Synth 8-3295] tying undriven pin trace_data_pipe[0]_inferred:in0[12] to constant 0
WARNING: [Synth 8-3295] tying undriven pin trace_data_pipe[0]_inferred:in0[11] to constant 0
WARNING: [Synth 8-3295] tying undriven pin trace_data_pipe[0]_inferred:in0[10] to constant 0
WARNING: [Synth 8-3295] tying undriven pin trace_data_pipe[0]_inferred:in0[9] to constant 0
WARNING: [Synth 8-3295] tying undriven pin trace_data_pipe[0]_inferred:in0[8] to constant 0
WARNING: [Synth 8-3295] tying undriven pin trace_data_pipe[0]_inferred:in0[7] to constant 0
WARNING: [Synth 8-3295] tying undriven pin trace_data_pipe[0]_inferred:in0[6] to constant 0
WARNING: [Synth 8-3295] tying undriven pin trace_data_pipe[0]_inferred:in0[5] to constant 0
WARNING: [Synth 8-3295] tying undriven pin trace_data_pipe[0]_inferred:in0[4] to constant 0
WARNING: [Synth 8-3295] tying undriven pin trace_data_pipe[0]_inferred:in0[3] to constant 0
WARNING: [Synth 8-3295] tying undriven pin trace_data_pipe[0]_inferred:in0[2] to constant 0
WARNING: [Synth 8-3295] tying undriven pin trace_data_pipe[0]_inferred:in0[1] to constant 0
WARNING: [Synth 8-3295] tying undriven pin trace_data_pipe[0]_inferred:in0[0] to constant 0
WARNING: [Synth 8-3295] tying undriven pin trace_ctl_pipe[7]_inferred:in0 to constant 0
WARNING: [Synth 8-3295] tying undriven pin trace_ctl_pipe[6]_inferred:in0 to constant 0
WARNING: [Synth 8-3295] tying undriven pin trace_ctl_pipe[5]_inferred:in0 to constant 0
WARNING: [Synth 8-3295] tying undriven pin trace_ctl_pipe[4]_inferred:in0 to constant 0
WARNING: [Synth 8-3295] tying undriven pin trace_ctl_pipe[3]_inferred:in0 to constant 0
WARNING: [Synth 8-3295] tying undriven pin trace_ctl_pipe[2]_inferred:in0 to constant 0
WARNING: [Synth 8-3295] tying undriven pin trace_ctl_pipe[1]_inferred:in0 to constant 0
WARNING: [Synth 8-3295] tying undriven pin trace_data_pipe[7]_inferred:in0[31] to constant 0
WARNING: [Synth 8-3295] tying undriven pin trace_data_pipe[7]_inferred:in0[30] to constant 0
WARNING: [Synth 8-3295] tying undriven pin trace_data_pipe[7]_inferred:in0[29] to constant 0
WARNING: [Synth 8-3295] tying undriven pin trace_data_pipe[7]_inferred:in0[28] to constant 0
WARNING: [Synth 8-3295] tying undriven pin trace_data_pipe[7]_inferred:in0[27] to constant 0
WARNING: [Synth 8-3295] tying undriven pin trace_data_pipe[7]_inferred:in0[26] to constant 0
WARNING: [Synth 8-3295] tying undriven pin trace_data_pipe[7]_inferred:in0[25] to constant 0
WARNING: [Synth 8-3295] tying undriven pin trace_data_pipe[7]_inferred:in0[24] to constant 0
WARNING: [Synth 8-3295] tying undriven pin trace_data_pipe[7]_inferred:in0[23] to constant 0
WARNING: [Synth 8-3295] tying undriven pin trace_data_pipe[7]_inferred:in0[22] to constant 0
WARNING: [Synth 8-3295] tying undriven pin trace_data_pipe[7]_inferred:in0[21] to constant 0
WARNING: [Synth 8-3295] tying undriven pin trace_data_pipe[7]_inferred:in0[20] to constant 0
WARNING: [Synth 8-3295] tying undriven pin trace_data_pipe[7]_inferred:in0[19] to constant 0
WARNING: [Synth 8-3295] tying undriven pin trace_data_pipe[7]_inferred:in0[18] to constant 0
WARNING: [Synth 8-3295] tying undriven pin trace_data_pipe[7]_inferred:in0[17] to constant 0
WARNING: [Synth 8-3295] tying undriven pin trace_data_pipe[7]_inferred:in0[16] to constant 0
WARNING: [Synth 8-3295] tying undriven pin trace_data_pipe[7]_inferred:in0[15] to constant 0
WARNING: [Synth 8-3295] tying undriven pin trace_data_pipe[7]_inferred:in0[14] to constant 0
WARNING: [Synth 8-3295] tying undriven pin trace_data_pipe[7]_inferred:in0[13] to constant 0
WARNING: [Synth 8-3295] tying undriven pin trace_data_pipe[7]_inferred:in0[12] to constant 0
WARNING: [Synth 8-3295] tying undriven pin trace_data_pipe[7]_inferred:in0[11] to constant 0
WARNING: [Synth 8-3295] tying undriven pin trace_data_pipe[7]_inferred:in0[10] to constant 0
WARNING: [Synth 8-3295] tying undriven pin trace_data_pipe[7]_inferred:in0[9] to constant 0
WARNING: [Synth 8-3295] tying undriven pin trace_data_pipe[7]_inferred:in0[8] to constant 0
WARNING: [Synth 8-3295] tying undriven pin trace_data_pipe[7]_inferred:in0[7] to constant 0
WARNING: [Synth 8-3295] tying undriven pin trace_data_pipe[7]_inferred:in0[6] to constant 0
WARNING: [Synth 8-3295] tying undriven pin trace_data_pipe[7]_inferred:in0[5] to constant 0
WARNING: [Synth 8-3295] tying undriven pin trace_data_pipe[7]_inferred:in0[4] to constant 0
WARNING: [Synth 8-3295] tying undriven pin trace_data_pipe[7]_inferred:in0[3] to constant 0
WARNING: [Synth 8-3295] tying undriven pin trace_data_pipe[7]_inferred:in0[2] to constant 0
WARNING: [Synth 8-3295] tying undriven pin trace_data_pipe[7]_inferred:in0[1] to constant 0
WARNING: [Synth 8-3295] tying undriven pin trace_data_pipe[7]_inferred:in0[0] to constant 0
WARNING: [Synth 8-3295] tying undriven pin trace_data_pipe[6]_inferred:in0[31] to constant 0
WARNING: [Synth 8-3295] tying undriven pin trace_data_pipe[6]_inferred:in0[30] to constant 0
WARNING: [Synth 8-3295] tying undriven pin trace_data_pipe[6]_inferred:in0[29] to constant 0
WARNING: [Synth 8-3295] tying undriven pin trace_data_pipe[6]_inferred:in0[28] to constant 0
WARNING: [Synth 8-3295] tying undriven pin trace_data_pipe[6]_inferred:in0[27] to constant 0
WARNING: [Synth 8-3295] tying undriven pin trace_data_pipe[6]_inferred:in0[26] to constant 0
WARNING: [Synth 8-3295] tying undriven pin trace_data_pipe[6]_inferred:in0[25] to constant 0
WARNING: [Synth 8-3295] tying undriven pin trace_data_pipe[6]_inferred:in0[24] to constant 0
WARNING: [Synth 8-3295] tying undriven pin trace_data_pipe[6]_inferred:in0[23] to constant 0
WARNING: [Synth 8-3295] tying undriven pin trace_data_pipe[6]_inferred:in0[22] to constant 0
WARNING: [Synth 8-3295] tying undriven pin trace_data_pipe[6]_inferred:in0[21] to constant 0
WARNING: [Synth 8-3295] tying undriven pin trace_data_pipe[6]_inferred:in0[20] to constant 0
WARNING: [Synth 8-3295] tying undriven pin trace_data_pipe[6]_inferred:in0[19] to constant 0
WARNING: [Synth 8-3295] tying undriven pin trace_data_pipe[6]_inferred:in0[18] to constant 0
WARNING: [Synth 8-3295] tying undriven pin trace_data_pipe[6]_inferred:in0[17] to constant 0
WARNING: [Synth 8-3295] tying undriven pin trace_data_pipe[6]_inferred:in0[16] to constant 0
WARNING: [Synth 8-3295] tying undriven pin trace_data_pipe[6]_inferred:in0[15] to constant 0
WARNING: [Synth 8-3295] tying undriven pin trace_data_pipe[6]_inferred:in0[14] to constant 0
WARNING: [Synth 8-3295] tying undriven pin trace_data_pipe[6]_inferred:in0[13] to constant 0
WARNING: [Synth 8-3295] tying undriven pin trace_data_pipe[6]_inferred:in0[12] to constant 0
WARNING: [Synth 8-3295] tying undriven pin trace_data_pipe[6]_inferred:in0[11] to constant 0
WARNING: [Synth 8-3295] tying undriven pin trace_data_pipe[6]_inferred:in0[10] to constant 0
WARNING: [Synth 8-3295] tying undriven pin trace_data_pipe[6]_inferred:in0[9] to constant 0
WARNING: [Synth 8-3295] tying undriven pin trace_data_pipe[6]_inferred:in0[8] to constant 0
WARNING: [Synth 8-3295] tying undriven pin trace_data_pipe[6]_inferred:in0[7] to constant 0
WARNING: [Synth 8-3295] tying undriven pin trace_data_pipe[6]_inferred:in0[6] to constant 0
INFO: [Common 17-14] Message 'Synth 8-3295' appears 100 times and further instances of the messages will be disabled. Use the Tcl command set_msg_config to change the current settings.
---------------------------------------------------------------------------------
Finished IO Insertion : Time (s): cpu = 00:06:55 ; elapsed = 00:07:15 . Memory (MB): peak = 4102.105 ; gain = 2625.883
---------------------------------------------------------------------------------
---------------------------------------------------------------------------------
Start Renaming Generated Instances
---------------------------------------------------------------------------------
---------------------------------------------------------------------------------
Finished Renaming Generated Instances : Time (s): cpu = 00:06:55 ; elapsed = 00:07:15 . Memory (MB): peak = 4102.105 ; gain = 2625.883
---------------------------------------------------------------------------------
---------------------------------------------------------------------------------
Start Rebuilding User Hierarchy
---------------------------------------------------------------------------------
---------------------------------------------------------------------------------
Finished Rebuilding User Hierarchy : Time (s): cpu = 00:06:59 ; elapsed = 00:07:18 . Memory (MB): peak = 4102.105 ; gain = 2625.883
---------------------------------------------------------------------------------
---------------------------------------------------------------------------------
Start Renaming Generated Ports
---------------------------------------------------------------------------------
---------------------------------------------------------------------------------
Finished Renaming Generated Ports : Time (s): cpu = 00:06:59 ; elapsed = 00:07:18 . Memory (MB): peak = 4102.105 ; gain = 2625.883
---------------------------------------------------------------------------------
---------------------------------------------------------------------------------
Start Handling Custom Attributes
---------------------------------------------------------------------------------
---------------------------------------------------------------------------------
Finished Handling Custom Attributes : Time (s): cpu = 00:07:00 ; elapsed = 00:07:19 . Memory (MB): peak = 4102.105 ; gain = 2625.883
---------------------------------------------------------------------------------
---------------------------------------------------------------------------------
Start Renaming Generated Nets
---------------------------------------------------------------------------------
---------------------------------------------------------------------------------
Finished Renaming Generated Nets : Time (s): cpu = 00:07:00 ; elapsed = 00:07:19 . Memory (MB): peak = 4102.105 ; gain = 2625.883
---------------------------------------------------------------------------------
---------------------------------------------------------------------------------
Start ROM, RAM, DSP, Shift Register and Retiming Reporting
---------------------------------------------------------------------------------

Static Shift Register Report:
+-------------------+-----------------------------------------------------------------------------------------------------------------------------------------+--------+-------+--------------+--------------------+-------------------+--------+---------+
|Module Name        | RTL Name                                                                                                                                | Length | Width | Reset Signal | Pull out first Reg | Pull out last Reg | SRL16E | SRLC32E | 
+-------------------+-----------------------------------------------------------------------------------------------------------------------------------------+--------+-------+--------------+--------------------+-------------------+--------+---------+
|blk_mem_gen_v8_4_5 | inst_blk_mem_gen/gnbram.gnative_mem_map_bmg.native_mem_map_blk_mem_gen/valid.cstr/ramloop[15].ram.r/SAFETY_CKT_GEN.RSTA_SHFT_REG_reg[4] | 4      | 1     | NO           | NO                 | YES               | 1      | 0       | 
+-------------------+-----------------------------------------------------------------------------------------------------------------------------------------+--------+-------+--------------+--------------------+-------------------+--------+---------+


Dynamic Shift Register Report:
+------------+---------------------------+--------+------------+--------+---------+--------+--------+--------+
|Module Name | RTL Name                  | Length | Data Width | SRL16E | SRLC32E | Mux F7 | Mux F8 | Mux F9 | 
+------------+---------------------------+--------+------------+--------+---------+--------+--------+--------+
|dsrl        | INFERRED_GEN.data_reg[3]  | 59     | 59         | 59     | 0       | 0      | 0      | 0      | 
|dsrl__1     | INFERRED_GEN.data_reg[3]  | 29     | 29         | 29     | 0       | 0      | 0      | 0      | 
|dsrl__2     | INFERRED_GEN.data_reg[3]  | 8      | 8          | 8      | 0       | 0      | 0      | 0      | 
|dsrl__3     | INFERRED_GEN.data_reg[5]  | 2      | 2          | 2      | 0       | 0      | 0      | 0      | 
|dsrl__4     | INFERRED_GEN.data_reg[5]  | 21     | 21         | 21     | 0       | 0      | 0      | 0      | 
|dsrl__5     | INFERRED_GEN.data_reg[3]  | 25     | 25         | 25     | 0       | 0      | 0      | 0      | 
|dsrl__6     | INFERRED_GEN.data_reg[15] | 9      | 9          | 9      | 0       | 0      | 0      | 0      | 
|dsrl__7     | INFERRED_GEN.data_reg[3]  | 27     | 27         | 27     | 0       | 0      | 0      | 0      | 
|dsrl__8     | shift_reg_reg             | 16     | 1          | 1      | 0       | 0      | 0      | 0      | 
|dsrl__9     | shift_reg_reg             | 32     | 1          | 0      | 1       | 0      | 0      | 0      | 
|dsrl__10    | shift_reg_reg             | 4      | 1          | 1      | 0       | 0      | 0      | 0      | 
+------------+---------------------------+--------+------------+--------+---------+--------+--------+--------+

---------------------------------------------------------------------------------
Finished ROM, RAM, DSP, Shift Register and Retiming Reporting
---------------------------------------------------------------------------------
---------------------------------------------------------------------------------
Start Writing Synthesis Report
---------------------------------------------------------------------------------

Report BlackBoxes: 
+-+--------------+----------+
| |BlackBox name |Instances |
+-+--------------+----------+
+-+--------------+----------+

Report Cell Usage: 
+------+---------+------+
|      |Cell     |Count |
+------+---------+------+
|1     |BUFG_PS  |     2|
|2     |CARRY8   |    22|
|3     |LUT1     |   695|
|4     |LUT2     |   831|
|5     |LUT3     |  2478|
|6     |LUT4     |  1542|
|7     |LUT5     |  1700|
|8     |LUT6     |  2693|
|9     |PS8      |     1|
|10    |RAM16X1D |     3|
|11    |RAM32M16 |   127|
|12    |RAMB36E2 |    18|
|14    |SRL16    |     2|
|15    |SRL16E   |   406|
|16    |SRLC32E  |   674|
|17    |FDCE     |   153|
|18    |FDR      |    16|
|19    |FDRE     | 11329|
|20    |FDSE     |   438|
+------+---------+------+
---------------------------------------------------------------------------------
Finished Writing Synthesis Report : Time (s): cpu = 00:07:00 ; elapsed = 00:07:19 . Memory (MB): peak = 4102.105 ; gain = 2625.883
---------------------------------------------------------------------------------
Synthesis finished with 0 errors, 0 critical warnings and 9093 warnings.
Synthesis Optimization Runtime : Time (s): cpu = 00:04:46 ; elapsed = 00:06:05 . Memory (MB): peak = 4102.105 ; gain = 1747.316
Synthesis Optimization Complete : Time (s): cpu = 00:07:00 ; elapsed = 00:07:20 . Memory (MB): peak = 4102.105 ; gain = 2625.883
INFO: [Project 1-571] Translating synthesized netlist
Netlist sorting complete. Time (s): cpu = 00:00:01 ; elapsed = 00:00:01 . Memory (MB): peak = 4110.191 ; gain = 0.000
INFO: [Netlist 29-17] Analyzing 170 Unisim elements for replacement
INFO: [Netlist 29-28] Unisim Transformation completed in 0 CPU seconds
INFO: [Project 1-570] Preparing netlist for logic optimization
INFO: [Opt 31-138] Pushed 0 inverter(s) to 0 load pin(s).
INFO: [Opt 31-422] The CLOCK_DOMAINS attribute on the BRAM cell mixer_nco_i/blk_mem_gen_0/U0/inst_blk_mem_gen/gnbram.gnative_mem_map_bmg.native_mem_map_blk_mem_gen/valid.cstr/ramloop[0].ram.r/prim_noinit.ram/DEVICE_8SERIES.WITH_BMM_INFO.SP.SIMPLE_PRIM36.SERIES8_SP_NO_ECC_ATTR.ram has been changed from INDEPENDENT to COMMON to match the clocking topology used for the BRAM.
INFO: [Opt 31-422] The CLOCK_DOMAINS attribute on the BRAM cell mixer_nco_i/blk_mem_gen_0/U0/inst_blk_mem_gen/gnbram.gnative_mem_map_bmg.native_mem_map_blk_mem_gen/valid.cstr/ramloop[10].ram.r/prim_noinit.ram/DEVICE_8SERIES.WITH_BMM_INFO.SP.SIMPLE_PRIM36.SERIES8_SP_NO_ECC_ATTR.ram has been changed from INDEPENDENT to COMMON to match the clocking topology used for the BRAM.
INFO: [Opt 31-422] The CLOCK_DOMAINS attribute on the BRAM cell mixer_nco_i/blk_mem_gen_0/U0/inst_blk_mem_gen/gnbram.gnative_mem_map_bmg.native_mem_map_blk_mem_gen/valid.cstr/ramloop[11].ram.r/prim_noinit.ram/DEVICE_8SERIES.WITH_BMM_INFO.SP.SIMPLE_PRIM36.SERIES8_SP_NO_ECC_ATTR.ram has been changed from INDEPENDENT to COMMON to match the clocking topology used for the BRAM.
INFO: [Opt 31-422] The CLOCK_DOMAINS attribute on the BRAM cell mixer_nco_i/blk_mem_gen_0/U0/inst_blk_mem_gen/gnbram.gnative_mem_map_bmg.native_mem_map_blk_mem_gen/valid.cstr/ramloop[12].ram.r/prim_noinit.ram/DEVICE_8SERIES.WITH_BMM_INFO.SP.SIMPLE_PRIM36.SERIES8_SP_NO_ECC_ATTR.ram has been changed from INDEPENDENT to COMMON to match the clocking topology used for the BRAM.
INFO: [Opt 31-422] The CLOCK_DOMAINS attribute on the BRAM cell mixer_nco_i/blk_mem_gen_0/U0/inst_blk_mem_gen/gnbram.gnative_mem_map_bmg.native_mem_map_blk_mem_gen/valid.cstr/ramloop[13].ram.r/prim_noinit.ram/DEVICE_8SERIES.WITH_BMM_INFO.SP.SIMPLE_PRIM36.SERIES8_SP_NO_ECC_ATTR.ram has been changed from INDEPENDENT to COMMON to match the clocking topology used for the BRAM.
INFO: [Opt 31-422] The CLOCK_DOMAINS attribute on the BRAM cell mixer_nco_i/blk_mem_gen_0/U0/inst_blk_mem_gen/gnbram.gnative_mem_map_bmg.native_mem_map_blk_mem_gen/valid.cstr/ramloop[14].ram.r/prim_noinit.ram/DEVICE_8SERIES.WITH_BMM_INFO.SP.SIMPLE_PRIM36.SERIES8_SP_NO_ECC_ATTR.ram has been changed from INDEPENDENT to COMMON to match the clocking topology used for the BRAM.
INFO: [Opt 31-422] The CLOCK_DOMAINS attribute on the BRAM cell mixer_nco_i/blk_mem_gen_0/U0/inst_blk_mem_gen/gnbram.gnative_mem_map_bmg.native_mem_map_blk_mem_gen/valid.cstr/ramloop[15].ram.r/prim_noinit.ram/DEVICE_8SERIES.WITH_BMM_INFO.SP.SIMPLE_PRIM36.SERIES8_SP_NO_ECC_ATTR.ram has been changed from INDEPENDENT to COMMON to match the clocking topology used for the BRAM.
INFO: [Opt 31-422] The CLOCK_DOMAINS attribute on the BRAM cell mixer_nco_i/blk_mem_gen_0/U0/inst_blk_mem_gen/gnbram.gnative_mem_map_bmg.native_mem_map_blk_mem_gen/valid.cstr/ramloop[1].ram.r/prim_noinit.ram/DEVICE_8SERIES.WITH_BMM_INFO.SP.SIMPLE_PRIM36.SERIES8_SP_NO_ECC_ATTR.ram has been changed from INDEPENDENT to COMMON to match the clocking topology used for the BRAM.
INFO: [Opt 31-422] The CLOCK_DOMAINS attribute on the BRAM cell mixer_nco_i/blk_mem_gen_0/U0/inst_blk_mem_gen/gnbram.gnative_mem_map_bmg.native_mem_map_blk_mem_gen/valid.cstr/ramloop[2].ram.r/prim_noinit.ram/DEVICE_8SERIES.WITH_BMM_INFO.SP.SIMPLE_PRIM36.SERIES8_SP_NO_ECC_ATTR.ram has been changed from INDEPENDENT to COMMON to match the clocking topology used for the BRAM.
INFO: [Opt 31-422] The CLOCK_DOMAINS attribute on the BRAM cell mixer_nco_i/blk_mem_gen_0/U0/inst_blk_mem_gen/gnbram.gnative_mem_map_bmg.native_mem_map_blk_mem_gen/valid.cstr/ramloop[3].ram.r/prim_noinit.ram/DEVICE_8SERIES.WITH_BMM_INFO.SP.SIMPLE_PRIM36.SERIES8_SP_NO_ECC_ATTR.ram has been changed from INDEPENDENT to COMMON to match the clocking topology used for the BRAM.
INFO: [Opt 31-422] The CLOCK_DOMAINS attribute on the BRAM cell mixer_nco_i/blk_mem_gen_0/U0/inst_blk_mem_gen/gnbram.gnative_mem_map_bmg.native_mem_map_blk_mem_gen/valid.cstr/ramloop[4].ram.r/prim_noinit.ram/DEVICE_8SERIES.WITH_BMM_INFO.SP.SIMPLE_PRIM36.SERIES8_SP_NO_ECC_ATTR.ram has been changed from INDEPENDENT to COMMON to match the clocking topology used for the BRAM.
INFO: [Opt 31-422] The CLOCK_DOMAINS attribute on the BRAM cell mixer_nco_i/blk_mem_gen_0/U0/inst_blk_mem_gen/gnbram.gnative_mem_map_bmg.native_mem_map_blk_mem_gen/valid.cstr/ramloop[5].ram.r/prim_noinit.ram/DEVICE_8SERIES.WITH_BMM_INFO.SP.SIMPLE_PRIM36.SERIES8_SP_NO_ECC_ATTR.ram has been changed from INDEPENDENT to COMMON to match the clocking topology used for the BRAM.
INFO: [Opt 31-422] The CLOCK_DOMAINS attribute on the BRAM cell mixer_nco_i/blk_mem_gen_0/U0/inst_blk_mem_gen/gnbram.gnative_mem_map_bmg.native_mem_map_blk_mem_gen/valid.cstr/ramloop[6].ram.r/prim_noinit.ram/DEVICE_8SERIES.WITH_BMM_INFO.SP.SIMPLE_PRIM36.SERIES8_SP_NO_ECC_ATTR.ram has been changed from INDEPENDENT to COMMON to match the clocking topology used for the BRAM.
INFO: [Opt 31-422] The CLOCK_DOMAINS attribute on the BRAM cell mixer_nco_i/blk_mem_gen_0/U0/inst_blk_mem_gen/gnbram.gnative_mem_map_bmg.native_mem_map_blk_mem_gen/valid.cstr/ramloop[7].ram.r/prim_noinit.ram/DEVICE_8SERIES.WITH_BMM_INFO.SP.SIMPLE_PRIM36.SERIES8_SP_NO_ECC_ATTR.ram has been changed from INDEPENDENT to COMMON to match the clocking topology used for the BRAM.
INFO: [Opt 31-422] The CLOCK_DOMAINS attribute on the BRAM cell mixer_nco_i/blk_mem_gen_0/U0/inst_blk_mem_gen/gnbram.gnative_mem_map_bmg.native_mem_map_blk_mem_gen/valid.cstr/ramloop[8].ram.r/prim_noinit.ram/DEVICE_8SERIES.WITH_BMM_INFO.SP.SIMPLE_PRIM36.SERIES8_SP_NO_ECC_ATTR.ram has been changed from INDEPENDENT to COMMON to match the clocking topology used for the BRAM.
INFO: [Opt 31-422] The CLOCK_DOMAINS attribute on the BRAM cell mixer_nco_i/blk_mem_gen_0/U0/inst_blk_mem_gen/gnbram.gnative_mem_map_bmg.native_mem_map_blk_mem_gen/valid.cstr/ramloop[9].ram.r/prim_noinit.ram/DEVICE_8SERIES.WITH_BMM_INFO.SP.SIMPLE_PRIM36.SERIES8_SP_NO_ECC_ATTR.ram has been changed from INDEPENDENT to COMMON to match the clocking topology used for the BRAM.
Netlist sorting complete. Time (s): cpu = 00:00:00 ; elapsed = 00:00:00.023 . Memory (MB): peak = 4133.160 ; gain = 0.000
INFO: [Project 1-111] Unisim Transformation Summary:
  A total of 148 instances were transformed.
  FDR => FDRE: 16 instances
  RAM16X1D => RAM32X1D (RAMD32(x2)): 3 instances
  RAM32M16 => RAM32M16 (RAMD32(x14), RAMS32(x2)): 127 instances
  SRL16 => SRL16E: 2 instances

Synth Design complete, checksum: 24ddf7f3
INFO: [Common 17-83] Releasing license: Synthesis
631 Infos, 499 Warnings, 0 Critical Warnings and 0 Errors encountered.
synth_design completed successfully
synth_design: Time (s): cpu = 00:07:22 ; elapsed = 00:07:57 . Memory (MB): peak = 4133.160 ; gain = 3675.621
INFO: [Common 17-600] The following parameters have non-default value.
tcl.statsThreshold
INFO: [Common 17-1381] The checkpoint 'D:/FPGA/Vivaldo Project/kr260_experiments/12_axis_dma_complex_mixer_nco/12_axis_dma_complex_mixer_nco.runs/synth_1/mixer_nco_wrapper.dcp' has been generated.
INFO: [runtcl-4] Executing : report_utilization -file mixer_nco_wrapper_utilization_synth.rpt -pb mixer_nco_wrapper_utilization_synth.pb
INFO: [Common 17-206] Exiting Vivado at Fri May 22 11:14:19 2026...
