Copyright 1986-2022 Xilinx, Inc. All Rights Reserved.
--------------------------------------------------------------------------------------------------------------------------------------------------------------------------------------------------------------------------------------------------------------------------------
| Tool Version      : Vivado v.2022.2 (win64) Build 3671981 Fri Oct 14 05:00:03 MDT 2022
| Date              : Thu Jun 18 12:11:38 2026
| Host              : LAPTOP-CHCSI1R5 running 64-bit major release  (build 9200)
| Command           : report_timing_summary -max_paths 10 -report_unconstrained -file cdc_asyn_fifo_axis_wrapper_timing_summary_routed.rpt -pb cdc_asyn_fifo_axis_wrapper_timing_summary_routed.pb -rpx cdc_asyn_fifo_axis_wrapper_timing_summary_routed.rpx -warn_on_violation
| Design            : cdc_asyn_fifo_axis_wrapper
| Device            : xck26-sfvc784
| Speed File        : -2LV  PRODUCTION 1.30 05-15-2022
| Temperature Grade : C
--------------------------------------------------------------------------------------------------------------------------------------------------------------------------------------------------------------------------------------------------------------------------------

Timing Summary Report

------------------------------------------------------------------------------------------------
| Timer Settings
| --------------
------------------------------------------------------------------------------------------------

  Enable Multi Corner Analysis               :  Yes
  Enable Pessimism Removal                   :  Yes
  Pessimism Removal Resolution               :  Nearest Common Node
  Enable Input Delay Default Clock           :  No
  Enable Preset / Clear Arcs                 :  No
  Disable Flight Delays                      :  No
  Ignore I/O Paths                           :  No
  Timing Early Launch at Borrowing Latches   :  No
  Borrow Time for Max Delay Exceptions       :  Yes
  Merge Timing Exceptions                    :  Yes

  Corner  Analyze    Analyze    
  Name    Max Paths  Min Paths  
  ------  ---------  ---------  
  Slow    Yes        Yes        
  Fast    Yes        Yes        


------------------------------------------------------------------------------------------------
| Report Methodology
| ------------------
------------------------------------------------------------------------------------------------

Rule       Severity          Description                                         Violations  
---------  ----------------  --------------------------------------------------  ----------  
TIMING-4   Critical Warning  Invalid primary clock redefinition on a clock tree  1           
TIMING-27  Critical Warning  Invalid primary clock on hierarchical pin           1           
CLKC-56    Advisory          MMCME4 with global clock driver has no LOC          1           

Note: This report is based on the most recent report_methodology run and may not be up-to-date. Run report_methodology on the current design for the latest report.



check_timing report

Table of Contents
-----------------
1. checking no_clock (0)
2. checking constant_clock (0)
3. checking pulse_width_clock (0)
4. checking unconstrained_internal_endpoints (0)
5. checking no_input_delay (0)
6. checking no_output_delay (0)
7. checking multiple_clock (0)
8. checking generated_clocks (0)
9. checking loops (0)
10. checking partial_input_delay (0)
11. checking partial_output_delay (0)
12. checking latch_loops (0)

1. checking no_clock (0)
------------------------
 There are 0 register/latch pins with no clock.


2. checking constant_clock (0)
------------------------------
 There are 0 register/latch pins with constant_clock.


3. checking pulse_width_clock (0)
---------------------------------
 There are 0 register/latch pins which need pulse_width check


4. checking unconstrained_internal_endpoints (0)
------------------------------------------------
 There are 0 pins that are not constrained for maximum delay.

 There are 0 pins that are not constrained for maximum delay due to constant clock.


5. checking no_input_delay (0)
------------------------------
 There are 0 input ports with no input delay specified.

 There are 0 input ports with no input delay but user has a false path constraint.


6. checking no_output_delay (0)
-------------------------------
 There are 0 ports with no output delay specified.

 There are 0 ports with no output delay but user has a false path constraint

 There are 0 ports with no output delay but with a timing clock defined on it or propagating through it


7. checking multiple_clock (0)
------------------------------
 There are 0 register/latch pins with multiple clocks.


8. checking generated_clocks (0)
--------------------------------
 There are 0 generated clocks that are not connected to a clock source.


9. checking loops (0)
---------------------
 There are 0 combinational loops in the design.


10. checking partial_input_delay (0)
------------------------------------
 There are 0 input ports with partial input delay specified.


11. checking partial_output_delay (0)
-------------------------------------
 There are 0 ports with partial output delay specified.


12. checking latch_loops (0)
----------------------------
 There are 0 combinational latch loops in the design through latch input



------------------------------------------------------------------------------------------------
| Design Timing Summary
| ---------------------
------------------------------------------------------------------------------------------------

    WNS(ns)      TNS(ns)  TNS Failing Endpoints  TNS Total Endpoints      WHS(ns)      THS(ns)  THS Failing Endpoints  THS Total Endpoints     WPWS(ns)     TPWS(ns)  TPWS Failing Endpoints  TPWS Total Endpoints  
    -------      -------  ---------------------  -------------------      -------      -------  ---------------------  -------------------     --------     --------  ----------------------  --------------------  
      2.305        0.000                      0                47009        0.009        0.000                      0                46973        1.738        0.000                       0                 15761  


All user specified timing constraints are met.


------------------------------------------------------------------------------------------------
| Clock Summary
| -------------
------------------------------------------------------------------------------------------------

Clock                                        Waveform(ns)         Period(ns)      Frequency(MHz)
-----                                        ------------         ----------      --------------
cdc_asyn_fifo_axis_i/clk_wiz_0/inst/clk_in1  {0.000 5.156}        10.313          96.965          
  clk_out1_cdc_asyn_fifo_axis_clk_wiz_0_0    {0.000 2.500}        5.000           199.990         
clk_pl_0                                     {0.000 5.156}        10.312          96.974          


------------------------------------------------------------------------------------------------
| Intra Clock Table
| -----------------
------------------------------------------------------------------------------------------------

Clock                                            WNS(ns)      TNS(ns)  TNS Failing Endpoints  TNS Total Endpoints      WHS(ns)      THS(ns)  THS Failing Endpoints  THS Total Endpoints     WPWS(ns)     TPWS(ns)  TPWS Failing Endpoints  TPWS Total Endpoints  
-----                                            -------      -------  ---------------------  -------------------      -------      -------  ---------------------  -------------------     --------     --------  ----------------------  --------------------  
cdc_asyn_fifo_axis_i/clk_wiz_0/inst/clk_in1                                                                                                                                                    2.063        0.000                       0                     1  
  clk_out1_cdc_asyn_fifo_axis_clk_wiz_0_0          2.574        0.000                      0                  368        0.050        0.000                      0                  368        1.738        0.000                       0                   195  
clk_pl_0                                           2.305        0.000                      0                46605        0.009        0.000                      0                46605        3.656        0.000                       0                 15565  


------------------------------------------------------------------------------------------------
| Inter Clock Table
| -----------------
------------------------------------------------------------------------------------------------

From Clock                               To Clock                                     WNS(ns)      TNS(ns)  TNS Failing Endpoints  TNS Total Endpoints      WHS(ns)      THS(ns)  THS Failing Endpoints  THS Total Endpoints  
----------                               --------                                     -------      -------  ---------------------  -------------------      -------      -------  ---------------------  -------------------  
clk_pl_0                                 clk_out1_cdc_asyn_fifo_axis_clk_wiz_0_0        9.373        0.000                      0                   18                                                                        
clk_out1_cdc_asyn_fifo_axis_clk_wiz_0_0  clk_pl_0                                       4.184        0.000                      0                   18                                                                        


------------------------------------------------------------------------------------------------
| Other Path Groups Table
| -----------------------
------------------------------------------------------------------------------------------------

Path Group    From Clock    To Clock          WNS(ns)      TNS(ns)  TNS Failing Endpoints  TNS Total Endpoints      WHS(ns)      THS(ns)  THS Failing Endpoints  THS Total Endpoints  
----------    ----------    --------          -------      -------  ---------------------  -------------------      -------      -------  ---------------------  -------------------  


------------------------------------------------------------------------------------------------
| User Ignored Path Table
| -----------------------
------------------------------------------------------------------------------------------------

Path Group                               From Clock                               To Clock                               
----------                               ----------                               --------                               
(none)                                                                            clk_out1_cdc_asyn_fifo_axis_clk_wiz_0_0  
(none)                                   clk_out1_cdc_asyn_fifo_axis_clk_wiz_0_0  clk_out1_cdc_asyn_fifo_axis_clk_wiz_0_0  
(none)                                   clk_pl_0                                 clk_out1_cdc_asyn_fifo_axis_clk_wiz_0_0  
(none)                                                                            clk_pl_0                                 
(none)                                   clk_out1_cdc_asyn_fifo_axis_clk_wiz_0_0  clk_pl_0                                 
(none)                                   clk_pl_0                                 clk_pl_0                                 


------------------------------------------------------------------------------------------------
| Unconstrained Path Table
| ------------------------
------------------------------------------------------------------------------------------------

Path Group                               From Clock                               To Clock                               
----------                               ----------                               --------                               
(none)                                                                            clk_out1_cdc_asyn_fifo_axis_clk_wiz_0_0  


------------------------------------------------------------------------------------------------
| Timing Details
| --------------
------------------------------------------------------------------------------------------------


---------------------------------------------------------------------------------------------------
From Clock:  cdc_asyn_fifo_axis_i/clk_wiz_0/inst/clk_in1
  To Clock:  cdc_asyn_fifo_axis_i/clk_wiz_0/inst/clk_in1

Setup :           NA  Failing Endpoints,  Worst Slack           NA  ,  Total Violation           NA
Hold  :           NA  Failing Endpoints,  Worst Slack           NA  ,  Total Violation           NA
PW    :            0  Failing Endpoints,  Worst Slack        2.063ns,  Total Violation        0.000ns
---------------------------------------------------------------------------------------------------


Pulse Width Checks
--------------------------------------------------------------------------------------
Clock Name:         cdc_asyn_fifo_axis_i/clk_wiz_0/inst/clk_in1
Waveform(ns):       { 0.000 5.156 }
Period(ns):         10.313
Sources:            { cdc_asyn_fifo_axis_i/clk_wiz_0/inst/clk_in1 }

Check Type        Corner  Lib Pin            Reference Pin  Required(ns)  Actual(ns)  Slack(ns)  Location   Pin
Min Period        n/a     MMCME4_ADV/CLKIN1  n/a            1.071         10.313      9.242      MMCM_X0Y3  cdc_asyn_fifo_axis_i/clk_wiz_0/inst/mmcme4_adv_inst/CLKIN1
Max Period        n/a     MMCME4_ADV/CLKIN1  n/a            100.000       10.313      89.687     MMCM_X0Y3  cdc_asyn_fifo_axis_i/clk_wiz_0/inst/mmcme4_adv_inst/CLKIN1
Low Pulse Width   Slow    MMCME4_ADV/CLKIN1  n/a            3.094         5.156       2.063      MMCM_X0Y3  cdc_asyn_fifo_axis_i/clk_wiz_0/inst/mmcme4_adv_inst/CLKIN1
Low Pulse Width   Fast    MMCME4_ADV/CLKIN1  n/a            3.094         5.156       2.063      MMCM_X0Y3  cdc_asyn_fifo_axis_i/clk_wiz_0/inst/mmcme4_adv_inst/CLKIN1
High Pulse Width  Slow    MMCME4_ADV/CLKIN1  n/a            3.094         5.157       2.063      MMCM_X0Y3  cdc_asyn_fifo_axis_i/clk_wiz_0/inst/mmcme4_adv_inst/CLKIN1
High Pulse Width  Fast    MMCME4_ADV/CLKIN1  n/a            3.094         5.156       2.063      MMCM_X0Y3  cdc_asyn_fifo_axis_i/clk_wiz_0/inst/mmcme4_adv_inst/CLKIN1



---------------------------------------------------------------------------------------------------
From Clock:  clk_out1_cdc_asyn_fifo_axis_clk_wiz_0_0
  To Clock:  clk_out1_cdc_asyn_fifo_axis_clk_wiz_0_0

Setup :            0  Failing Endpoints,  Worst Slack        2.574ns,  Total Violation        0.000ns
Hold  :            0  Failing Endpoints,  Worst Slack        0.050ns,  Total Violation        0.000ns
PW    :            0  Failing Endpoints,  Worst Slack        1.738ns,  Total Violation        0.000ns
---------------------------------------------------------------------------------------------------


Max Delay Paths
--------------------------------------------------------------------------------------
Slack (MET) :             2.574ns  (required time - arrival time)
  Source:                 cdc_asyn_fifo_axis_i/axis_data_fifo_0/inst/gen_fifo.xpm_fifo_axis_inst/xpm_fifo_base_inst/gen_sdpram.xpm_memory_base_inst/gen_wr_a.gen_word_narrow.mem_reg/CLKARDCLK
                            (rising edge-triggered cell RAMB36E2 clocked by clk_out1_cdc_asyn_fifo_axis_clk_wiz_0_0  {rise@0.000ns fall@2.500ns period=5.000ns})
  Destination:            cdc_asyn_fifo_axis_i/axis_data_fifo_1/inst/gen_fifo.xpm_fifo_axis_inst/xpm_fifo_base_inst/gen_sdpram.xpm_memory_base_inst/gen_wr_a.gen_word_narrow.mem_reg/DINADIN[31]
                            (rising edge-triggered cell RAMB36E2 clocked by clk_out1_cdc_asyn_fifo_axis_clk_wiz_0_0  {rise@0.000ns fall@2.500ns period=5.000ns})
  Path Group:             clk_out1_cdc_asyn_fifo_axis_clk_wiz_0_0
  Path Type:              Setup (Max at Slow Process Corner)
  Requirement:            5.000ns  (clk_out1_cdc_asyn_fifo_axis_clk_wiz_0_0 rise@5.000ns - clk_out1_cdc_asyn_fifo_axis_clk_wiz_0_0 rise@0.000ns)
  Data Path Delay:        1.696ns  (logic 0.740ns (43.632%)  route 0.956ns (56.368%))
  Logic Levels:           3  (CARRY8=3)
  Clock Path Skew:        -0.143ns (DCD - SCD + CPR)
    Destination Clock Delay (DCD):    5.787ns = ( 10.787 - 5.000 ) 
    Source Clock Delay      (SCD):    5.571ns
    Clock Pessimism Removal (CPR):    -0.359ns
  Clock Uncertainty:      0.121ns  ((TSJ^2 + DJ^2)^1/2) / 2 + PE
    Total System Jitter     (TSJ):    0.071ns
    Discrete Jitter          (DJ):    0.231ns
    Phase Error              (PE):    0.000ns
  Clock Net Delay (Source):      2.562ns (routing 1.241ns, distribution 1.321ns)
  Clock Net Delay (Destination): 2.219ns (routing 1.133ns, distribution 1.086ns)

    Location             Delay type                Incr(ns)  Path(ns)    Netlist Resource(s)
  -------------------------------------------------------------------    -------------------
                         (clock clk_out1_cdc_asyn_fifo_axis_clk_wiz_0_0 rise edge)
                                                      0.000     0.000 r  
    BUFG_PS_X0Y81        BUFG_PS                      0.000     0.000 r  cdc_asyn_fifo_axis_i/zynq_ultra_ps_e_0/inst/buffer_pl_clk_0.PL_CLK_0_BUFG/O
                         net (fo=15566, routed)       2.720     2.720    cdc_asyn_fifo_axis_i/clk_wiz_0/inst/clk_in1
    MMCM_X0Y3            MMCME4_ADV (Prop_MMCM_CLKIN1_CLKOUT0)
                                                     -0.103     2.617 r  cdc_asyn_fifo_axis_i/clk_wiz_0/inst/mmcme4_adv_inst/CLKOUT0
                         net (fo=1, routed)           0.348     2.965    cdc_asyn_fifo_axis_i/clk_wiz_0/inst/clk_out1_cdc_asyn_fifo_axis_clk_wiz_0_0
    BUFGCE_X0Y76         BUFGCE (Prop_BUFCE_BUFGCE_I_O)
                                                      0.044     3.009 r  cdc_asyn_fifo_axis_i/clk_wiz_0/inst/clkout1_buf/O
    X1Y1 (CLOCK_ROOT)    net (fo=193, routed)         2.562     5.571    cdc_asyn_fifo_axis_i/axis_data_fifo_0/inst/gen_fifo.xpm_fifo_axis_inst/xpm_fifo_base_inst/gen_sdpram.xpm_memory_base_inst/clkb
    RAMB36_X1Y21         RAMB36E2                                     r  cdc_asyn_fifo_axis_i/axis_data_fifo_0/inst/gen_fifo.xpm_fifo_axis_inst/xpm_fifo_base_inst/gen_sdpram.xpm_memory_base_inst/gen_wr_a.gen_word_narrow.mem_reg/CLKARDCLK
  -------------------------------------------------------------------    -------------------
    RAMB36_X1Y21         RAMB36E2 (Prop_RAMB36E2_RAMB36_CLKARDCLK_DOUTADOUT[12])
                                                      0.298     5.869 r  cdc_asyn_fifo_axis_i/axis_data_fifo_0/inst/gen_fifo.xpm_fifo_axis_inst/xpm_fifo_base_inst/gen_sdpram.xpm_memory_base_inst/gen_wr_a.gen_word_narrow.mem_reg/DOUTADOUT[12]
                         net (fo=1, routed)           0.574     6.443    cdc_asyn_fifo_axis_i/axis_add_one_0/inst/s_axis_tdata[12]
    SLICE_X47Y109        CARRY8 (Prop_CARRY8_SLICEL_S[3]_CO[7])
                                                      0.220     6.663 r  cdc_asyn_fifo_axis_i/axis_add_one_0/inst/m_axis_tdata[9]_INST_0/CO[7]
                         net (fo=1, routed)           0.030     6.693    cdc_asyn_fifo_axis_i/axis_add_one_0/inst/m_axis_tdata[9]_INST_0_n_0
    SLICE_X47Y110        CARRY8 (Prop_CARRY8_SLICEL_CI_CO[7])
                                                      0.065     6.758 r  cdc_asyn_fifo_axis_i/axis_add_one_0/inst/m_axis_tdata[17]_INST_0/CO[7]
                         net (fo=1, routed)           0.030     6.788    cdc_asyn_fifo_axis_i/axis_add_one_0/inst/m_axis_tdata[17]_INST_0_n_0
    SLICE_X47Y111        CARRY8 (Prop_CARRY8_SLICEL_CI_O[6])
                                                      0.157     6.945 r  cdc_asyn_fifo_axis_i/axis_add_one_0/inst/m_axis_tdata[25]_INST_0/O[6]
                         net (fo=1, routed)           0.322     7.267    cdc_asyn_fifo_axis_i/axis_data_fifo_1/inst/gen_fifo.xpm_fifo_axis_inst/xpm_fifo_base_inst/gen_sdpram.xpm_memory_base_inst/dina[31]
    RAMB36_X1Y22         RAMB36E2                                     r  cdc_asyn_fifo_axis_i/axis_data_fifo_1/inst/gen_fifo.xpm_fifo_axis_inst/xpm_fifo_base_inst/gen_sdpram.xpm_memory_base_inst/gen_wr_a.gen_word_narrow.mem_reg/DINADIN[31]
  -------------------------------------------------------------------    -------------------

                         (clock clk_out1_cdc_asyn_fifo_axis_clk_wiz_0_0 rise edge)
                                                      5.000     5.000 r  
    BUFG_PS_X0Y81        BUFG_PS                      0.000     5.000 r  cdc_asyn_fifo_axis_i/zynq_ultra_ps_e_0/inst/buffer_pl_clk_0.PL_CLK_0_BUFG/O
                         net (fo=15566, routed)       2.483     7.483    cdc_asyn_fifo_axis_i/clk_wiz_0/inst/clk_in1
    MMCM_X0Y3            MMCME4_ADV (Prop_MMCM_CLKIN1_CLKOUT0)
                                                      0.739     8.222 r  cdc_asyn_fifo_axis_i/clk_wiz_0/inst/mmcme4_adv_inst/CLKOUT0
                         net (fo=1, routed)           0.307     8.529    cdc_asyn_fifo_axis_i/clk_wiz_0/inst/clk_out1_cdc_asyn_fifo_axis_clk_wiz_0_0
    BUFGCE_X0Y76         BUFGCE (Prop_BUFCE_BUFGCE_I_O)
                                                      0.039     8.568 r  cdc_asyn_fifo_axis_i/clk_wiz_0/inst/clkout1_buf/O
    X1Y1 (CLOCK_ROOT)    net (fo=193, routed)         2.219    10.787    cdc_asyn_fifo_axis_i/axis_data_fifo_1/inst/gen_fifo.xpm_fifo_axis_inst/xpm_fifo_base_inst/gen_sdpram.xpm_memory_base_inst/clka
    RAMB36_X1Y22         RAMB36E2                                     r  cdc_asyn_fifo_axis_i/axis_data_fifo_1/inst/gen_fifo.xpm_fifo_axis_inst/xpm_fifo_base_inst/gen_sdpram.xpm_memory_base_inst/gen_wr_a.gen_word_narrow.mem_reg/CLKBWRCLK
                         clock pessimism             -0.359    10.428    
                         clock uncertainty           -0.121    10.307    
    RAMB36_X1Y22         RAMB36E2 (Setup_RAMB36E2_RAMB36_CLKBWRCLK_DINADIN[31])
                                                     -0.466     9.841    cdc_asyn_fifo_axis_i/axis_data_fifo_1/inst/gen_fifo.xpm_fifo_axis_inst/xpm_fifo_base_inst/gen_sdpram.xpm_memory_base_inst/gen_wr_a.gen_word_narrow.mem_reg
  -------------------------------------------------------------------
                         required time                          9.841    
                         arrival time                          -7.267    
  -------------------------------------------------------------------
                         slack                                  2.574    

Slack (MET) :             2.621ns  (required time - arrival time)
  Source:                 cdc_asyn_fifo_axis_i/axis_data_fifo_0/inst/gen_fifo.xpm_fifo_axis_inst/xpm_fifo_base_inst/gen_sdpram.xpm_memory_base_inst/gen_wr_a.gen_word_narrow.mem_reg/CLKARDCLK
                            (rising edge-triggered cell RAMB36E2 clocked by clk_out1_cdc_asyn_fifo_axis_clk_wiz_0_0  {rise@0.000ns fall@2.500ns period=5.000ns})
  Destination:            cdc_asyn_fifo_axis_i/axis_data_fifo_1/inst/gen_fifo.xpm_fifo_axis_inst/xpm_fifo_base_inst/gen_sdpram.xpm_memory_base_inst/gen_wr_a.gen_word_narrow.mem_reg/DINADIN[30]
                            (rising edge-triggered cell RAMB36E2 clocked by clk_out1_cdc_asyn_fifo_axis_clk_wiz_0_0  {rise@0.000ns fall@2.500ns period=5.000ns})
  Path Group:             clk_out1_cdc_asyn_fifo_axis_clk_wiz_0_0
  Path Type:              Setup (Max at Slow Process Corner)
  Requirement:            5.000ns  (clk_out1_cdc_asyn_fifo_axis_clk_wiz_0_0 rise@5.000ns - clk_out1_cdc_asyn_fifo_axis_clk_wiz_0_0 rise@0.000ns)
  Data Path Delay:        1.584ns  (logic 0.744ns (46.970%)  route 0.840ns (53.030%))
  Logic Levels:           3  (CARRY8=3)
  Clock Path Skew:        -0.143ns (DCD - SCD + CPR)
    Destination Clock Delay (DCD):    5.787ns = ( 10.787 - 5.000 ) 
    Source Clock Delay      (SCD):    5.571ns
    Clock Pessimism Removal (CPR):    -0.359ns
  Clock Uncertainty:      0.121ns  ((TSJ^2 + DJ^2)^1/2) / 2 + PE
    Total System Jitter     (TSJ):    0.071ns
    Discrete Jitter          (DJ):    0.231ns
    Phase Error              (PE):    0.000ns
  Clock Net Delay (Source):      2.562ns (routing 1.241ns, distribution 1.321ns)
  Clock Net Delay (Destination): 2.219ns (routing 1.133ns, distribution 1.086ns)

    Location             Delay type                Incr(ns)  Path(ns)    Netlist Resource(s)
  -------------------------------------------------------------------    -------------------
                         (clock clk_out1_cdc_asyn_fifo_axis_clk_wiz_0_0 rise edge)
                                                      0.000     0.000 r  
    BUFG_PS_X0Y81        BUFG_PS                      0.000     0.000 r  cdc_asyn_fifo_axis_i/zynq_ultra_ps_e_0/inst/buffer_pl_clk_0.PL_CLK_0_BUFG/O
                         net (fo=15566, routed)       2.720     2.720    cdc_asyn_fifo_axis_i/clk_wiz_0/inst/clk_in1
    MMCM_X0Y3            MMCME4_ADV (Prop_MMCM_CLKIN1_CLKOUT0)
                                                     -0.103     2.617 r  cdc_asyn_fifo_axis_i/clk_wiz_0/inst/mmcme4_adv_inst/CLKOUT0
                         net (fo=1, routed)           0.348     2.965    cdc_asyn_fifo_axis_i/clk_wiz_0/inst/clk_out1_cdc_asyn_fifo_axis_clk_wiz_0_0
    BUFGCE_X0Y76         BUFGCE (Prop_BUFCE_BUFGCE_I_O)
                                                      0.044     3.009 r  cdc_asyn_fifo_axis_i/clk_wiz_0/inst/clkout1_buf/O
    X1Y1 (CLOCK_ROOT)    net (fo=193, routed)         2.562     5.571    cdc_asyn_fifo_axis_i/axis_data_fifo_0/inst/gen_fifo.xpm_fifo_axis_inst/xpm_fifo_base_inst/gen_sdpram.xpm_memory_base_inst/clkb
    RAMB36_X1Y21         RAMB36E2                                     r  cdc_asyn_fifo_axis_i/axis_data_fifo_0/inst/gen_fifo.xpm_fifo_axis_inst/xpm_fifo_base_inst/gen_sdpram.xpm_memory_base_inst/gen_wr_a.gen_word_narrow.mem_reg/CLKARDCLK
  -------------------------------------------------------------------    -------------------
    RAMB36_X1Y21         RAMB36E2 (Prop_RAMB36E2_RAMB36_CLKARDCLK_DOUTADOUT[12])
                                                      0.298     5.869 r  cdc_asyn_fifo_axis_i/axis_data_fifo_0/inst/gen_fifo.xpm_fifo_axis_inst/xpm_fifo_base_inst/gen_sdpram.xpm_memory_base_inst/gen_wr_a.gen_word_narrow.mem_reg/DOUTADOUT[12]
                         net (fo=1, routed)           0.574     6.443    cdc_asyn_fifo_axis_i/axis_add_one_0/inst/s_axis_tdata[12]
    SLICE_X47Y109        CARRY8 (Prop_CARRY8_SLICEL_S[3]_CO[7])
                                                      0.220     6.663 r  cdc_asyn_fifo_axis_i/axis_add_one_0/inst/m_axis_tdata[9]_INST_0/CO[7]
                         net (fo=1, routed)           0.030     6.693    cdc_asyn_fifo_axis_i/axis_add_one_0/inst/m_axis_tdata[9]_INST_0_n_0
    SLICE_X47Y110        CARRY8 (Prop_CARRY8_SLICEL_CI_CO[7])
                                                      0.065     6.758 r  cdc_asyn_fifo_axis_i/axis_add_one_0/inst/m_axis_tdata[17]_INST_0/CO[7]
                         net (fo=1, routed)           0.030     6.788    cdc_asyn_fifo_axis_i/axis_add_one_0/inst/m_axis_tdata[17]_INST_0_n_0
    SLICE_X47Y111        CARRY8 (Prop_CARRY8_SLICEL_CI_O[5])
                                                      0.161     6.949 r  cdc_asyn_fifo_axis_i/axis_add_one_0/inst/m_axis_tdata[25]_INST_0/O[5]
                         net (fo=1, routed)           0.206     7.155    cdc_asyn_fifo_axis_i/axis_data_fifo_1/inst/gen_fifo.xpm_fifo_axis_inst/xpm_fifo_base_inst/gen_sdpram.xpm_memory_base_inst/dina[30]
    RAMB36_X1Y22         RAMB36E2                                     r  cdc_asyn_fifo_axis_i/axis_data_fifo_1/inst/gen_fifo.xpm_fifo_axis_inst/xpm_fifo_base_inst/gen_sdpram.xpm_memory_base_inst/gen_wr_a.gen_word_narrow.mem_reg/DINADIN[30]
  -------------------------------------------------------------------    -------------------

                         (clock clk_out1_cdc_asyn_fifo_axis_clk_wiz_0_0 rise edge)
                                                      5.000     5.000 r  
    BUFG_PS_X0Y81        BUFG_PS                      0.000     5.000 r  cdc_asyn_fifo_axis_i/zynq_ultra_ps_e_0/inst/buffer_pl_clk_0.PL_CLK_0_BUFG/O
                         net (fo=15566, routed)       2.483     7.483    cdc_asyn_fifo_axis_i/clk_wiz_0/inst/clk_in1
    MMCM_X0Y3            MMCME4_ADV (Prop_MMCM_CLKIN1_CLKOUT0)
                                                      0.739     8.222 r  cdc_asyn_fifo_axis_i/clk_wiz_0/inst/mmcme4_adv_inst/CLKOUT0
                         net (fo=1, routed)           0.307     8.529    cdc_asyn_fifo_axis_i/clk_wiz_0/inst/clk_out1_cdc_asyn_fifo_axis_clk_wiz_0_0
    BUFGCE_X0Y76         BUFGCE (Prop_BUFCE_BUFGCE_I_O)
                                                      0.039     8.568 r  cdc_asyn_fifo_axis_i/clk_wiz_0/inst/clkout1_buf/O
    X1Y1 (CLOCK_ROOT)    net (fo=193, routed)         2.219    10.787    cdc_asyn_fifo_axis_i/axis_data_fifo_1/inst/gen_fifo.xpm_fifo_axis_inst/xpm_fifo_base_inst/gen_sdpram.xpm_memory_base_inst/clka
    RAMB36_X1Y22         RAMB36E2                                     r  cdc_asyn_fifo_axis_i/axis_data_fifo_1/inst/gen_fifo.xpm_fifo_axis_inst/xpm_fifo_base_inst/gen_sdpram.xpm_memory_base_inst/gen_wr_a.gen_word_narrow.mem_reg/CLKBWRCLK
                         clock pessimism             -0.359    10.428    
                         clock uncertainty           -0.121    10.307    
    RAMB36_X1Y22         RAMB36E2 (Setup_RAMB36E2_RAMB36_CLKBWRCLK_DINADIN[30])
                                                     -0.531     9.776    cdc_asyn_fifo_axis_i/axis_data_fifo_1/inst/gen_fifo.xpm_fifo_axis_inst/xpm_fifo_base_inst/gen_sdpram.xpm_memory_base_inst/gen_wr_a.gen_word_narrow.mem_reg
  -------------------------------------------------------------------
                         required time                          9.776    
                         arrival time                          -7.155    
  -------------------------------------------------------------------
                         slack                                  2.621    

Slack (MET) :             2.640ns  (required time - arrival time)
  Source:                 cdc_asyn_fifo_axis_i/axis_data_fifo_0/inst/gen_fifo.xpm_fifo_axis_inst/xpm_fifo_base_inst/gen_sdpram.xpm_memory_base_inst/gen_wr_a.gen_word_narrow.mem_reg/CLKARDCLK
                            (rising edge-triggered cell RAMB36E2 clocked by clk_out1_cdc_asyn_fifo_axis_clk_wiz_0_0  {rise@0.000ns fall@2.500ns period=5.000ns})
  Destination:            cdc_asyn_fifo_axis_i/axis_data_fifo_1/inst/gen_fifo.xpm_fifo_axis_inst/xpm_fifo_base_inst/gen_sdpram.xpm_memory_base_inst/gen_wr_a.gen_word_narrow.mem_reg/DINADIN[29]
                            (rising edge-triggered cell RAMB36E2 clocked by clk_out1_cdc_asyn_fifo_axis_clk_wiz_0_0  {rise@0.000ns fall@2.500ns period=5.000ns})
  Path Group:             clk_out1_cdc_asyn_fifo_axis_clk_wiz_0_0
  Path Type:              Setup (Max at Slow Process Corner)
  Requirement:            5.000ns  (clk_out1_cdc_asyn_fifo_axis_clk_wiz_0_0 rise@5.000ns - clk_out1_cdc_asyn_fifo_axis_clk_wiz_0_0 rise@0.000ns)
  Data Path Delay:        1.623ns  (logic 0.702ns (43.253%)  route 0.921ns (56.747%))
  Logic Levels:           3  (CARRY8=3)
  Clock Path Skew:        -0.143ns (DCD - SCD + CPR)
    Destination Clock Delay (DCD):    5.787ns = ( 10.787 - 5.000 ) 
    Source Clock Delay      (SCD):    5.571ns
    Clock Pessimism Removal (CPR):    -0.359ns
  Clock Uncertainty:      0.121ns  ((TSJ^2 + DJ^2)^1/2) / 2 + PE
    Total System Jitter     (TSJ):    0.071ns
    Discrete Jitter          (DJ):    0.231ns
    Phase Error              (PE):    0.000ns
  Clock Net Delay (Source):      2.562ns (routing 1.241ns, distribution 1.321ns)
  Clock Net Delay (Destination): 2.219ns (routing 1.133ns, distribution 1.086ns)

    Location             Delay type                Incr(ns)  Path(ns)    Netlist Resource(s)
  -------------------------------------------------------------------    -------------------
                         (clock clk_out1_cdc_asyn_fifo_axis_clk_wiz_0_0 rise edge)
                                                      0.000     0.000 r  
    BUFG_PS_X0Y81        BUFG_PS                      0.000     0.000 r  cdc_asyn_fifo_axis_i/zynq_ultra_ps_e_0/inst/buffer_pl_clk_0.PL_CLK_0_BUFG/O
                         net (fo=15566, routed)       2.720     2.720    cdc_asyn_fifo_axis_i/clk_wiz_0/inst/clk_in1
    MMCM_X0Y3            MMCME4_ADV (Prop_MMCM_CLKIN1_CLKOUT0)
                                                     -0.103     2.617 r  cdc_asyn_fifo_axis_i/clk_wiz_0/inst/mmcme4_adv_inst/CLKOUT0
                         net (fo=1, routed)           0.348     2.965    cdc_asyn_fifo_axis_i/clk_wiz_0/inst/clk_out1_cdc_asyn_fifo_axis_clk_wiz_0_0
    BUFGCE_X0Y76         BUFGCE (Prop_BUFCE_BUFGCE_I_O)
                                                      0.044     3.009 r  cdc_asyn_fifo_axis_i/clk_wiz_0/inst/clkout1_buf/O
    X1Y1 (CLOCK_ROOT)    net (fo=193, routed)         2.562     5.571    cdc_asyn_fifo_axis_i/axis_data_fifo_0/inst/gen_fifo.xpm_fifo_axis_inst/xpm_fifo_base_inst/gen_sdpram.xpm_memory_base_inst/clkb
    RAMB36_X1Y21         RAMB36E2                                     r  cdc_asyn_fifo_axis_i/axis_data_fifo_0/inst/gen_fifo.xpm_fifo_axis_inst/xpm_fifo_base_inst/gen_sdpram.xpm_memory_base_inst/gen_wr_a.gen_word_narrow.mem_reg/CLKARDCLK
  -------------------------------------------------------------------    -------------------
    RAMB36_X1Y21         RAMB36E2 (Prop_RAMB36E2_RAMB36_CLKARDCLK_DOUTADOUT[12])
                                                      0.298     5.869 r  cdc_asyn_fifo_axis_i/axis_data_fifo_0/inst/gen_fifo.xpm_fifo_axis_inst/xpm_fifo_base_inst/gen_sdpram.xpm_memory_base_inst/gen_wr_a.gen_word_narrow.mem_reg/DOUTADOUT[12]
                         net (fo=1, routed)           0.574     6.443    cdc_asyn_fifo_axis_i/axis_add_one_0/inst/s_axis_tdata[12]
    SLICE_X47Y109        CARRY8 (Prop_CARRY8_SLICEL_S[3]_CO[7])
                                                      0.220     6.663 r  cdc_asyn_fifo_axis_i/axis_add_one_0/inst/m_axis_tdata[9]_INST_0/CO[7]
                         net (fo=1, routed)           0.030     6.693    cdc_asyn_fifo_axis_i/axis_add_one_0/inst/m_axis_tdata[9]_INST_0_n_0
    SLICE_X47Y110        CARRY8 (Prop_CARRY8_SLICEL_CI_CO[7])
                                                      0.065     6.758 r  cdc_asyn_fifo_axis_i/axis_add_one_0/inst/m_axis_tdata[17]_INST_0/CO[7]
                         net (fo=1, routed)           0.030     6.788    cdc_asyn_fifo_axis_i/axis_add_one_0/inst/m_axis_tdata[17]_INST_0_n_0
    SLICE_X47Y111        CARRY8 (Prop_CARRY8_SLICEL_CI_O[4])
                                                      0.119     6.907 r  cdc_asyn_fifo_axis_i/axis_add_one_0/inst/m_axis_tdata[25]_INST_0/O[4]
                         net (fo=1, routed)           0.287     7.194    cdc_asyn_fifo_axis_i/axis_data_fifo_1/inst/gen_fifo.xpm_fifo_axis_inst/xpm_fifo_base_inst/gen_sdpram.xpm_memory_base_inst/dina[29]
    RAMB36_X1Y22         RAMB36E2                                     r  cdc_asyn_fifo_axis_i/axis_data_fifo_1/inst/gen_fifo.xpm_fifo_axis_inst/xpm_fifo_base_inst/gen_sdpram.xpm_memory_base_inst/gen_wr_a.gen_word_narrow.mem_reg/DINADIN[29]
  -------------------------------------------------------------------    -------------------

                         (clock clk_out1_cdc_asyn_fifo_axis_clk_wiz_0_0 rise edge)
                                                      5.000     5.000 r  
    BUFG_PS_X0Y81        BUFG_PS                      0.000     5.000 r  cdc_asyn_fifo_axis_i/zynq_ultra_ps_e_0/inst/buffer_pl_clk_0.PL_CLK_0_BUFG/O
                         net (fo=15566, routed)       2.483     7.483    cdc_asyn_fifo_axis_i/clk_wiz_0/inst/clk_in1
    MMCM_X0Y3            MMCME4_ADV (Prop_MMCM_CLKIN1_CLKOUT0)
                                                      0.739     8.222 r  cdc_asyn_fifo_axis_i/clk_wiz_0/inst/mmcme4_adv_inst/CLKOUT0
                         net (fo=1, routed)           0.307     8.529    cdc_asyn_fifo_axis_i/clk_wiz_0/inst/clk_out1_cdc_asyn_fifo_axis_clk_wiz_0_0
    BUFGCE_X0Y76         BUFGCE (Prop_BUFCE_BUFGCE_I_O)
                                                      0.039     8.568 r  cdc_asyn_fifo_axis_i/clk_wiz_0/inst/clkout1_buf/O
    X1Y1 (CLOCK_ROOT)    net (fo=193, routed)         2.219    10.787    cdc_asyn_fifo_axis_i/axis_data_fifo_1/inst/gen_fifo.xpm_fifo_axis_inst/xpm_fifo_base_inst/gen_sdpram.xpm_memory_base_inst/clka
    RAMB36_X1Y22         RAMB36E2                                     r  cdc_asyn_fifo_axis_i/axis_data_fifo_1/inst/gen_fifo.xpm_fifo_axis_inst/xpm_fifo_base_inst/gen_sdpram.xpm_memory_base_inst/gen_wr_a.gen_word_narrow.mem_reg/CLKBWRCLK
                         clock pessimism             -0.359    10.428    
                         clock uncertainty           -0.121    10.307    
    RAMB36_X1Y22         RAMB36E2 (Setup_RAMB36E2_RAMB36_CLKBWRCLK_DINADIN[29])
                                                     -0.473     9.834    cdc_asyn_fifo_axis_i/axis_data_fifo_1/inst/gen_fifo.xpm_fifo_axis_inst/xpm_fifo_base_inst/gen_sdpram.xpm_memory_base_inst/gen_wr_a.gen_word_narrow.mem_reg
  -------------------------------------------------------------------
                         required time                          9.834    
                         arrival time                          -7.194    
  -------------------------------------------------------------------
                         slack                                  2.640    

Slack (MET) :             2.703ns  (required time - arrival time)
  Source:                 cdc_asyn_fifo_axis_i/axis_data_fifo_0/inst/gen_fifo.xpm_fifo_axis_inst/xpm_fifo_base_inst/gen_sdpram.xpm_memory_base_inst/gen_wr_a.gen_word_narrow.mem_reg/CLKARDCLK
                            (rising edge-triggered cell RAMB36E2 clocked by clk_out1_cdc_asyn_fifo_axis_clk_wiz_0_0  {rise@0.000ns fall@2.500ns period=5.000ns})
  Destination:            cdc_asyn_fifo_axis_i/axis_data_fifo_1/inst/gen_fifo.xpm_fifo_axis_inst/xpm_fifo_base_inst/gen_sdpram.xpm_memory_base_inst/gen_wr_a.gen_word_narrow.mem_reg/DINADIN[27]
                            (rising edge-triggered cell RAMB36E2 clocked by clk_out1_cdc_asyn_fifo_axis_clk_wiz_0_0  {rise@0.000ns fall@2.500ns period=5.000ns})
  Path Group:             clk_out1_cdc_asyn_fifo_axis_clk_wiz_0_0
  Path Type:              Setup (Max at Slow Process Corner)
  Requirement:            5.000ns  (clk_out1_cdc_asyn_fifo_axis_clk_wiz_0_0 rise@5.000ns - clk_out1_cdc_asyn_fifo_axis_clk_wiz_0_0 rise@0.000ns)
  Data Path Delay:        1.585ns  (logic 0.676ns (42.650%)  route 0.909ns (57.350%))
  Logic Levels:           3  (CARRY8=3)
  Clock Path Skew:        -0.143ns (DCD - SCD + CPR)
    Destination Clock Delay (DCD):    5.787ns = ( 10.787 - 5.000 ) 
    Source Clock Delay      (SCD):    5.571ns
    Clock Pessimism Removal (CPR):    -0.359ns
  Clock Uncertainty:      0.121ns  ((TSJ^2 + DJ^2)^1/2) / 2 + PE
    Total System Jitter     (TSJ):    0.071ns
    Discrete Jitter          (DJ):    0.231ns
    Phase Error              (PE):    0.000ns
  Clock Net Delay (Source):      2.562ns (routing 1.241ns, distribution 1.321ns)
  Clock Net Delay (Destination): 2.219ns (routing 1.133ns, distribution 1.086ns)

    Location             Delay type                Incr(ns)  Path(ns)    Netlist Resource(s)
  -------------------------------------------------------------------    -------------------
                         (clock clk_out1_cdc_asyn_fifo_axis_clk_wiz_0_0 rise edge)
                                                      0.000     0.000 r  
    BUFG_PS_X0Y81        BUFG_PS                      0.000     0.000 r  cdc_asyn_fifo_axis_i/zynq_ultra_ps_e_0/inst/buffer_pl_clk_0.PL_CLK_0_BUFG/O
                         net (fo=15566, routed)       2.720     2.720    cdc_asyn_fifo_axis_i/clk_wiz_0/inst/clk_in1
    MMCM_X0Y3            MMCME4_ADV (Prop_MMCM_CLKIN1_CLKOUT0)
                                                     -0.103     2.617 r  cdc_asyn_fifo_axis_i/clk_wiz_0/inst/mmcme4_adv_inst/CLKOUT0
                         net (fo=1, routed)           0.348     2.965    cdc_asyn_fifo_axis_i/clk_wiz_0/inst/clk_out1_cdc_asyn_fifo_axis_clk_wiz_0_0
    BUFGCE_X0Y76         BUFGCE (Prop_BUFCE_BUFGCE_I_O)
                                                      0.044     3.009 r  cdc_asyn_fifo_axis_i/clk_wiz_0/inst/clkout1_buf/O
    X1Y1 (CLOCK_ROOT)    net (fo=193, routed)         2.562     5.571    cdc_asyn_fifo_axis_i/axis_data_fifo_0/inst/gen_fifo.xpm_fifo_axis_inst/xpm_fifo_base_inst/gen_sdpram.xpm_memory_base_inst/clkb
    RAMB36_X1Y21         RAMB36E2                                     r  cdc_asyn_fifo_axis_i/axis_data_fifo_0/inst/gen_fifo.xpm_fifo_axis_inst/xpm_fifo_base_inst/gen_sdpram.xpm_memory_base_inst/gen_wr_a.gen_word_narrow.mem_reg/CLKARDCLK
  -------------------------------------------------------------------    -------------------
    RAMB36_X1Y21         RAMB36E2 (Prop_RAMB36E2_RAMB36_CLKARDCLK_DOUTADOUT[12])
                                                      0.298     5.869 r  cdc_asyn_fifo_axis_i/axis_data_fifo_0/inst/gen_fifo.xpm_fifo_axis_inst/xpm_fifo_base_inst/gen_sdpram.xpm_memory_base_inst/gen_wr_a.gen_word_narrow.mem_reg/DOUTADOUT[12]
                         net (fo=1, routed)           0.574     6.443    cdc_asyn_fifo_axis_i/axis_add_one_0/inst/s_axis_tdata[12]
    SLICE_X47Y109        CARRY8 (Prop_CARRY8_SLICEL_S[3]_CO[7])
                                                      0.220     6.663 r  cdc_asyn_fifo_axis_i/axis_add_one_0/inst/m_axis_tdata[9]_INST_0/CO[7]
                         net (fo=1, routed)           0.030     6.693    cdc_asyn_fifo_axis_i/axis_add_one_0/inst/m_axis_tdata[9]_INST_0_n_0
    SLICE_X47Y110        CARRY8 (Prop_CARRY8_SLICEL_CI_CO[7])
                                                      0.065     6.758 r  cdc_asyn_fifo_axis_i/axis_add_one_0/inst/m_axis_tdata[17]_INST_0/CO[7]
                         net (fo=1, routed)           0.030     6.788    cdc_asyn_fifo_axis_i/axis_add_one_0/inst/m_axis_tdata[17]_INST_0_n_0
    SLICE_X47Y111        CARRY8 (Prop_CARRY8_SLICEL_CI_O[2])
                                                      0.093     6.881 r  cdc_asyn_fifo_axis_i/axis_add_one_0/inst/m_axis_tdata[25]_INST_0/O[2]
                         net (fo=1, routed)           0.275     7.156    cdc_asyn_fifo_axis_i/axis_data_fifo_1/inst/gen_fifo.xpm_fifo_axis_inst/xpm_fifo_base_inst/gen_sdpram.xpm_memory_base_inst/dina[27]
    RAMB36_X1Y22         RAMB36E2                                     r  cdc_asyn_fifo_axis_i/axis_data_fifo_1/inst/gen_fifo.xpm_fifo_axis_inst/xpm_fifo_base_inst/gen_sdpram.xpm_memory_base_inst/gen_wr_a.gen_word_narrow.mem_reg/DINADIN[27]
  -------------------------------------------------------------------    -------------------

                         (clock clk_out1_cdc_asyn_fifo_axis_clk_wiz_0_0 rise edge)
                                                      5.000     5.000 r  
    BUFG_PS_X0Y81        BUFG_PS                      0.000     5.000 r  cdc_asyn_fifo_axis_i/zynq_ultra_ps_e_0/inst/buffer_pl_clk_0.PL_CLK_0_BUFG/O
                         net (fo=15566, routed)       2.483     7.483    cdc_asyn_fifo_axis_i/clk_wiz_0/inst/clk_in1
    MMCM_X0Y3            MMCME4_ADV (Prop_MMCM_CLKIN1_CLKOUT0)
                                                      0.739     8.222 r  cdc_asyn_fifo_axis_i/clk_wiz_0/inst/mmcme4_adv_inst/CLKOUT0
                         net (fo=1, routed)           0.307     8.529    cdc_asyn_fifo_axis_i/clk_wiz_0/inst/clk_out1_cdc_asyn_fifo_axis_clk_wiz_0_0
    BUFGCE_X0Y76         BUFGCE (Prop_BUFCE_BUFGCE_I_O)
                                                      0.039     8.568 r  cdc_asyn_fifo_axis_i/clk_wiz_0/inst/clkout1_buf/O
    X1Y1 (CLOCK_ROOT)    net (fo=193, routed)         2.219    10.787    cdc_asyn_fifo_axis_i/axis_data_fifo_1/inst/gen_fifo.xpm_fifo_axis_inst/xpm_fifo_base_inst/gen_sdpram.xpm_memory_base_inst/clka
    RAMB36_X1Y22         RAMB36E2                                     r  cdc_asyn_fifo_axis_i/axis_data_fifo_1/inst/gen_fifo.xpm_fifo_axis_inst/xpm_fifo_base_inst/gen_sdpram.xpm_memory_base_inst/gen_wr_a.gen_word_narrow.mem_reg/CLKBWRCLK
                         clock pessimism             -0.359    10.428    
                         clock uncertainty           -0.121    10.307    
    RAMB36_X1Y22         RAMB36E2 (Setup_RAMB36E2_RAMB36_CLKBWRCLK_DINADIN[27])
                                                     -0.448     9.859    cdc_asyn_fifo_axis_i/axis_data_fifo_1/inst/gen_fifo.xpm_fifo_axis_inst/xpm_fifo_base_inst/gen_sdpram.xpm_memory_base_inst/gen_wr_a.gen_word_narrow.mem_reg
  -------------------------------------------------------------------
                         required time                          9.859    
                         arrival time                          -7.156    
  -------------------------------------------------------------------
                         slack                                  2.703    

Slack (MET) :             2.728ns  (required time - arrival time)
  Source:                 cdc_asyn_fifo_axis_i/axis_data_fifo_0/inst/gen_fifo.xpm_fifo_axis_inst/xpm_fifo_base_inst/gen_sdpram.xpm_memory_base_inst/gen_wr_a.gen_word_narrow.mem_reg/CLKARDCLK
                            (rising edge-triggered cell RAMB36E2 clocked by clk_out1_cdc_asyn_fifo_axis_clk_wiz_0_0  {rise@0.000ns fall@2.500ns period=5.000ns})
  Destination:            cdc_asyn_fifo_axis_i/axis_data_fifo_1/inst/gen_fifo.xpm_fifo_axis_inst/xpm_fifo_base_inst/gen_sdpram.xpm_memory_base_inst/gen_wr_a.gen_word_narrow.mem_reg/DINADIN[25]
                            (rising edge-triggered cell RAMB36E2 clocked by clk_out1_cdc_asyn_fifo_axis_clk_wiz_0_0  {rise@0.000ns fall@2.500ns period=5.000ns})
  Path Group:             clk_out1_cdc_asyn_fifo_axis_clk_wiz_0_0
  Path Type:              Setup (Max at Slow Process Corner)
  Requirement:            5.000ns  (clk_out1_cdc_asyn_fifo_axis_clk_wiz_0_0 rise@5.000ns - clk_out1_cdc_asyn_fifo_axis_clk_wiz_0_0 rise@0.000ns)
  Data Path Delay:        1.566ns  (logic 0.661ns (42.209%)  route 0.905ns (57.791%))
  Logic Levels:           3  (CARRY8=3)
  Clock Path Skew:        -0.143ns (DCD - SCD + CPR)
    Destination Clock Delay (DCD):    5.787ns = ( 10.787 - 5.000 ) 
    Source Clock Delay      (SCD):    5.571ns
    Clock Pessimism Removal (CPR):    -0.359ns
  Clock Uncertainty:      0.121ns  ((TSJ^2 + DJ^2)^1/2) / 2 + PE
    Total System Jitter     (TSJ):    0.071ns
    Discrete Jitter          (DJ):    0.231ns
    Phase Error              (PE):    0.000ns
  Clock Net Delay (Source):      2.562ns (routing 1.241ns, distribution 1.321ns)
  Clock Net Delay (Destination): 2.219ns (routing 1.133ns, distribution 1.086ns)

    Location             Delay type                Incr(ns)  Path(ns)    Netlist Resource(s)
  -------------------------------------------------------------------    -------------------
                         (clock clk_out1_cdc_asyn_fifo_axis_clk_wiz_0_0 rise edge)
                                                      0.000     0.000 r  
    BUFG_PS_X0Y81        BUFG_PS                      0.000     0.000 r  cdc_asyn_fifo_axis_i/zynq_ultra_ps_e_0/inst/buffer_pl_clk_0.PL_CLK_0_BUFG/O
                         net (fo=15566, routed)       2.720     2.720    cdc_asyn_fifo_axis_i/clk_wiz_0/inst/clk_in1
    MMCM_X0Y3            MMCME4_ADV (Prop_MMCM_CLKIN1_CLKOUT0)
                                                     -0.103     2.617 r  cdc_asyn_fifo_axis_i/clk_wiz_0/inst/mmcme4_adv_inst/CLKOUT0
                         net (fo=1, routed)           0.348     2.965    cdc_asyn_fifo_axis_i/clk_wiz_0/inst/clk_out1_cdc_asyn_fifo_axis_clk_wiz_0_0
    BUFGCE_X0Y76         BUFGCE (Prop_BUFCE_BUFGCE_I_O)
                                                      0.044     3.009 r  cdc_asyn_fifo_axis_i/clk_wiz_0/inst/clkout1_buf/O
    X1Y1 (CLOCK_ROOT)    net (fo=193, routed)         2.562     5.571    cdc_asyn_fifo_axis_i/axis_data_fifo_0/inst/gen_fifo.xpm_fifo_axis_inst/xpm_fifo_base_inst/gen_sdpram.xpm_memory_base_inst/clkb
    RAMB36_X1Y21         RAMB36E2                                     r  cdc_asyn_fifo_axis_i/axis_data_fifo_0/inst/gen_fifo.xpm_fifo_axis_inst/xpm_fifo_base_inst/gen_sdpram.xpm_memory_base_inst/gen_wr_a.gen_word_narrow.mem_reg/CLKARDCLK
  -------------------------------------------------------------------    -------------------
    RAMB36_X1Y21         RAMB36E2 (Prop_RAMB36E2_RAMB36_CLKARDCLK_DOUTADOUT[12])
                                                      0.298     5.869 r  cdc_asyn_fifo_axis_i/axis_data_fifo_0/inst/gen_fifo.xpm_fifo_axis_inst/xpm_fifo_base_inst/gen_sdpram.xpm_memory_base_inst/gen_wr_a.gen_word_narrow.mem_reg/DOUTADOUT[12]
                         net (fo=1, routed)           0.574     6.443    cdc_asyn_fifo_axis_i/axis_add_one_0/inst/s_axis_tdata[12]
    SLICE_X47Y109        CARRY8 (Prop_CARRY8_SLICEL_S[3]_CO[7])
                                                      0.220     6.663 r  cdc_asyn_fifo_axis_i/axis_add_one_0/inst/m_axis_tdata[9]_INST_0/CO[7]
                         net (fo=1, routed)           0.030     6.693    cdc_asyn_fifo_axis_i/axis_add_one_0/inst/m_axis_tdata[9]_INST_0_n_0
    SLICE_X47Y110        CARRY8 (Prop_CARRY8_SLICEL_CI_CO[7])
                                                      0.065     6.758 r  cdc_asyn_fifo_axis_i/axis_add_one_0/inst/m_axis_tdata[17]_INST_0/CO[7]
                         net (fo=1, routed)           0.030     6.788    cdc_asyn_fifo_axis_i/axis_add_one_0/inst/m_axis_tdata[17]_INST_0_n_0
    SLICE_X47Y111        CARRY8 (Prop_CARRY8_SLICEL_CI_O[0])
                                                      0.078     6.866 r  cdc_asyn_fifo_axis_i/axis_add_one_0/inst/m_axis_tdata[25]_INST_0/O[0]
                         net (fo=1, routed)           0.271     7.137    cdc_asyn_fifo_axis_i/axis_data_fifo_1/inst/gen_fifo.xpm_fifo_axis_inst/xpm_fifo_base_inst/gen_sdpram.xpm_memory_base_inst/dina[25]
    RAMB36_X1Y22         RAMB36E2                                     r  cdc_asyn_fifo_axis_i/axis_data_fifo_1/inst/gen_fifo.xpm_fifo_axis_inst/xpm_fifo_base_inst/gen_sdpram.xpm_memory_base_inst/gen_wr_a.gen_word_narrow.mem_reg/DINADIN[25]
  -------------------------------------------------------------------    -------------------

                         (clock clk_out1_cdc_asyn_fifo_axis_clk_wiz_0_0 rise edge)
                                                      5.000     5.000 r  
    BUFG_PS_X0Y81        BUFG_PS                      0.000     5.000 r  cdc_asyn_fifo_axis_i/zynq_ultra_ps_e_0/inst/buffer_pl_clk_0.PL_CLK_0_BUFG/O
                         net (fo=15566, routed)       2.483     7.483    cdc_asyn_fifo_axis_i/clk_wiz_0/inst/clk_in1
    MMCM_X0Y3            MMCME4_ADV (Prop_MMCM_CLKIN1_CLKOUT0)
                                                      0.739     8.222 r  cdc_asyn_fifo_axis_i/clk_wiz_0/inst/mmcme4_adv_inst/CLKOUT0
                         net (fo=1, routed)           0.307     8.529    cdc_asyn_fifo_axis_i/clk_wiz_0/inst/clk_out1_cdc_asyn_fifo_axis_clk_wiz_0_0
    BUFGCE_X0Y76         BUFGCE (Prop_BUFCE_BUFGCE_I_O)
                                                      0.039     8.568 r  cdc_asyn_fifo_axis_i/clk_wiz_0/inst/clkout1_buf/O
    X1Y1 (CLOCK_ROOT)    net (fo=193, routed)         2.219    10.787    cdc_asyn_fifo_axis_i/axis_data_fifo_1/inst/gen_fifo.xpm_fifo_axis_inst/xpm_fifo_base_inst/gen_sdpram.xpm_memory_base_inst/clka
    RAMB36_X1Y22         RAMB36E2                                     r  cdc_asyn_fifo_axis_i/axis_data_fifo_1/inst/gen_fifo.xpm_fifo_axis_inst/xpm_fifo_base_inst/gen_sdpram.xpm_memory_base_inst/gen_wr_a.gen_word_narrow.mem_reg/CLKBWRCLK
                         clock pessimism             -0.359    10.428    
                         clock uncertainty           -0.121    10.307    
    RAMB36_X1Y22         RAMB36E2 (Setup_RAMB36E2_RAMB36_CLKBWRCLK_DINADIN[25])
                                                     -0.442     9.865    cdc_asyn_fifo_axis_i/axis_data_fifo_1/inst/gen_fifo.xpm_fifo_axis_inst/xpm_fifo_base_inst/gen_sdpram.xpm_memory_base_inst/gen_wr_a.gen_word_narrow.mem_reg
  -------------------------------------------------------------------
                         required time                          9.865    
                         arrival time                          -7.137    
  -------------------------------------------------------------------
                         slack                                  2.728    

Slack (MET) :             2.736ns  (required time - arrival time)
  Source:                 cdc_asyn_fifo_axis_i/axis_data_fifo_0/inst/gen_fifo.xpm_fifo_axis_inst/xpm_fifo_base_inst/gen_sdpram.xpm_memory_base_inst/gen_wr_a.gen_word_narrow.mem_reg/CLKARDCLK
                            (rising edge-triggered cell RAMB36E2 clocked by clk_out1_cdc_asyn_fifo_axis_clk_wiz_0_0  {rise@0.000ns fall@2.500ns period=5.000ns})
  Destination:            cdc_asyn_fifo_axis_i/axis_data_fifo_1/inst/gen_fifo.xpm_fifo_axis_inst/xpm_fifo_base_inst/gen_sdpram.xpm_memory_base_inst/gen_wr_a.gen_word_narrow.mem_reg/DINADIN[22]
                            (rising edge-triggered cell RAMB36E2 clocked by clk_out1_cdc_asyn_fifo_axis_clk_wiz_0_0  {rise@0.000ns fall@2.500ns period=5.000ns})
  Path Group:             clk_out1_cdc_asyn_fifo_axis_clk_wiz_0_0
  Path Type:              Setup (Max at Slow Process Corner)
  Requirement:            5.000ns  (clk_out1_cdc_asyn_fifo_axis_clk_wiz_0_0 rise@5.000ns - clk_out1_cdc_asyn_fifo_axis_clk_wiz_0_0 rise@0.000ns)
  Data Path Delay:        1.533ns  (logic 0.679ns (44.292%)  route 0.854ns (55.708%))
  Logic Levels:           2  (CARRY8=2)
  Clock Path Skew:        -0.143ns (DCD - SCD + CPR)
    Destination Clock Delay (DCD):    5.787ns = ( 10.787 - 5.000 ) 
    Source Clock Delay      (SCD):    5.571ns
    Clock Pessimism Removal (CPR):    -0.359ns
  Clock Uncertainty:      0.121ns  ((TSJ^2 + DJ^2)^1/2) / 2 + PE
    Total System Jitter     (TSJ):    0.071ns
    Discrete Jitter          (DJ):    0.231ns
    Phase Error              (PE):    0.000ns
  Clock Net Delay (Source):      2.562ns (routing 1.241ns, distribution 1.321ns)
  Clock Net Delay (Destination): 2.219ns (routing 1.133ns, distribution 1.086ns)

    Location             Delay type                Incr(ns)  Path(ns)    Netlist Resource(s)
  -------------------------------------------------------------------    -------------------
                         (clock clk_out1_cdc_asyn_fifo_axis_clk_wiz_0_0 rise edge)
                                                      0.000     0.000 r  
    BUFG_PS_X0Y81        BUFG_PS                      0.000     0.000 r  cdc_asyn_fifo_axis_i/zynq_ultra_ps_e_0/inst/buffer_pl_clk_0.PL_CLK_0_BUFG/O
                         net (fo=15566, routed)       2.720     2.720    cdc_asyn_fifo_axis_i/clk_wiz_0/inst/clk_in1
    MMCM_X0Y3            MMCME4_ADV (Prop_MMCM_CLKIN1_CLKOUT0)
                                                     -0.103     2.617 r  cdc_asyn_fifo_axis_i/clk_wiz_0/inst/mmcme4_adv_inst/CLKOUT0
                         net (fo=1, routed)           0.348     2.965    cdc_asyn_fifo_axis_i/clk_wiz_0/inst/clk_out1_cdc_asyn_fifo_axis_clk_wiz_0_0
    BUFGCE_X0Y76         BUFGCE (Prop_BUFCE_BUFGCE_I_O)
                                                      0.044     3.009 r  cdc_asyn_fifo_axis_i/clk_wiz_0/inst/clkout1_buf/O
    X1Y1 (CLOCK_ROOT)    net (fo=193, routed)         2.562     5.571    cdc_asyn_fifo_axis_i/axis_data_fifo_0/inst/gen_fifo.xpm_fifo_axis_inst/xpm_fifo_base_inst/gen_sdpram.xpm_memory_base_inst/clkb
    RAMB36_X1Y21         RAMB36E2                                     r  cdc_asyn_fifo_axis_i/axis_data_fifo_0/inst/gen_fifo.xpm_fifo_axis_inst/xpm_fifo_base_inst/gen_sdpram.xpm_memory_base_inst/gen_wr_a.gen_word_narrow.mem_reg/CLKARDCLK
  -------------------------------------------------------------------    -------------------
    RAMB36_X1Y21         RAMB36E2 (Prop_RAMB36E2_RAMB36_CLKARDCLK_DOUTADOUT[12])
                                                      0.298     5.869 r  cdc_asyn_fifo_axis_i/axis_data_fifo_0/inst/gen_fifo.xpm_fifo_axis_inst/xpm_fifo_base_inst/gen_sdpram.xpm_memory_base_inst/gen_wr_a.gen_word_narrow.mem_reg/DOUTADOUT[12]
                         net (fo=1, routed)           0.574     6.443    cdc_asyn_fifo_axis_i/axis_add_one_0/inst/s_axis_tdata[12]
    SLICE_X47Y109        CARRY8 (Prop_CARRY8_SLICEL_S[3]_CO[7])
                                                      0.220     6.663 r  cdc_asyn_fifo_axis_i/axis_add_one_0/inst/m_axis_tdata[9]_INST_0/CO[7]
                         net (fo=1, routed)           0.030     6.693    cdc_asyn_fifo_axis_i/axis_add_one_0/inst/m_axis_tdata[9]_INST_0_n_0
    SLICE_X47Y110        CARRY8 (Prop_CARRY8_SLICEL_CI_O[5])
                                                      0.161     6.854 r  cdc_asyn_fifo_axis_i/axis_add_one_0/inst/m_axis_tdata[17]_INST_0/O[5]
                         net (fo=1, routed)           0.250     7.104    cdc_asyn_fifo_axis_i/axis_data_fifo_1/inst/gen_fifo.xpm_fifo_axis_inst/xpm_fifo_base_inst/gen_sdpram.xpm_memory_base_inst/dina[22]
    RAMB36_X1Y22         RAMB36E2                                     r  cdc_asyn_fifo_axis_i/axis_data_fifo_1/inst/gen_fifo.xpm_fifo_axis_inst/xpm_fifo_base_inst/gen_sdpram.xpm_memory_base_inst/gen_wr_a.gen_word_narrow.mem_reg/DINADIN[22]
  -------------------------------------------------------------------    -------------------

                         (clock clk_out1_cdc_asyn_fifo_axis_clk_wiz_0_0 rise edge)
                                                      5.000     5.000 r  
    BUFG_PS_X0Y81        BUFG_PS                      0.000     5.000 r  cdc_asyn_fifo_axis_i/zynq_ultra_ps_e_0/inst/buffer_pl_clk_0.PL_CLK_0_BUFG/O
                         net (fo=15566, routed)       2.483     7.483    cdc_asyn_fifo_axis_i/clk_wiz_0/inst/clk_in1
    MMCM_X0Y3            MMCME4_ADV (Prop_MMCM_CLKIN1_CLKOUT0)
                                                      0.739     8.222 r  cdc_asyn_fifo_axis_i/clk_wiz_0/inst/mmcme4_adv_inst/CLKOUT0
                         net (fo=1, routed)           0.307     8.529    cdc_asyn_fifo_axis_i/clk_wiz_0/inst/clk_out1_cdc_asyn_fifo_axis_clk_wiz_0_0
    BUFGCE_X0Y76         BUFGCE (Prop_BUFCE_BUFGCE_I_O)
                                                      0.039     8.568 r  cdc_asyn_fifo_axis_i/clk_wiz_0/inst/clkout1_buf/O
    X1Y1 (CLOCK_ROOT)    net (fo=193, routed)         2.219    10.787    cdc_asyn_fifo_axis_i/axis_data_fifo_1/inst/gen_fifo.xpm_fifo_axis_inst/xpm_fifo_base_inst/gen_sdpram.xpm_memory_base_inst/clka
    RAMB36_X1Y22         RAMB36E2                                     r  cdc_asyn_fifo_axis_i/axis_data_fifo_1/inst/gen_fifo.xpm_fifo_axis_inst/xpm_fifo_base_inst/gen_sdpram.xpm_memory_base_inst/gen_wr_a.gen_word_narrow.mem_reg/CLKBWRCLK
                         clock pessimism             -0.359    10.428    
                         clock uncertainty           -0.121    10.307    
    RAMB36_X1Y22         RAMB36E2 (Setup_RAMB36E2_RAMB36_CLKBWRCLK_DINADIN[22])
                                                     -0.467     9.840    cdc_asyn_fifo_axis_i/axis_data_fifo_1/inst/gen_fifo.xpm_fifo_axis_inst/xpm_fifo_base_inst/gen_sdpram.xpm_memory_base_inst/gen_wr_a.gen_word_narrow.mem_reg
  -------------------------------------------------------------------
                         required time                          9.840    
                         arrival time                          -7.104    
  -------------------------------------------------------------------
                         slack                                  2.736    

Slack (MET) :             2.741ns  (required time - arrival time)
  Source:                 cdc_asyn_fifo_axis_i/axis_data_fifo_0/inst/gen_fifo.xpm_fifo_axis_inst/xpm_fifo_base_inst/gen_sdpram.xpm_memory_base_inst/gen_wr_a.gen_word_narrow.mem_reg/CLKARDCLK
                            (rising edge-triggered cell RAMB36E2 clocked by clk_out1_cdc_asyn_fifo_axis_clk_wiz_0_0  {rise@0.000ns fall@2.500ns period=5.000ns})
  Destination:            cdc_asyn_fifo_axis_i/axis_data_fifo_1/inst/gen_fifo.xpm_fifo_axis_inst/xpm_fifo_base_inst/gen_sdpram.xpm_memory_base_inst/gen_wr_a.gen_word_narrow.mem_reg/DINADIN[21]
                            (rising edge-triggered cell RAMB36E2 clocked by clk_out1_cdc_asyn_fifo_axis_clk_wiz_0_0  {rise@0.000ns fall@2.500ns period=5.000ns})
  Path Group:             clk_out1_cdc_asyn_fifo_axis_clk_wiz_0_0
  Path Type:              Setup (Max at Slow Process Corner)
  Requirement:            5.000ns  (clk_out1_cdc_asyn_fifo_axis_clk_wiz_0_0 rise@5.000ns - clk_out1_cdc_asyn_fifo_axis_clk_wiz_0_0 rise@0.000ns)
  Data Path Delay:        1.580ns  (logic 0.637ns (40.316%)  route 0.943ns (59.684%))
  Logic Levels:           2  (CARRY8=2)
  Clock Path Skew:        -0.143ns (DCD - SCD + CPR)
    Destination Clock Delay (DCD):    5.787ns = ( 10.787 - 5.000 ) 
    Source Clock Delay      (SCD):    5.571ns
    Clock Pessimism Removal (CPR):    -0.359ns
  Clock Uncertainty:      0.121ns  ((TSJ^2 + DJ^2)^1/2) / 2 + PE
    Total System Jitter     (TSJ):    0.071ns
    Discrete Jitter          (DJ):    0.231ns
    Phase Error              (PE):    0.000ns
  Clock Net Delay (Source):      2.562ns (routing 1.241ns, distribution 1.321ns)
  Clock Net Delay (Destination): 2.219ns (routing 1.133ns, distribution 1.086ns)

    Location             Delay type                Incr(ns)  Path(ns)    Netlist Resource(s)
  -------------------------------------------------------------------    -------------------
                         (clock clk_out1_cdc_asyn_fifo_axis_clk_wiz_0_0 rise edge)
                                                      0.000     0.000 r  
    BUFG_PS_X0Y81        BUFG_PS                      0.000     0.000 r  cdc_asyn_fifo_axis_i/zynq_ultra_ps_e_0/inst/buffer_pl_clk_0.PL_CLK_0_BUFG/O
                         net (fo=15566, routed)       2.720     2.720    cdc_asyn_fifo_axis_i/clk_wiz_0/inst/clk_in1
    MMCM_X0Y3            MMCME4_ADV (Prop_MMCM_CLKIN1_CLKOUT0)
                                                     -0.103     2.617 r  cdc_asyn_fifo_axis_i/clk_wiz_0/inst/mmcme4_adv_inst/CLKOUT0
                         net (fo=1, routed)           0.348     2.965    cdc_asyn_fifo_axis_i/clk_wiz_0/inst/clk_out1_cdc_asyn_fifo_axis_clk_wiz_0_0
    BUFGCE_X0Y76         BUFGCE (Prop_BUFCE_BUFGCE_I_O)
                                                      0.044     3.009 r  cdc_asyn_fifo_axis_i/clk_wiz_0/inst/clkout1_buf/O
    X1Y1 (CLOCK_ROOT)    net (fo=193, routed)         2.562     5.571    cdc_asyn_fifo_axis_i/axis_data_fifo_0/inst/gen_fifo.xpm_fifo_axis_inst/xpm_fifo_base_inst/gen_sdpram.xpm_memory_base_inst/clkb
    RAMB36_X1Y21         RAMB36E2                                     r  cdc_asyn_fifo_axis_i/axis_data_fifo_0/inst/gen_fifo.xpm_fifo_axis_inst/xpm_fifo_base_inst/gen_sdpram.xpm_memory_base_inst/gen_wr_a.gen_word_narrow.mem_reg/CLKARDCLK
  -------------------------------------------------------------------    -------------------
    RAMB36_X1Y21         RAMB36E2 (Prop_RAMB36E2_RAMB36_CLKARDCLK_DOUTADOUT[12])
                                                      0.298     5.869 r  cdc_asyn_fifo_axis_i/axis_data_fifo_0/inst/gen_fifo.xpm_fifo_axis_inst/xpm_fifo_base_inst/gen_sdpram.xpm_memory_base_inst/gen_wr_a.gen_word_narrow.mem_reg/DOUTADOUT[12]
                         net (fo=1, routed)           0.574     6.443    cdc_asyn_fifo_axis_i/axis_add_one_0/inst/s_axis_tdata[12]
    SLICE_X47Y109        CARRY8 (Prop_CARRY8_SLICEL_S[3]_CO[7])
                                                      0.220     6.663 r  cdc_asyn_fifo_axis_i/axis_add_one_0/inst/m_axis_tdata[9]_INST_0/CO[7]
                         net (fo=1, routed)           0.030     6.693    cdc_asyn_fifo_axis_i/axis_add_one_0/inst/m_axis_tdata[9]_INST_0_n_0
    SLICE_X47Y110        CARRY8 (Prop_CARRY8_SLICEL_CI_O[4])
                                                      0.119     6.812 r  cdc_asyn_fifo_axis_i/axis_add_one_0/inst/m_axis_tdata[17]_INST_0/O[4]
                         net (fo=1, routed)           0.339     7.151    cdc_asyn_fifo_axis_i/axis_data_fifo_1/inst/gen_fifo.xpm_fifo_axis_inst/xpm_fifo_base_inst/gen_sdpram.xpm_memory_base_inst/dina[21]
    RAMB36_X1Y22         RAMB36E2                                     r  cdc_asyn_fifo_axis_i/axis_data_fifo_1/inst/gen_fifo.xpm_fifo_axis_inst/xpm_fifo_base_inst/gen_sdpram.xpm_memory_base_inst/gen_wr_a.gen_word_narrow.mem_reg/DINADIN[21]
  -------------------------------------------------------------------    -------------------

                         (clock clk_out1_cdc_asyn_fifo_axis_clk_wiz_0_0 rise edge)
                                                      5.000     5.000 r  
    BUFG_PS_X0Y81        BUFG_PS                      0.000     5.000 r  cdc_asyn_fifo_axis_i/zynq_ultra_ps_e_0/inst/buffer_pl_clk_0.PL_CLK_0_BUFG/O
                         net (fo=15566, routed)       2.483     7.483    cdc_asyn_fifo_axis_i/clk_wiz_0/inst/clk_in1
    MMCM_X0Y3            MMCME4_ADV (Prop_MMCM_CLKIN1_CLKOUT0)
                                                      0.739     8.222 r  cdc_asyn_fifo_axis_i/clk_wiz_0/inst/mmcme4_adv_inst/CLKOUT0
                         net (fo=1, routed)           0.307     8.529    cdc_asyn_fifo_axis_i/clk_wiz_0/inst/clk_out1_cdc_asyn_fifo_axis_clk_wiz_0_0
    BUFGCE_X0Y76         BUFGCE (Prop_BUFCE_BUFGCE_I_O)
                                                      0.039     8.568 r  cdc_asyn_fifo_axis_i/clk_wiz_0/inst/clkout1_buf/O
    X1Y1 (CLOCK_ROOT)    net (fo=193, routed)         2.219    10.787    cdc_asyn_fifo_axis_i/axis_data_fifo_1/inst/gen_fifo.xpm_fifo_axis_inst/xpm_fifo_base_inst/gen_sdpram.xpm_memory_base_inst/clka
    RAMB36_X1Y22         RAMB36E2                                     r  cdc_asyn_fifo_axis_i/axis_data_fifo_1/inst/gen_fifo.xpm_fifo_axis_inst/xpm_fifo_base_inst/gen_sdpram.xpm_memory_base_inst/gen_wr_a.gen_word_narrow.mem_reg/CLKBWRCLK
                         clock pessimism             -0.359    10.428    
                         clock uncertainty           -0.121    10.307    
    RAMB36_X1Y22         RAMB36E2 (Setup_RAMB36E2_RAMB36_CLKBWRCLK_DINADIN[21])
                                                     -0.415     9.892    cdc_asyn_fifo_axis_i/axis_data_fifo_1/inst/gen_fifo.xpm_fifo_axis_inst/xpm_fifo_base_inst/gen_sdpram.xpm_memory_base_inst/gen_wr_a.gen_word_narrow.mem_reg
  -------------------------------------------------------------------
                         required time                          9.892    
                         arrival time                          -7.151    
  -------------------------------------------------------------------
                         slack                                  2.741    

Slack (MET) :             2.758ns  (required time - arrival time)
  Source:                 cdc_asyn_fifo_axis_i/axis_data_fifo_0/inst/gen_fifo.xpm_fifo_axis_inst/xpm_fifo_base_inst/gen_sdpram.xpm_memory_base_inst/gen_wr_a.gen_word_narrow.mem_reg/CLKARDCLK
                            (rising edge-triggered cell RAMB36E2 clocked by clk_out1_cdc_asyn_fifo_axis_clk_wiz_0_0  {rise@0.000ns fall@2.500ns period=5.000ns})
  Destination:            cdc_asyn_fifo_axis_i/axis_data_fifo_1/inst/gen_fifo.xpm_fifo_axis_inst/xpm_fifo_base_inst/gen_sdpram.xpm_memory_base_inst/gen_wr_a.gen_word_narrow.mem_reg/DINADIN[28]
                            (rising edge-triggered cell RAMB36E2 clocked by clk_out1_cdc_asyn_fifo_axis_clk_wiz_0_0  {rise@0.000ns fall@2.500ns period=5.000ns})
  Path Group:             clk_out1_cdc_asyn_fifo_axis_clk_wiz_0_0
  Path Type:              Setup (Max at Slow Process Corner)
  Requirement:            5.000ns  (clk_out1_cdc_asyn_fifo_axis_clk_wiz_0_0 rise@5.000ns - clk_out1_cdc_asyn_fifo_axis_clk_wiz_0_0 rise@0.000ns)
  Data Path Delay:        1.574ns  (logic 0.697ns (44.282%)  route 0.877ns (55.718%))
  Logic Levels:           3  (CARRY8=3)
  Clock Path Skew:        -0.143ns (DCD - SCD + CPR)
    Destination Clock Delay (DCD):    5.787ns = ( 10.787 - 5.000 ) 
    Source Clock Delay      (SCD):    5.571ns
    Clock Pessimism Removal (CPR):    -0.359ns
  Clock Uncertainty:      0.121ns  ((TSJ^2 + DJ^2)^1/2) / 2 + PE
    Total System Jitter     (TSJ):    0.071ns
    Discrete Jitter          (DJ):    0.231ns
    Phase Error              (PE):    0.000ns
  Clock Net Delay (Source):      2.562ns (routing 1.241ns, distribution 1.321ns)
  Clock Net Delay (Destination): 2.219ns (routing 1.133ns, distribution 1.086ns)

    Location             Delay type                Incr(ns)  Path(ns)    Netlist Resource(s)
  -------------------------------------------------------------------    -------------------
                         (clock clk_out1_cdc_asyn_fifo_axis_clk_wiz_0_0 rise edge)
                                                      0.000     0.000 r  
    BUFG_PS_X0Y81        BUFG_PS                      0.000     0.000 r  cdc_asyn_fifo_axis_i/zynq_ultra_ps_e_0/inst/buffer_pl_clk_0.PL_CLK_0_BUFG/O
                         net (fo=15566, routed)       2.720     2.720    cdc_asyn_fifo_axis_i/clk_wiz_0/inst/clk_in1
    MMCM_X0Y3            MMCME4_ADV (Prop_MMCM_CLKIN1_CLKOUT0)
                                                     -0.103     2.617 r  cdc_asyn_fifo_axis_i/clk_wiz_0/inst/mmcme4_adv_inst/CLKOUT0
                         net (fo=1, routed)           0.348     2.965    cdc_asyn_fifo_axis_i/clk_wiz_0/inst/clk_out1_cdc_asyn_fifo_axis_clk_wiz_0_0
    BUFGCE_X0Y76         BUFGCE (Prop_BUFCE_BUFGCE_I_O)
                                                      0.044     3.009 r  cdc_asyn_fifo_axis_i/clk_wiz_0/inst/clkout1_buf/O
    X1Y1 (CLOCK_ROOT)    net (fo=193, routed)         2.562     5.571    cdc_asyn_fifo_axis_i/axis_data_fifo_0/inst/gen_fifo.xpm_fifo_axis_inst/xpm_fifo_base_inst/gen_sdpram.xpm_memory_base_inst/clkb
    RAMB36_X1Y21         RAMB36E2                                     r  cdc_asyn_fifo_axis_i/axis_data_fifo_0/inst/gen_fifo.xpm_fifo_axis_inst/xpm_fifo_base_inst/gen_sdpram.xpm_memory_base_inst/gen_wr_a.gen_word_narrow.mem_reg/CLKARDCLK
  -------------------------------------------------------------------    -------------------
    RAMB36_X1Y21         RAMB36E2 (Prop_RAMB36E2_RAMB36_CLKARDCLK_DOUTADOUT[12])
                                                      0.298     5.869 r  cdc_asyn_fifo_axis_i/axis_data_fifo_0/inst/gen_fifo.xpm_fifo_axis_inst/xpm_fifo_base_inst/gen_sdpram.xpm_memory_base_inst/gen_wr_a.gen_word_narrow.mem_reg/DOUTADOUT[12]
                         net (fo=1, routed)           0.574     6.443    cdc_asyn_fifo_axis_i/axis_add_one_0/inst/s_axis_tdata[12]
    SLICE_X47Y109        CARRY8 (Prop_CARRY8_SLICEL_S[3]_CO[7])
                                                      0.220     6.663 r  cdc_asyn_fifo_axis_i/axis_add_one_0/inst/m_axis_tdata[9]_INST_0/CO[7]
                         net (fo=1, routed)           0.030     6.693    cdc_asyn_fifo_axis_i/axis_add_one_0/inst/m_axis_tdata[9]_INST_0_n_0
    SLICE_X47Y110        CARRY8 (Prop_CARRY8_SLICEL_CI_CO[7])
                                                      0.065     6.758 r  cdc_asyn_fifo_axis_i/axis_add_one_0/inst/m_axis_tdata[17]_INST_0/CO[7]
                         net (fo=1, routed)           0.030     6.788    cdc_asyn_fifo_axis_i/axis_add_one_0/inst/m_axis_tdata[17]_INST_0_n_0
    SLICE_X47Y111        CARRY8 (Prop_CARRY8_SLICEL_CI_O[3])
                                                      0.114     6.902 r  cdc_asyn_fifo_axis_i/axis_add_one_0/inst/m_axis_tdata[25]_INST_0/O[3]
                         net (fo=1, routed)           0.243     7.145    cdc_asyn_fifo_axis_i/axis_data_fifo_1/inst/gen_fifo.xpm_fifo_axis_inst/xpm_fifo_base_inst/gen_sdpram.xpm_memory_base_inst/dina[28]
    RAMB36_X1Y22         RAMB36E2                                     r  cdc_asyn_fifo_axis_i/axis_data_fifo_1/inst/gen_fifo.xpm_fifo_axis_inst/xpm_fifo_base_inst/gen_sdpram.xpm_memory_base_inst/gen_wr_a.gen_word_narrow.mem_reg/DINADIN[28]
  -------------------------------------------------------------------    -------------------

                         (clock clk_out1_cdc_asyn_fifo_axis_clk_wiz_0_0 rise edge)
                                                      5.000     5.000 r  
    BUFG_PS_X0Y81        BUFG_PS                      0.000     5.000 r  cdc_asyn_fifo_axis_i/zynq_ultra_ps_e_0/inst/buffer_pl_clk_0.PL_CLK_0_BUFG/O
                         net (fo=15566, routed)       2.483     7.483    cdc_asyn_fifo_axis_i/clk_wiz_0/inst/clk_in1
    MMCM_X0Y3            MMCME4_ADV (Prop_MMCM_CLKIN1_CLKOUT0)
                                                      0.739     8.222 r  cdc_asyn_fifo_axis_i/clk_wiz_0/inst/mmcme4_adv_inst/CLKOUT0
                         net (fo=1, routed)           0.307     8.529    cdc_asyn_fifo_axis_i/clk_wiz_0/inst/clk_out1_cdc_asyn_fifo_axis_clk_wiz_0_0
    BUFGCE_X0Y76         BUFGCE (Prop_BUFCE_BUFGCE_I_O)
                                                      0.039     8.568 r  cdc_asyn_fifo_axis_i/clk_wiz_0/inst/clkout1_buf/O
    X1Y1 (CLOCK_ROOT)    net (fo=193, routed)         2.219    10.787    cdc_asyn_fifo_axis_i/axis_data_fifo_1/inst/gen_fifo.xpm_fifo_axis_inst/xpm_fifo_base_inst/gen_sdpram.xpm_memory_base_inst/clka
    RAMB36_X1Y22         RAMB36E2                                     r  cdc_asyn_fifo_axis_i/axis_data_fifo_1/inst/gen_fifo.xpm_fifo_axis_inst/xpm_fifo_base_inst/gen_sdpram.xpm_memory_base_inst/gen_wr_a.gen_word_narrow.mem_reg/CLKBWRCLK
                         clock pessimism             -0.359    10.428    
                         clock uncertainty           -0.121    10.307    
    RAMB36_X1Y22         RAMB36E2 (Setup_RAMB36E2_RAMB36_CLKBWRCLK_DINADIN[28])
                                                     -0.404     9.903    cdc_asyn_fifo_axis_i/axis_data_fifo_1/inst/gen_fifo.xpm_fifo_axis_inst/xpm_fifo_base_inst/gen_sdpram.xpm_memory_base_inst/gen_wr_a.gen_word_narrow.mem_reg
  -------------------------------------------------------------------
                         required time                          9.903    
                         arrival time                          -7.145    
  -------------------------------------------------------------------
                         slack                                  2.758    

Slack (MET) :             2.765ns  (required time - arrival time)
  Source:                 cdc_asyn_fifo_axis_i/axis_data_fifo_1/inst/gen_fifo.xpm_fifo_axis_inst/xpm_fifo_base_inst/xpm_fifo_rst_inst/gen_rst_ic.wr_rst_busy_ic_reg/C
                            (rising edge-triggered cell FDRE clocked by clk_out1_cdc_asyn_fifo_axis_clk_wiz_0_0  {rise@0.000ns fall@2.500ns period=5.000ns})
  Destination:            cdc_asyn_fifo_axis_i/axis_data_fifo_1/inst/gen_fifo.xpm_fifo_axis_inst/xpm_fifo_base_inst/wrpp2_inst/count_value_i_reg[7]/D
                            (rising edge-triggered cell FDRE clocked by clk_out1_cdc_asyn_fifo_axis_clk_wiz_0_0  {rise@0.000ns fall@2.500ns period=5.000ns})
  Path Group:             clk_out1_cdc_asyn_fifo_axis_clk_wiz_0_0
  Path Type:              Setup (Max at Slow Process Corner)
  Requirement:            5.000ns  (clk_out1_cdc_asyn_fifo_axis_clk_wiz_0_0 rise@5.000ns - clk_out1_cdc_asyn_fifo_axis_clk_wiz_0_0 rise@0.000ns)
  Data Path Delay:        2.033ns  (logic 0.628ns (30.885%)  route 1.405ns (69.115%))
  Logic Levels:           3  (LUT4=2 LUT6=1)
  Clock Path Skew:        -0.125ns (DCD - SCD + CPR)
    Destination Clock Delay (DCD):    5.788ns = ( 10.788 - 5.000 ) 
    Source Clock Delay      (SCD):    5.500ns
    Clock Pessimism Removal (CPR):    -0.414ns
  Clock Uncertainty:      0.121ns  ((TSJ^2 + DJ^2)^1/2) / 2 + PE
    Total System Jitter     (TSJ):    0.071ns
    Discrete Jitter          (DJ):    0.231ns
    Phase Error              (PE):    0.000ns
  Clock Net Delay (Source):      2.491ns (routing 1.241ns, distribution 1.250ns)
  Clock Net Delay (Destination): 2.220ns (routing 1.133ns, distribution 1.087ns)

    Location             Delay type                Incr(ns)  Path(ns)    Netlist Resource(s)
  -------------------------------------------------------------------    -------------------
                         (clock clk_out1_cdc_asyn_fifo_axis_clk_wiz_0_0 rise edge)
                                                      0.000     0.000 r  
    BUFG_PS_X0Y81        BUFG_PS                      0.000     0.000 r  cdc_asyn_fifo_axis_i/zynq_ultra_ps_e_0/inst/buffer_pl_clk_0.PL_CLK_0_BUFG/O
                         net (fo=15566, routed)       2.720     2.720    cdc_asyn_fifo_axis_i/clk_wiz_0/inst/clk_in1
    MMCM_X0Y3            MMCME4_ADV (Prop_MMCM_CLKIN1_CLKOUT0)
                                                     -0.103     2.617 r  cdc_asyn_fifo_axis_i/clk_wiz_0/inst/mmcme4_adv_inst/CLKOUT0
                         net (fo=1, routed)           0.348     2.965    cdc_asyn_fifo_axis_i/clk_wiz_0/inst/clk_out1_cdc_asyn_fifo_axis_clk_wiz_0_0
    BUFGCE_X0Y76         BUFGCE (Prop_BUFCE_BUFGCE_I_O)
                                                      0.044     3.009 r  cdc_asyn_fifo_axis_i/clk_wiz_0/inst/clkout1_buf/O
    X1Y1 (CLOCK_ROOT)    net (fo=193, routed)         2.491     5.500    cdc_asyn_fifo_axis_i/axis_data_fifo_1/inst/gen_fifo.xpm_fifo_axis_inst/xpm_fifo_base_inst/xpm_fifo_rst_inst/wr_clk
    SLICE_X51Y112        FDRE                                         r  cdc_asyn_fifo_axis_i/axis_data_fifo_1/inst/gen_fifo.xpm_fifo_axis_inst/xpm_fifo_base_inst/xpm_fifo_rst_inst/gen_rst_ic.wr_rst_busy_ic_reg/C
  -------------------------------------------------------------------    -------------------
    SLICE_X51Y112        FDRE (Prop_BFF2_SLICEL_C_Q)
                                                      0.115     5.615 f  cdc_asyn_fifo_axis_i/axis_data_fifo_1/inst/gen_fifo.xpm_fifo_axis_inst/xpm_fifo_base_inst/xpm_fifo_rst_inst/gen_rst_ic.wr_rst_busy_ic_reg/Q
                         net (fo=44, routed)          0.535     6.149    cdc_asyn_fifo_axis_i/axis_data_fifo_1/inst/gen_fifo.xpm_fifo_axis_inst/xpm_fifo_base_inst/xpm_fifo_rst_inst/wrst_busy
    SLICE_X48Y112        LUT4 (Prop_F5LUT_SLICEL_I2_O)
                                                      0.099     6.248 r  cdc_asyn_fifo_axis_i/axis_data_fifo_1/inst/gen_fifo.xpm_fifo_axis_inst/xpm_fifo_base_inst/xpm_fifo_rst_inst/gen_sdpram.xpm_memory_base_inst_i_1/O
                         net (fo=40, routed)          0.680     6.928    cdc_asyn_fifo_axis_i/axis_data_fifo_1/inst/gen_fifo.xpm_fifo_axis_inst/xpm_fifo_base_inst/wrpp2_inst/ram_wr_en_i
    SLICE_X50Y112        LUT6 (Prop_E6LUT_SLICEL_I3_O)
                                                      0.187     7.115 r  cdc_asyn_fifo_axis_i/axis_data_fifo_1/inst/gen_fifo.xpm_fifo_axis_inst/xpm_fifo_base_inst/wrpp2_inst/count_value_i[8]_i_2/O
                         net (fo=2, routed)           0.121     7.236    cdc_asyn_fifo_axis_i/axis_data_fifo_1/inst/gen_fifo.xpm_fifo_axis_inst/xpm_fifo_base_inst/wrpp2_inst/count_value_i[8]_i_2_n_0
    SLICE_X49Y112        LUT4 (Prop_H6LUT_SLICEL_I1_O)
                                                      0.227     7.463 r  cdc_asyn_fifo_axis_i/axis_data_fifo_1/inst/gen_fifo.xpm_fifo_axis_inst/xpm_fifo_base_inst/wrpp2_inst/count_value_i[7]_i_1__0/O
                         net (fo=1, routed)           0.070     7.533    cdc_asyn_fifo_axis_i/axis_data_fifo_1/inst/gen_fifo.xpm_fifo_axis_inst/xpm_fifo_base_inst/wrpp2_inst/count_value_i[7]_i_1__0_n_0
    SLICE_X49Y112        FDRE                                         r  cdc_asyn_fifo_axis_i/axis_data_fifo_1/inst/gen_fifo.xpm_fifo_axis_inst/xpm_fifo_base_inst/wrpp2_inst/count_value_i_reg[7]/D
  -------------------------------------------------------------------    -------------------

                         (clock clk_out1_cdc_asyn_fifo_axis_clk_wiz_0_0 rise edge)
                                                      5.000     5.000 r  
    BUFG_PS_X0Y81        BUFG_PS                      0.000     5.000 r  cdc_asyn_fifo_axis_i/zynq_ultra_ps_e_0/inst/buffer_pl_clk_0.PL_CLK_0_BUFG/O
                         net (fo=15566, routed)       2.483     7.483    cdc_asyn_fifo_axis_i/clk_wiz_0/inst/clk_in1
    MMCM_X0Y3            MMCME4_ADV (Prop_MMCM_CLKIN1_CLKOUT0)
                                                      0.739     8.222 r  cdc_asyn_fifo_axis_i/clk_wiz_0/inst/mmcme4_adv_inst/CLKOUT0
                         net (fo=1, routed)           0.307     8.529    cdc_asyn_fifo_axis_i/clk_wiz_0/inst/clk_out1_cdc_asyn_fifo_axis_clk_wiz_0_0
    BUFGCE_X0Y76         BUFGCE (Prop_BUFCE_BUFGCE_I_O)
                                                      0.039     8.568 r  cdc_asyn_fifo_axis_i/clk_wiz_0/inst/clkout1_buf/O
    X1Y1 (CLOCK_ROOT)    net (fo=193, routed)         2.220    10.788    cdc_asyn_fifo_axis_i/axis_data_fifo_1/inst/gen_fifo.xpm_fifo_axis_inst/xpm_fifo_base_inst/wrpp2_inst/wr_clk
    SLICE_X49Y112        FDRE                                         r  cdc_asyn_fifo_axis_i/axis_data_fifo_1/inst/gen_fifo.xpm_fifo_axis_inst/xpm_fifo_base_inst/wrpp2_inst/count_value_i_reg[7]/C
                         clock pessimism             -0.414    10.375    
                         clock uncertainty           -0.121    10.254    
    SLICE_X49Y112        FDRE (Setup_HFF_SLICEL_C_D)
                                                      0.044    10.298    cdc_asyn_fifo_axis_i/axis_data_fifo_1/inst/gen_fifo.xpm_fifo_axis_inst/xpm_fifo_base_inst/wrpp2_inst/count_value_i_reg[7]
  -------------------------------------------------------------------
                         required time                         10.298    
                         arrival time                          -7.533    
  -------------------------------------------------------------------
                         slack                                  2.765    

Slack (MET) :             2.768ns  (required time - arrival time)
  Source:                 cdc_asyn_fifo_axis_i/axis_data_fifo_0/inst/gen_fifo.xpm_fifo_axis_inst/xpm_fifo_base_inst/gen_sdpram.xpm_memory_base_inst/gen_wr_a.gen_word_narrow.mem_reg/CLKARDCLK
                            (rising edge-triggered cell RAMB36E2 clocked by clk_out1_cdc_asyn_fifo_axis_clk_wiz_0_0  {rise@0.000ns fall@2.500ns period=5.000ns})
  Destination:            cdc_asyn_fifo_axis_i/axis_data_fifo_1/inst/gen_fifo.xpm_fifo_axis_inst/xpm_fifo_base_inst/gen_sdpram.xpm_memory_base_inst/gen_wr_a.gen_word_narrow.mem_reg/DINADIN[15]
                            (rising edge-triggered cell RAMB36E2 clocked by clk_out1_cdc_asyn_fifo_axis_clk_wiz_0_0  {rise@0.000ns fall@2.500ns period=5.000ns})
  Path Group:             clk_out1_cdc_asyn_fifo_axis_clk_wiz_0_0
  Path Type:              Setup (Max at Slow Process Corner)
  Requirement:            5.000ns  (clk_out1_cdc_asyn_fifo_axis_clk_wiz_0_0 rise@5.000ns - clk_out1_cdc_asyn_fifo_axis_clk_wiz_0_0 rise@0.000ns)
  Data Path Delay:        1.532ns  (logic 0.681ns (44.452%)  route 0.851ns (55.548%))
  Logic Levels:           2  (CARRY8=2)
  Clock Path Skew:        -0.143ns (DCD - SCD + CPR)
    Destination Clock Delay (DCD):    5.787ns = ( 10.787 - 5.000 ) 
    Source Clock Delay      (SCD):    5.571ns
    Clock Pessimism Removal (CPR):    -0.359ns
  Clock Uncertainty:      0.121ns  ((TSJ^2 + DJ^2)^1/2) / 2 + PE
    Total System Jitter     (TSJ):    0.071ns
    Discrete Jitter          (DJ):    0.231ns
    Phase Error              (PE):    0.000ns
  Clock Net Delay (Source):      2.562ns (routing 1.241ns, distribution 1.321ns)
  Clock Net Delay (Destination): 2.219ns (routing 1.133ns, distribution 1.086ns)

    Location             Delay type                Incr(ns)  Path(ns)    Netlist Resource(s)
  -------------------------------------------------------------------    -------------------
                         (clock clk_out1_cdc_asyn_fifo_axis_clk_wiz_0_0 rise edge)
                                                      0.000     0.000 r  
    BUFG_PS_X0Y81        BUFG_PS                      0.000     0.000 r  cdc_asyn_fifo_axis_i/zynq_ultra_ps_e_0/inst/buffer_pl_clk_0.PL_CLK_0_BUFG/O
                         net (fo=15566, routed)       2.720     2.720    cdc_asyn_fifo_axis_i/clk_wiz_0/inst/clk_in1
    MMCM_X0Y3            MMCME4_ADV (Prop_MMCM_CLKIN1_CLKOUT0)
                                                     -0.103     2.617 r  cdc_asyn_fifo_axis_i/clk_wiz_0/inst/mmcme4_adv_inst/CLKOUT0
                         net (fo=1, routed)           0.348     2.965    cdc_asyn_fifo_axis_i/clk_wiz_0/inst/clk_out1_cdc_asyn_fifo_axis_clk_wiz_0_0
    BUFGCE_X0Y76         BUFGCE (Prop_BUFCE_BUFGCE_I_O)
                                                      0.044     3.009 r  cdc_asyn_fifo_axis_i/clk_wiz_0/inst/clkout1_buf/O
    X1Y1 (CLOCK_ROOT)    net (fo=193, routed)         2.562     5.571    cdc_asyn_fifo_axis_i/axis_data_fifo_0/inst/gen_fifo.xpm_fifo_axis_inst/xpm_fifo_base_inst/gen_sdpram.xpm_memory_base_inst/clkb
    RAMB36_X1Y21         RAMB36E2                                     r  cdc_asyn_fifo_axis_i/axis_data_fifo_0/inst/gen_fifo.xpm_fifo_axis_inst/xpm_fifo_base_inst/gen_sdpram.xpm_memory_base_inst/gen_wr_a.gen_word_narrow.mem_reg/CLKARDCLK
  -------------------------------------------------------------------    -------------------
    RAMB36_X1Y21         RAMB36E2 (Prop_RAMB36E2_RAMB36_CLKARDCLK_DOUTADOUT[4])
                                                      0.304     5.875 r  cdc_asyn_fifo_axis_i/axis_data_fifo_0/inst/gen_fifo.xpm_fifo_axis_inst/xpm_fifo_base_inst/gen_sdpram.xpm_memory_base_inst/gen_wr_a.gen_word_narrow.mem_reg/DOUTADOUT[4]
                         net (fo=1, routed)           0.426     6.301    cdc_asyn_fifo_axis_i/axis_add_one_0/inst/s_axis_tdata[4]
    SLICE_X47Y108        CARRY8 (Prop_CARRY8_SLICEL_S[3]_CO[7])
                                                      0.220     6.521 r  cdc_asyn_fifo_axis_i/axis_add_one_0/inst/m_axis_tdata[1]_INST_0/CO[7]
                         net (fo=1, routed)           0.030     6.551    cdc_asyn_fifo_axis_i/axis_add_one_0/inst/m_axis_tdata[1]_INST_0_n_0
    SLICE_X47Y109        CARRY8 (Prop_CARRY8_SLICEL_CI_O[6])
                                                      0.157     6.708 r  cdc_asyn_fifo_axis_i/axis_add_one_0/inst/m_axis_tdata[9]_INST_0/O[6]
                         net (fo=1, routed)           0.395     7.103    cdc_asyn_fifo_axis_i/axis_data_fifo_1/inst/gen_fifo.xpm_fifo_axis_inst/xpm_fifo_base_inst/gen_sdpram.xpm_memory_base_inst/dina[15]
    RAMB36_X1Y22         RAMB36E2                                     r  cdc_asyn_fifo_axis_i/axis_data_fifo_1/inst/gen_fifo.xpm_fifo_axis_inst/xpm_fifo_base_inst/gen_sdpram.xpm_memory_base_inst/gen_wr_a.gen_word_narrow.mem_reg/DINADIN[15]
  -------------------------------------------------------------------    -------------------

                         (clock clk_out1_cdc_asyn_fifo_axis_clk_wiz_0_0 rise edge)
                                                      5.000     5.000 r  
    BUFG_PS_X0Y81        BUFG_PS                      0.000     5.000 r  cdc_asyn_fifo_axis_i/zynq_ultra_ps_e_0/inst/buffer_pl_clk_0.PL_CLK_0_BUFG/O
                         net (fo=15566, routed)       2.483     7.483    cdc_asyn_fifo_axis_i/clk_wiz_0/inst/clk_in1
    MMCM_X0Y3            MMCME4_ADV (Prop_MMCM_CLKIN1_CLKOUT0)
                                                      0.739     8.222 r  cdc_asyn_fifo_axis_i/clk_wiz_0/inst/mmcme4_adv_inst/CLKOUT0
                         net (fo=1, routed)           0.307     8.529    cdc_asyn_fifo_axis_i/clk_wiz_0/inst/clk_out1_cdc_asyn_fifo_axis_clk_wiz_0_0
    BUFGCE_X0Y76         BUFGCE (Prop_BUFCE_BUFGCE_I_O)
                                                      0.039     8.568 r  cdc_asyn_fifo_axis_i/clk_wiz_0/inst/clkout1_buf/O
    X1Y1 (CLOCK_ROOT)    net (fo=193, routed)         2.219    10.787    cdc_asyn_fifo_axis_i/axis_data_fifo_1/inst/gen_fifo.xpm_fifo_axis_inst/xpm_fifo_base_inst/gen_sdpram.xpm_memory_base_inst/clka
    RAMB36_X1Y22         RAMB36E2                                     r  cdc_asyn_fifo_axis_i/axis_data_fifo_1/inst/gen_fifo.xpm_fifo_axis_inst/xpm_fifo_base_inst/gen_sdpram.xpm_memory_base_inst/gen_wr_a.gen_word_narrow.mem_reg/CLKBWRCLK
                         clock pessimism             -0.359    10.428    
                         clock uncertainty           -0.121    10.307    
    RAMB36_X1Y22         RAMB36E2 (Setup_RAMB36E2_RAMB36_CLKBWRCLK_DINADIN[15])
                                                     -0.436     9.871    cdc_asyn_fifo_axis_i/axis_data_fifo_1/inst/gen_fifo.xpm_fifo_axis_inst/xpm_fifo_base_inst/gen_sdpram.xpm_memory_base_inst/gen_wr_a.gen_word_narrow.mem_reg
  -------------------------------------------------------------------
                         required time                          9.871    
                         arrival time                          -7.103    
  -------------------------------------------------------------------
                         slack                                  2.768    





Min Delay Paths
--------------------------------------------------------------------------------------
Slack (MET) :             0.050ns  (arrival time - required time)
  Source:                 cdc_asyn_fifo_axis_i/axis_data_fifo_1/inst/gen_fifo.xpm_fifo_axis_inst/xpm_fifo_base_inst/wrp_inst/count_value_i_reg[0]/C
                            (rising edge-triggered cell FDRE clocked by clk_out1_cdc_asyn_fifo_axis_clk_wiz_0_0  {rise@0.000ns fall@2.500ns period=5.000ns})
  Destination:            cdc_asyn_fifo_axis_i/axis_data_fifo_1/inst/gen_fifo.xpm_fifo_axis_inst/xpm_fifo_base_inst/gen_sdpram.xpm_memory_base_inst/gen_wr_a.gen_word_narrow.mem_reg/ADDRBWRADDR[6]
                            (rising edge-triggered cell RAMB36E2 clocked by clk_out1_cdc_asyn_fifo_axis_clk_wiz_0_0  {rise@0.000ns fall@2.500ns period=5.000ns})
  Path Group:             clk_out1_cdc_asyn_fifo_axis_clk_wiz_0_0
  Path Type:              Hold (Min at Fast Process Corner)
  Requirement:            0.000ns  (clk_out1_cdc_asyn_fifo_axis_clk_wiz_0_0 rise@0.000ns - clk_out1_cdc_asyn_fifo_axis_clk_wiz_0_0 rise@0.000ns)
  Data Path Delay:        0.149ns  (logic 0.085ns (57.215%)  route 0.064ns (42.784%))
  Logic Levels:           0  
  Clock Path Skew:        0.092ns (DCD - SCD - CPR)
    Destination Clock Delay (DCD):    3.305ns
    Source Clock Delay      (SCD):    3.598ns
    Clock Pessimism Removal (CPR):    -0.384ns
  Clock Net Delay (Source):      1.325ns (routing 0.676ns, distribution 0.649ns)
  Clock Net Delay (Destination): 1.518ns (routing 0.738ns, distribution 0.780ns)

    Location             Delay type                Incr(ns)  Path(ns)    Netlist Resource(s)
  -------------------------------------------------------------------    -------------------
                         (clock clk_out1_cdc_asyn_fifo_axis_clk_wiz_0_0 rise edge)
                                                      0.000     0.000 r  
    BUFG_PS_X0Y81        BUFG_PS                      0.000     0.000 r  cdc_asyn_fifo_axis_i/zynq_ultra_ps_e_0/inst/buffer_pl_clk_0.PL_CLK_0_BUFG/O
                         net (fo=15566, routed)       1.505     1.505    cdc_asyn_fifo_axis_i/clk_wiz_0/inst/clk_in1
    MMCM_X0Y3            MMCME4_ADV (Prop_MMCM_CLKIN1_CLKOUT0)
                                                      0.566     2.071 r  cdc_asyn_fifo_axis_i/clk_wiz_0/inst/mmcme4_adv_inst/CLKOUT0
                         net (fo=1, routed)           0.179     2.250    cdc_asyn_fifo_axis_i/clk_wiz_0/inst/clk_out1_cdc_asyn_fifo_axis_clk_wiz_0_0
    BUFGCE_X0Y76         BUFGCE (Prop_BUFCE_BUFGCE_I_O)
                                                      0.023     2.273 r  cdc_asyn_fifo_axis_i/clk_wiz_0/inst/clkout1_buf/O
    X1Y1 (CLOCK_ROOT)    net (fo=193, routed)         1.325     3.598    cdc_asyn_fifo_axis_i/axis_data_fifo_1/inst/gen_fifo.xpm_fifo_axis_inst/xpm_fifo_base_inst/wrp_inst/wr_clk
    SLICE_X47Y112        FDRE                                         r  cdc_asyn_fifo_axis_i/axis_data_fifo_1/inst/gen_fifo.xpm_fifo_axis_inst/xpm_fifo_base_inst/wrp_inst/count_value_i_reg[0]/C
  -------------------------------------------------------------------    -------------------
    SLICE_X47Y112        FDRE (Prop_GFF2_SLICEL_C_Q)
                                                      0.085     3.683 r  cdc_asyn_fifo_axis_i/axis_data_fifo_1/inst/gen_fifo.xpm_fifo_axis_inst/xpm_fifo_base_inst/wrp_inst/count_value_i_reg[0]/Q
                         net (fo=9, routed)           0.064     3.746    cdc_asyn_fifo_axis_i/axis_data_fifo_1/inst/gen_fifo.xpm_fifo_axis_inst/xpm_fifo_base_inst/gen_sdpram.xpm_memory_base_inst/addra[0]
    RAMB36_X1Y22         RAMB36E2                                     r  cdc_asyn_fifo_axis_i/axis_data_fifo_1/inst/gen_fifo.xpm_fifo_axis_inst/xpm_fifo_base_inst/gen_sdpram.xpm_memory_base_inst/gen_wr_a.gen_word_narrow.mem_reg/ADDRBWRADDR[6]
  -------------------------------------------------------------------    -------------------

                         (clock clk_out1_cdc_asyn_fifo_axis_clk_wiz_0_0 rise edge)
                                                      0.000     0.000 r  
    BUFG_PS_X0Y81        BUFG_PS                      0.000     0.000 r  cdc_asyn_fifo_axis_i/zynq_ultra_ps_e_0/inst/buffer_pl_clk_0.PL_CLK_0_BUFG/O
                         net (fo=15566, routed)       1.636     1.636    cdc_asyn_fifo_axis_i/clk_wiz_0/inst/clk_in1
    MMCM_X0Y3            MMCME4_ADV (Prop_MMCM_CLKIN1_CLKOUT0)
                                                     -0.079     1.557 r  cdc_asyn_fifo_axis_i/clk_wiz_0/inst/mmcme4_adv_inst/CLKOUT0
                         net (fo=1, routed)           0.204     1.761    cdc_asyn_fifo_axis_i/clk_wiz_0/inst/clk_out1_cdc_asyn_fifo_axis_clk_wiz_0_0
    BUFGCE_X0Y76         BUFGCE (Prop_BUFCE_BUFGCE_I_O)
                                                      0.026     1.787 r  cdc_asyn_fifo_axis_i/clk_wiz_0/inst/clkout1_buf/O
    X1Y1 (CLOCK_ROOT)    net (fo=193, routed)         1.518     3.305    cdc_asyn_fifo_axis_i/axis_data_fifo_1/inst/gen_fifo.xpm_fifo_axis_inst/xpm_fifo_base_inst/gen_sdpram.xpm_memory_base_inst/clka
    RAMB36_X1Y22         RAMB36E2                                     r  cdc_asyn_fifo_axis_i/axis_data_fifo_1/inst/gen_fifo.xpm_fifo_axis_inst/xpm_fifo_base_inst/gen_sdpram.xpm_memory_base_inst/gen_wr_a.gen_word_narrow.mem_reg/CLKBWRCLK
                         clock pessimism              0.384     3.689    
    RAMB36_X1Y22         RAMB36E2 (Hold_RAMB36E2_RAMB36_CLKBWRCLK_ADDRBWRADDR[6])
                                                      0.007     3.696    cdc_asyn_fifo_axis_i/axis_data_fifo_1/inst/gen_fifo.xpm_fifo_axis_inst/xpm_fifo_base_inst/gen_sdpram.xpm_memory_base_inst/gen_wr_a.gen_word_narrow.mem_reg
  -------------------------------------------------------------------
                         required time                         -3.696    
                         arrival time                           3.746    
  -------------------------------------------------------------------
                         slack                                  0.050    

Slack (MET) :             0.051ns  (arrival time - required time)
  Source:                 cdc_asyn_fifo_axis_i/axis_data_fifo_1/inst/gen_fifo.xpm_fifo_axis_inst/xpm_fifo_base_inst/gen_cdc_pntr.rd_pntr_cdc_inst/dest_graysync_ff_reg[2][8]/C
                            (rising edge-triggered cell FDRE clocked by clk_out1_cdc_asyn_fifo_axis_clk_wiz_0_0  {rise@0.000ns fall@2.500ns period=5.000ns})
  Destination:            cdc_asyn_fifo_axis_i/axis_data_fifo_1/inst/gen_fifo.xpm_fifo_axis_inst/xpm_fifo_base_inst/gen_cdc_pntr.rpw_gray_reg/reg_out_i_reg[4]/D
                            (rising edge-triggered cell FDRE clocked by clk_out1_cdc_asyn_fifo_axis_clk_wiz_0_0  {rise@0.000ns fall@2.500ns period=5.000ns})
  Path Group:             clk_out1_cdc_asyn_fifo_axis_clk_wiz_0_0
  Path Type:              Hold (Min at Slow Process Corner)
  Requirement:            0.000ns  (clk_out1_cdc_asyn_fifo_axis_clk_wiz_0_0 rise@0.000ns - clk_out1_cdc_asyn_fifo_axis_clk_wiz_0_0 rise@0.000ns)
  Data Path Delay:        0.249ns  (logic 0.160ns (64.256%)  route 0.089ns (35.744%))
  Logic Levels:           1  (LUT5=1)
  Clock Path Skew:        0.095ns (DCD - SCD - CPR)
    Destination Clock Delay (DCD):    5.475ns
    Source Clock Delay      (SCD):    5.793ns
    Clock Pessimism Removal (CPR):    -0.414ns
  Clock Net Delay (Source):      2.225ns (routing 1.133ns, distribution 1.092ns)
  Clock Net Delay (Destination): 2.466ns (routing 1.241ns, distribution 1.225ns)

    Location             Delay type                Incr(ns)  Path(ns)    Netlist Resource(s)
  -------------------------------------------------------------------    -------------------
                         (clock clk_out1_cdc_asyn_fifo_axis_clk_wiz_0_0 rise edge)
                                                      0.000     0.000 r  
    BUFG_PS_X0Y81        BUFG_PS                      0.000     0.000 r  cdc_asyn_fifo_axis_i/zynq_ultra_ps_e_0/inst/buffer_pl_clk_0.PL_CLK_0_BUFG/O
                         net (fo=15566, routed)       2.483     2.483    cdc_asyn_fifo_axis_i/clk_wiz_0/inst/clk_in1
    MMCM_X0Y3            MMCME4_ADV (Prop_MMCM_CLKIN1_CLKOUT0)
                                                      0.739     3.222 r  cdc_asyn_fifo_axis_i/clk_wiz_0/inst/mmcme4_adv_inst/CLKOUT0
                         net (fo=1, routed)           0.307     3.529    cdc_asyn_fifo_axis_i/clk_wiz_0/inst/clk_out1_cdc_asyn_fifo_axis_clk_wiz_0_0
    BUFGCE_X0Y76         BUFGCE (Prop_BUFCE_BUFGCE_I_O)
                                                      0.039     3.568 r  cdc_asyn_fifo_axis_i/clk_wiz_0/inst/clkout1_buf/O
    X1Y1 (CLOCK_ROOT)    net (fo=193, routed)         2.225     5.793    cdc_asyn_fifo_axis_i/axis_data_fifo_1/inst/gen_fifo.xpm_fifo_axis_inst/xpm_fifo_base_inst/gen_cdc_pntr.rd_pntr_cdc_inst/dest_clk
    SLICE_X51Y114        FDRE                                         r  cdc_asyn_fifo_axis_i/axis_data_fifo_1/inst/gen_fifo.xpm_fifo_axis_inst/xpm_fifo_base_inst/gen_cdc_pntr.rd_pntr_cdc_inst/dest_graysync_ff_reg[2][8]/C
  -------------------------------------------------------------------    -------------------
    SLICE_X51Y114        FDRE (Prop_BFF2_SLICEL_C_Q)
                                                      0.113     5.906 r  cdc_asyn_fifo_axis_i/axis_data_fifo_1/inst/gen_fifo.xpm_fifo_axis_inst/xpm_fifo_base_inst/gen_cdc_pntr.rd_pntr_cdc_inst/dest_graysync_ff_reg[2][8]/Q
                         net (fo=6, routed)           0.078     5.984    cdc_asyn_fifo_axis_i/axis_data_fifo_1/inst/gen_fifo.xpm_fifo_axis_inst/xpm_fifo_base_inst/gen_cdc_pntr.rd_pntr_cdc_inst/dest_graysync_ff[2][8]
    SLICE_X49Y114        LUT5 (Prop_H5LUT_SLICEL_I2_O)
                                                      0.047     6.031 r  cdc_asyn_fifo_axis_i/axis_data_fifo_1/inst/gen_fifo.xpm_fifo_axis_inst/xpm_fifo_base_inst/gen_cdc_pntr.rd_pntr_cdc_inst/dest_out_bin[4]_INST_0/O
                         net (fo=1, routed)           0.011     6.042    cdc_asyn_fifo_axis_i/axis_data_fifo_1/inst/gen_fifo.xpm_fifo_axis_inst/xpm_fifo_base_inst/gen_cdc_pntr.rpw_gray_reg/D[4]
    SLICE_X49Y114        FDRE                                         r  cdc_asyn_fifo_axis_i/axis_data_fifo_1/inst/gen_fifo.xpm_fifo_axis_inst/xpm_fifo_base_inst/gen_cdc_pntr.rpw_gray_reg/reg_out_i_reg[4]/D
  -------------------------------------------------------------------    -------------------

                         (clock clk_out1_cdc_asyn_fifo_axis_clk_wiz_0_0 rise edge)
                                                      0.000     0.000 r  
    BUFG_PS_X0Y81        BUFG_PS                      0.000     0.000 r  cdc_asyn_fifo_axis_i/zynq_ultra_ps_e_0/inst/buffer_pl_clk_0.PL_CLK_0_BUFG/O
                         net (fo=15566, routed)       2.720     2.720    cdc_asyn_fifo_axis_i/clk_wiz_0/inst/clk_in1
    MMCM_X0Y3            MMCME4_ADV (Prop_MMCM_CLKIN1_CLKOUT0)
                                                     -0.103     2.617 r  cdc_asyn_fifo_axis_i/clk_wiz_0/inst/mmcme4_adv_inst/CLKOUT0
                         net (fo=1, routed)           0.348     2.965    cdc_asyn_fifo_axis_i/clk_wiz_0/inst/clk_out1_cdc_asyn_fifo_axis_clk_wiz_0_0
    BUFGCE_X0Y76         BUFGCE (Prop_BUFCE_BUFGCE_I_O)
                                                      0.044     3.009 r  cdc_asyn_fifo_axis_i/clk_wiz_0/inst/clkout1_buf/O
    X1Y1 (CLOCK_ROOT)    net (fo=193, routed)         2.466     5.475    cdc_asyn_fifo_axis_i/axis_data_fifo_1/inst/gen_fifo.xpm_fifo_axis_inst/xpm_fifo_base_inst/gen_cdc_pntr.rpw_gray_reg/wr_clk
    SLICE_X49Y114        FDRE                                         r  cdc_asyn_fifo_axis_i/axis_data_fifo_1/inst/gen_fifo.xpm_fifo_axis_inst/xpm_fifo_base_inst/gen_cdc_pntr.rpw_gray_reg/reg_out_i_reg[4]/C
                         clock pessimism              0.414     5.888    
    SLICE_X49Y114        FDRE (Hold_HFF2_SLICEL_C_D)
                                                      0.103     5.991    cdc_asyn_fifo_axis_i/axis_data_fifo_1/inst/gen_fifo.xpm_fifo_axis_inst/xpm_fifo_base_inst/gen_cdc_pntr.rpw_gray_reg/reg_out_i_reg[4]
  -------------------------------------------------------------------
                         required time                         -5.991    
                         arrival time                           6.042    
  -------------------------------------------------------------------
                         slack                                  0.051    

Slack (MET) :             0.060ns  (arrival time - required time)
  Source:                 cdc_asyn_fifo_axis_i/axis_data_fifo_1/inst/gen_fifo.xpm_fifo_axis_inst/xpm_fifo_base_inst/wrp_inst/count_value_i_reg[4]/C
                            (rising edge-triggered cell FDRE clocked by clk_out1_cdc_asyn_fifo_axis_clk_wiz_0_0  {rise@0.000ns fall@2.500ns period=5.000ns})
  Destination:            cdc_asyn_fifo_axis_i/axis_data_fifo_1/inst/gen_fifo.xpm_fifo_axis_inst/xpm_fifo_base_inst/gen_sdpram.xpm_memory_base_inst/gen_wr_a.gen_word_narrow.mem_reg/ADDRBWRADDR[10]
                            (rising edge-triggered cell RAMB36E2 clocked by clk_out1_cdc_asyn_fifo_axis_clk_wiz_0_0  {rise@0.000ns fall@2.500ns period=5.000ns})
  Path Group:             clk_out1_cdc_asyn_fifo_axis_clk_wiz_0_0
  Path Type:              Hold (Min at Fast Process Corner)
  Requirement:            0.000ns  (clk_out1_cdc_asyn_fifo_axis_clk_wiz_0_0 rise@0.000ns - clk_out1_cdc_asyn_fifo_axis_clk_wiz_0_0 rise@0.000ns)
  Data Path Delay:        0.161ns  (logic 0.086ns (53.498%)  route 0.075ns (46.502%))
  Logic Levels:           0  
  Clock Path Skew:        0.094ns (DCD - SCD - CPR)
    Destination Clock Delay (DCD):    3.305ns
    Source Clock Delay      (SCD):    3.596ns
    Clock Pessimism Removal (CPR):    -0.384ns
  Clock Net Delay (Source):      1.323ns (routing 0.676ns, distribution 0.647ns)
  Clock Net Delay (Destination): 1.518ns (routing 0.738ns, distribution 0.780ns)

    Location             Delay type                Incr(ns)  Path(ns)    Netlist Resource(s)
  -------------------------------------------------------------------    -------------------
                         (clock clk_out1_cdc_asyn_fifo_axis_clk_wiz_0_0 rise edge)
                                                      0.000     0.000 r  
    BUFG_PS_X0Y81        BUFG_PS                      0.000     0.000 r  cdc_asyn_fifo_axis_i/zynq_ultra_ps_e_0/inst/buffer_pl_clk_0.PL_CLK_0_BUFG/O
                         net (fo=15566, routed)       1.505     1.505    cdc_asyn_fifo_axis_i/clk_wiz_0/inst/clk_in1
    MMCM_X0Y3            MMCME4_ADV (Prop_MMCM_CLKIN1_CLKOUT0)
                                                      0.566     2.071 r  cdc_asyn_fifo_axis_i/clk_wiz_0/inst/mmcme4_adv_inst/CLKOUT0
                         net (fo=1, routed)           0.179     2.250    cdc_asyn_fifo_axis_i/clk_wiz_0/inst/clk_out1_cdc_asyn_fifo_axis_clk_wiz_0_0
    BUFGCE_X0Y76         BUFGCE (Prop_BUFCE_BUFGCE_I_O)
                                                      0.023     2.273 r  cdc_asyn_fifo_axis_i/clk_wiz_0/inst/clkout1_buf/O
    X1Y1 (CLOCK_ROOT)    net (fo=193, routed)         1.323     3.596    cdc_asyn_fifo_axis_i/axis_data_fifo_1/inst/gen_fifo.xpm_fifo_axis_inst/xpm_fifo_base_inst/wrp_inst/wr_clk
    SLICE_X47Y112        FDRE                                         r  cdc_asyn_fifo_axis_i/axis_data_fifo_1/inst/gen_fifo.xpm_fifo_axis_inst/xpm_fifo_base_inst/wrp_inst/count_value_i_reg[4]/C
  -------------------------------------------------------------------    -------------------
    SLICE_X47Y112        FDRE (Prop_DFF2_SLICEL_C_Q)
                                                      0.086     3.682 r  cdc_asyn_fifo_axis_i/axis_data_fifo_1/inst/gen_fifo.xpm_fifo_axis_inst/xpm_fifo_base_inst/wrp_inst/count_value_i_reg[4]/Q
                         net (fo=7, routed)           0.075     3.756    cdc_asyn_fifo_axis_i/axis_data_fifo_1/inst/gen_fifo.xpm_fifo_axis_inst/xpm_fifo_base_inst/gen_sdpram.xpm_memory_base_inst/addra[4]
    RAMB36_X1Y22         RAMB36E2                                     r  cdc_asyn_fifo_axis_i/axis_data_fifo_1/inst/gen_fifo.xpm_fifo_axis_inst/xpm_fifo_base_inst/gen_sdpram.xpm_memory_base_inst/gen_wr_a.gen_word_narrow.mem_reg/ADDRBWRADDR[10]
  -------------------------------------------------------------------    -------------------

                         (clock clk_out1_cdc_asyn_fifo_axis_clk_wiz_0_0 rise edge)
                                                      0.000     0.000 r  
    BUFG_PS_X0Y81        BUFG_PS                      0.000     0.000 r  cdc_asyn_fifo_axis_i/zynq_ultra_ps_e_0/inst/buffer_pl_clk_0.PL_CLK_0_BUFG/O
                         net (fo=15566, routed)       1.636     1.636    cdc_asyn_fifo_axis_i/clk_wiz_0/inst/clk_in1
    MMCM_X0Y3            MMCME4_ADV (Prop_MMCM_CLKIN1_CLKOUT0)
                                                     -0.079     1.557 r  cdc_asyn_fifo_axis_i/clk_wiz_0/inst/mmcme4_adv_inst/CLKOUT0
                         net (fo=1, routed)           0.204     1.761    cdc_asyn_fifo_axis_i/clk_wiz_0/inst/clk_out1_cdc_asyn_fifo_axis_clk_wiz_0_0
    BUFGCE_X0Y76         BUFGCE (Prop_BUFCE_BUFGCE_I_O)
                                                      0.026     1.787 r  cdc_asyn_fifo_axis_i/clk_wiz_0/inst/clkout1_buf/O
    X1Y1 (CLOCK_ROOT)    net (fo=193, routed)         1.518     3.305    cdc_asyn_fifo_axis_i/axis_data_fifo_1/inst/gen_fifo.xpm_fifo_axis_inst/xpm_fifo_base_inst/gen_sdpram.xpm_memory_base_inst/clka
    RAMB36_X1Y22         RAMB36E2                                     r  cdc_asyn_fifo_axis_i/axis_data_fifo_1/inst/gen_fifo.xpm_fifo_axis_inst/xpm_fifo_base_inst/gen_sdpram.xpm_memory_base_inst/gen_wr_a.gen_word_narrow.mem_reg/CLKBWRCLK
                         clock pessimism              0.384     3.689    
    RAMB36_X1Y22         RAMB36E2 (Hold_RAMB36E2_RAMB36_CLKBWRCLK_ADDRBWRADDR[10])
                                                      0.007     3.696    cdc_asyn_fifo_axis_i/axis_data_fifo_1/inst/gen_fifo.xpm_fifo_axis_inst/xpm_fifo_base_inst/gen_sdpram.xpm_memory_base_inst/gen_wr_a.gen_word_narrow.mem_reg
  -------------------------------------------------------------------
                         required time                         -3.696    
                         arrival time                           3.756    
  -------------------------------------------------------------------
                         slack                                  0.060    

Slack (MET) :             0.068ns  (arrival time - required time)
  Source:                 cdc_asyn_fifo_axis_i/axis_data_fifo_0/inst/gen_fifo.xpm_fifo_axis_inst/xpm_fifo_base_inst/rdp_inst/count_value_i_reg[4]/C
                            (rising edge-triggered cell FDRE clocked by clk_out1_cdc_asyn_fifo_axis_clk_wiz_0_0  {rise@0.000ns fall@2.500ns period=5.000ns})
  Destination:            cdc_asyn_fifo_axis_i/axis_data_fifo_0/inst/gen_fifo.xpm_fifo_axis_inst/xpm_fifo_base_inst/gen_sdpram.xpm_memory_base_inst/gen_wr_a.gen_word_narrow.mem_reg/ADDRARDADDR[10]
                            (rising edge-triggered cell RAMB36E2 clocked by clk_out1_cdc_asyn_fifo_axis_clk_wiz_0_0  {rise@0.000ns fall@2.500ns period=5.000ns})
  Path Group:             clk_out1_cdc_asyn_fifo_axis_clk_wiz_0_0
  Path Type:              Hold (Min at Fast Process Corner)
  Requirement:            0.000ns  (clk_out1_cdc_asyn_fifo_axis_clk_wiz_0_0 rise@0.000ns - clk_out1_cdc_asyn_fifo_axis_clk_wiz_0_0 rise@0.000ns)
  Data Path Delay:        0.186ns  (logic 0.084ns (45.122%)  route 0.102ns (54.878%))
  Logic Levels:           0  
  Clock Path Skew:        0.111ns (DCD - SCD - CPR)
    Destination Clock Delay (DCD):    3.301ns
    Source Clock Delay      (SCD):    3.598ns
    Clock Pessimism Removal (CPR):    -0.408ns
  Clock Net Delay (Source):      1.325ns (routing 0.676ns, distribution 0.649ns)
  Clock Net Delay (Destination): 1.514ns (routing 0.738ns, distribution 0.776ns)

    Location             Delay type                Incr(ns)  Path(ns)    Netlist Resource(s)
  -------------------------------------------------------------------    -------------------
                         (clock clk_out1_cdc_asyn_fifo_axis_clk_wiz_0_0 rise edge)
                                                      0.000     0.000 r  
    BUFG_PS_X0Y81        BUFG_PS                      0.000     0.000 r  cdc_asyn_fifo_axis_i/zynq_ultra_ps_e_0/inst/buffer_pl_clk_0.PL_CLK_0_BUFG/O
                         net (fo=15566, routed)       1.505     1.505    cdc_asyn_fifo_axis_i/clk_wiz_0/inst/clk_in1
    MMCM_X0Y3            MMCME4_ADV (Prop_MMCM_CLKIN1_CLKOUT0)
                                                      0.566     2.071 r  cdc_asyn_fifo_axis_i/clk_wiz_0/inst/mmcme4_adv_inst/CLKOUT0
                         net (fo=1, routed)           0.179     2.250    cdc_asyn_fifo_axis_i/clk_wiz_0/inst/clk_out1_cdc_asyn_fifo_axis_clk_wiz_0_0
    BUFGCE_X0Y76         BUFGCE (Prop_BUFCE_BUFGCE_I_O)
                                                      0.023     2.273 r  cdc_asyn_fifo_axis_i/clk_wiz_0/inst/clkout1_buf/O
    X1Y1 (CLOCK_ROOT)    net (fo=193, routed)         1.325     3.598    cdc_asyn_fifo_axis_i/axis_data_fifo_0/inst/gen_fifo.xpm_fifo_axis_inst/xpm_fifo_base_inst/rdp_inst/rd_clk
    SLICE_X46Y107        FDRE                                         r  cdc_asyn_fifo_axis_i/axis_data_fifo_0/inst/gen_fifo.xpm_fifo_axis_inst/xpm_fifo_base_inst/rdp_inst/count_value_i_reg[4]/C
  -------------------------------------------------------------------    -------------------
    SLICE_X46Y107        FDRE (Prop_HFF2_SLICEL_C_Q)
                                                      0.084     3.682 r  cdc_asyn_fifo_axis_i/axis_data_fifo_0/inst/gen_fifo.xpm_fifo_axis_inst/xpm_fifo_base_inst/rdp_inst/count_value_i_reg[4]/Q
                         net (fo=8, routed)           0.102     3.784    cdc_asyn_fifo_axis_i/axis_data_fifo_0/inst/gen_fifo.xpm_fifo_axis_inst/xpm_fifo_base_inst/gen_sdpram.xpm_memory_base_inst/addrb[4]
    RAMB36_X1Y21         RAMB36E2                                     r  cdc_asyn_fifo_axis_i/axis_data_fifo_0/inst/gen_fifo.xpm_fifo_axis_inst/xpm_fifo_base_inst/gen_sdpram.xpm_memory_base_inst/gen_wr_a.gen_word_narrow.mem_reg/ADDRARDADDR[10]
  -------------------------------------------------------------------    -------------------

                         (clock clk_out1_cdc_asyn_fifo_axis_clk_wiz_0_0 rise edge)
                                                      0.000     0.000 r  
    BUFG_PS_X0Y81        BUFG_PS                      0.000     0.000 r  cdc_asyn_fifo_axis_i/zynq_ultra_ps_e_0/inst/buffer_pl_clk_0.PL_CLK_0_BUFG/O
                         net (fo=15566, routed)       1.636     1.636    cdc_asyn_fifo_axis_i/clk_wiz_0/inst/clk_in1
    MMCM_X0Y3            MMCME4_ADV (Prop_MMCM_CLKIN1_CLKOUT0)
                                                     -0.079     1.557 r  cdc_asyn_fifo_axis_i/clk_wiz_0/inst/mmcme4_adv_inst/CLKOUT0
                         net (fo=1, routed)           0.204     1.761    cdc_asyn_fifo_axis_i/clk_wiz_0/inst/clk_out1_cdc_asyn_fifo_axis_clk_wiz_0_0
    BUFGCE_X0Y76         BUFGCE (Prop_BUFCE_BUFGCE_I_O)
                                                      0.026     1.787 r  cdc_asyn_fifo_axis_i/clk_wiz_0/inst/clkout1_buf/O
    X1Y1 (CLOCK_ROOT)    net (fo=193, routed)         1.514     3.301    cdc_asyn_fifo_axis_i/axis_data_fifo_0/inst/gen_fifo.xpm_fifo_axis_inst/xpm_fifo_base_inst/gen_sdpram.xpm_memory_base_inst/clkb
    RAMB36_X1Y21         RAMB36E2                                     r  cdc_asyn_fifo_axis_i/axis_data_fifo_0/inst/gen_fifo.xpm_fifo_axis_inst/xpm_fifo_base_inst/gen_sdpram.xpm_memory_base_inst/gen_wr_a.gen_word_narrow.mem_reg/CLKARDCLK
                         clock pessimism              0.408     3.709    
    RAMB36_X1Y21         RAMB36E2 (Hold_RAMB36E2_RAMB36_CLKARDCLK_ADDRARDADDR[10])
                                                      0.007     3.716    cdc_asyn_fifo_axis_i/axis_data_fifo_0/inst/gen_fifo.xpm_fifo_axis_inst/xpm_fifo_base_inst/gen_sdpram.xpm_memory_base_inst/gen_wr_a.gen_word_narrow.mem_reg
  -------------------------------------------------------------------
                         required time                         -3.716    
                         arrival time                           3.784    
  -------------------------------------------------------------------
                         slack                                  0.068    

Slack (MET) :             0.072ns  (arrival time - required time)
  Source:                 cdc_asyn_fifo_axis_i/axis_data_fifo_1/inst/gen_fifo.xpm_fifo_axis_inst/xpm_fifo_base_inst/wrp_inst/count_value_i_reg[5]/C
                            (rising edge-triggered cell FDRE clocked by clk_out1_cdc_asyn_fifo_axis_clk_wiz_0_0  {rise@0.000ns fall@2.500ns period=5.000ns})
  Destination:            cdc_asyn_fifo_axis_i/axis_data_fifo_1/inst/gen_fifo.xpm_fifo_axis_inst/xpm_fifo_base_inst/gen_sdpram.xpm_memory_base_inst/gen_wr_a.gen_word_narrow.mem_reg/ADDRBWRADDR[11]
                            (rising edge-triggered cell RAMB36E2 clocked by clk_out1_cdc_asyn_fifo_axis_clk_wiz_0_0  {rise@0.000ns fall@2.500ns period=5.000ns})
  Path Group:             clk_out1_cdc_asyn_fifo_axis_clk_wiz_0_0
  Path Type:              Hold (Min at Fast Process Corner)
  Requirement:            0.000ns  (clk_out1_cdc_asyn_fifo_axis_clk_wiz_0_0 rise@0.000ns - clk_out1_cdc_asyn_fifo_axis_clk_wiz_0_0 rise@0.000ns)
  Data Path Delay:        0.173ns  (logic 0.085ns (49.115%)  route 0.088ns (50.885%))
  Logic Levels:           0  
  Clock Path Skew:        0.094ns (DCD - SCD - CPR)
    Destination Clock Delay (DCD):    3.305ns
    Source Clock Delay      (SCD):    3.596ns
    Clock Pessimism Removal (CPR):    -0.384ns
  Clock Net Delay (Source):      1.323ns (routing 0.676ns, distribution 0.647ns)
  Clock Net Delay (Destination): 1.518ns (routing 0.738ns, distribution 0.780ns)

    Location             Delay type                Incr(ns)  Path(ns)    Netlist Resource(s)
  -------------------------------------------------------------------    -------------------
                         (clock clk_out1_cdc_asyn_fifo_axis_clk_wiz_0_0 rise edge)
                                                      0.000     0.000 r  
    BUFG_PS_X0Y81        BUFG_PS                      0.000     0.000 r  cdc_asyn_fifo_axis_i/zynq_ultra_ps_e_0/inst/buffer_pl_clk_0.PL_CLK_0_BUFG/O
                         net (fo=15566, routed)       1.505     1.505    cdc_asyn_fifo_axis_i/clk_wiz_0/inst/clk_in1
    MMCM_X0Y3            MMCME4_ADV (Prop_MMCM_CLKIN1_CLKOUT0)
                                                      0.566     2.071 r  cdc_asyn_fifo_axis_i/clk_wiz_0/inst/mmcme4_adv_inst/CLKOUT0
                         net (fo=1, routed)           0.179     2.250    cdc_asyn_fifo_axis_i/clk_wiz_0/inst/clk_out1_cdc_asyn_fifo_axis_clk_wiz_0_0
    BUFGCE_X0Y76         BUFGCE (Prop_BUFCE_BUFGCE_I_O)
                                                      0.023     2.273 r  cdc_asyn_fifo_axis_i/clk_wiz_0/inst/clkout1_buf/O
    X1Y1 (CLOCK_ROOT)    net (fo=193, routed)         1.323     3.596    cdc_asyn_fifo_axis_i/axis_data_fifo_1/inst/gen_fifo.xpm_fifo_axis_inst/xpm_fifo_base_inst/wrp_inst/wr_clk
    SLICE_X47Y112        FDRE                                         r  cdc_asyn_fifo_axis_i/axis_data_fifo_1/inst/gen_fifo.xpm_fifo_axis_inst/xpm_fifo_base_inst/wrp_inst/count_value_i_reg[5]/C
  -------------------------------------------------------------------    -------------------
    SLICE_X47Y112        FDRE (Prop_CFF2_SLICEL_C_Q)
                                                      0.085     3.681 r  cdc_asyn_fifo_axis_i/axis_data_fifo_1/inst/gen_fifo.xpm_fifo_axis_inst/xpm_fifo_base_inst/wrp_inst/count_value_i_reg[5]/Q
                         net (fo=7, routed)           0.088     3.769    cdc_asyn_fifo_axis_i/axis_data_fifo_1/inst/gen_fifo.xpm_fifo_axis_inst/xpm_fifo_base_inst/gen_sdpram.xpm_memory_base_inst/addra[5]
    RAMB36_X1Y22         RAMB36E2                                     r  cdc_asyn_fifo_axis_i/axis_data_fifo_1/inst/gen_fifo.xpm_fifo_axis_inst/xpm_fifo_base_inst/gen_sdpram.xpm_memory_base_inst/gen_wr_a.gen_word_narrow.mem_reg/ADDRBWRADDR[11]
  -------------------------------------------------------------------    -------------------

                         (clock clk_out1_cdc_asyn_fifo_axis_clk_wiz_0_0 rise edge)
                                                      0.000     0.000 r  
    BUFG_PS_X0Y81        BUFG_PS                      0.000     0.000 r  cdc_asyn_fifo_axis_i/zynq_ultra_ps_e_0/inst/buffer_pl_clk_0.PL_CLK_0_BUFG/O
                         net (fo=15566, routed)       1.636     1.636    cdc_asyn_fifo_axis_i/clk_wiz_0/inst/clk_in1
    MMCM_X0Y3            MMCME4_ADV (Prop_MMCM_CLKIN1_CLKOUT0)
                                                     -0.079     1.557 r  cdc_asyn_fifo_axis_i/clk_wiz_0/inst/mmcme4_adv_inst/CLKOUT0
                         net (fo=1, routed)           0.204     1.761    cdc_asyn_fifo_axis_i/clk_wiz_0/inst/clk_out1_cdc_asyn_fifo_axis_clk_wiz_0_0
    BUFGCE_X0Y76         BUFGCE (Prop_BUFCE_BUFGCE_I_O)
                                                      0.026     1.787 r  cdc_asyn_fifo_axis_i/clk_wiz_0/inst/clkout1_buf/O
    X1Y1 (CLOCK_ROOT)    net (fo=193, routed)         1.518     3.305    cdc_asyn_fifo_axis_i/axis_data_fifo_1/inst/gen_fifo.xpm_fifo_axis_inst/xpm_fifo_base_inst/gen_sdpram.xpm_memory_base_inst/clka
    RAMB36_X1Y22         RAMB36E2                                     r  cdc_asyn_fifo_axis_i/axis_data_fifo_1/inst/gen_fifo.xpm_fifo_axis_inst/xpm_fifo_base_inst/gen_sdpram.xpm_memory_base_inst/gen_wr_a.gen_word_narrow.mem_reg/CLKBWRCLK
                         clock pessimism              0.384     3.689    
    RAMB36_X1Y22         RAMB36E2 (Hold_RAMB36E2_RAMB36_CLKBWRCLK_ADDRBWRADDR[11])
                                                      0.007     3.696    cdc_asyn_fifo_axis_i/axis_data_fifo_1/inst/gen_fifo.xpm_fifo_axis_inst/xpm_fifo_base_inst/gen_sdpram.xpm_memory_base_inst/gen_wr_a.gen_word_narrow.mem_reg
  -------------------------------------------------------------------
                         required time                         -3.696    
                         arrival time                           3.769    
  -------------------------------------------------------------------
                         slack                                  0.072    

Slack (MET) :             0.073ns  (arrival time - required time)
  Source:                 cdc_asyn_fifo_axis_i/axis_data_fifo_0/inst/gen_fifo.xpm_fifo_axis_inst/xpm_fifo_base_inst/rdp_inst/count_value_i_reg[3]/C
                            (rising edge-triggered cell FDRE clocked by clk_out1_cdc_asyn_fifo_axis_clk_wiz_0_0  {rise@0.000ns fall@2.500ns period=5.000ns})
  Destination:            cdc_asyn_fifo_axis_i/axis_data_fifo_0/inst/gen_fifo.xpm_fifo_axis_inst/xpm_fifo_base_inst/gen_sdpram.xpm_memory_base_inst/gen_wr_a.gen_word_narrow.mem_reg/ADDRARDADDR[9]
                            (rising edge-triggered cell RAMB36E2 clocked by clk_out1_cdc_asyn_fifo_axis_clk_wiz_0_0  {rise@0.000ns fall@2.500ns period=5.000ns})
  Path Group:             clk_out1_cdc_asyn_fifo_axis_clk_wiz_0_0
  Path Type:              Hold (Min at Fast Process Corner)
  Requirement:            0.000ns  (clk_out1_cdc_asyn_fifo_axis_clk_wiz_0_0 rise@0.000ns - clk_out1_cdc_asyn_fifo_axis_clk_wiz_0_0 rise@0.000ns)
  Data Path Delay:        0.192ns  (logic 0.084ns (43.845%)  route 0.108ns (56.155%))
  Logic Levels:           0  
  Clock Path Skew:        0.111ns (DCD - SCD - CPR)
    Destination Clock Delay (DCD):    3.301ns
    Source Clock Delay      (SCD):    3.598ns
    Clock Pessimism Removal (CPR):    -0.408ns
  Clock Net Delay (Source):      1.325ns (routing 0.676ns, distribution 0.649ns)
  Clock Net Delay (Destination): 1.514ns (routing 0.738ns, distribution 0.776ns)

    Location             Delay type                Incr(ns)  Path(ns)    Netlist Resource(s)
  -------------------------------------------------------------------    -------------------
                         (clock clk_out1_cdc_asyn_fifo_axis_clk_wiz_0_0 rise edge)
                                                      0.000     0.000 r  
    BUFG_PS_X0Y81        BUFG_PS                      0.000     0.000 r  cdc_asyn_fifo_axis_i/zynq_ultra_ps_e_0/inst/buffer_pl_clk_0.PL_CLK_0_BUFG/O
                         net (fo=15566, routed)       1.505     1.505    cdc_asyn_fifo_axis_i/clk_wiz_0/inst/clk_in1
    MMCM_X0Y3            MMCME4_ADV (Prop_MMCM_CLKIN1_CLKOUT0)
                                                      0.566     2.071 r  cdc_asyn_fifo_axis_i/clk_wiz_0/inst/mmcme4_adv_inst/CLKOUT0
                         net (fo=1, routed)           0.179     2.250    cdc_asyn_fifo_axis_i/clk_wiz_0/inst/clk_out1_cdc_asyn_fifo_axis_clk_wiz_0_0
    BUFGCE_X0Y76         BUFGCE (Prop_BUFCE_BUFGCE_I_O)
                                                      0.023     2.273 r  cdc_asyn_fifo_axis_i/clk_wiz_0/inst/clkout1_buf/O
    X1Y1 (CLOCK_ROOT)    net (fo=193, routed)         1.325     3.598    cdc_asyn_fifo_axis_i/axis_data_fifo_0/inst/gen_fifo.xpm_fifo_axis_inst/xpm_fifo_base_inst/rdp_inst/rd_clk
    SLICE_X46Y107        FDRE                                         r  cdc_asyn_fifo_axis_i/axis_data_fifo_0/inst/gen_fifo.xpm_fifo_axis_inst/xpm_fifo_base_inst/rdp_inst/count_value_i_reg[3]/C
  -------------------------------------------------------------------    -------------------
    SLICE_X46Y107        FDRE (Prop_HFF_SLICEL_C_Q)
                                                      0.084     3.682 r  cdc_asyn_fifo_axis_i/axis_data_fifo_0/inst/gen_fifo.xpm_fifo_axis_inst/xpm_fifo_base_inst/rdp_inst/count_value_i_reg[3]/Q
                         net (fo=9, routed)           0.108     3.789    cdc_asyn_fifo_axis_i/axis_data_fifo_0/inst/gen_fifo.xpm_fifo_axis_inst/xpm_fifo_base_inst/gen_sdpram.xpm_memory_base_inst/addrb[3]
    RAMB36_X1Y21         RAMB36E2                                     r  cdc_asyn_fifo_axis_i/axis_data_fifo_0/inst/gen_fifo.xpm_fifo_axis_inst/xpm_fifo_base_inst/gen_sdpram.xpm_memory_base_inst/gen_wr_a.gen_word_narrow.mem_reg/ADDRARDADDR[9]
  -------------------------------------------------------------------    -------------------

                         (clock clk_out1_cdc_asyn_fifo_axis_clk_wiz_0_0 rise edge)
                                                      0.000     0.000 r  
    BUFG_PS_X0Y81        BUFG_PS                      0.000     0.000 r  cdc_asyn_fifo_axis_i/zynq_ultra_ps_e_0/inst/buffer_pl_clk_0.PL_CLK_0_BUFG/O
                         net (fo=15566, routed)       1.636     1.636    cdc_asyn_fifo_axis_i/clk_wiz_0/inst/clk_in1
    MMCM_X0Y3            MMCME4_ADV (Prop_MMCM_CLKIN1_CLKOUT0)
                                                     -0.079     1.557 r  cdc_asyn_fifo_axis_i/clk_wiz_0/inst/mmcme4_adv_inst/CLKOUT0
                         net (fo=1, routed)           0.204     1.761    cdc_asyn_fifo_axis_i/clk_wiz_0/inst/clk_out1_cdc_asyn_fifo_axis_clk_wiz_0_0
    BUFGCE_X0Y76         BUFGCE (Prop_BUFCE_BUFGCE_I_O)
                                                      0.026     1.787 r  cdc_asyn_fifo_axis_i/clk_wiz_0/inst/clkout1_buf/O
    X1Y1 (CLOCK_ROOT)    net (fo=193, routed)         1.514     3.301    cdc_asyn_fifo_axis_i/axis_data_fifo_0/inst/gen_fifo.xpm_fifo_axis_inst/xpm_fifo_base_inst/gen_sdpram.xpm_memory_base_inst/clkb
    RAMB36_X1Y21         RAMB36E2                                     r  cdc_asyn_fifo_axis_i/axis_data_fifo_0/inst/gen_fifo.xpm_fifo_axis_inst/xpm_fifo_base_inst/gen_sdpram.xpm_memory_base_inst/gen_wr_a.gen_word_narrow.mem_reg/CLKARDCLK
                         clock pessimism              0.408     3.709    
    RAMB36_X1Y21         RAMB36E2 (Hold_RAMB36E2_RAMB36_CLKARDCLK_ADDRARDADDR[9])
                                                      0.007     3.716    cdc_asyn_fifo_axis_i/axis_data_fifo_0/inst/gen_fifo.xpm_fifo_axis_inst/xpm_fifo_base_inst/gen_sdpram.xpm_memory_base_inst/gen_wr_a.gen_word_narrow.mem_reg
  -------------------------------------------------------------------
                         required time                         -3.716    
                         arrival time                           3.789    
  -------------------------------------------------------------------
                         slack                                  0.073    

Slack (MET) :             0.074ns  (arrival time - required time)
  Source:                 cdc_asyn_fifo_axis_i/axis_data_fifo_1/inst/gen_fifo.xpm_fifo_axis_inst/xpm_fifo_base_inst/wrp_inst/count_value_i_reg[8]/C
                            (rising edge-triggered cell FDRE clocked by clk_out1_cdc_asyn_fifo_axis_clk_wiz_0_0  {rise@0.000ns fall@2.500ns period=5.000ns})
  Destination:            cdc_asyn_fifo_axis_i/axis_data_fifo_1/inst/gen_fifo.xpm_fifo_axis_inst/xpm_fifo_base_inst/gen_cdc_pntr.wr_pntr_cdc_inst/src_gray_ff_reg[8]/D
                            (rising edge-triggered cell FDRE clocked by clk_out1_cdc_asyn_fifo_axis_clk_wiz_0_0  {rise@0.000ns fall@2.500ns period=5.000ns})
  Path Group:             clk_out1_cdc_asyn_fifo_axis_clk_wiz_0_0
  Path Type:              Hold (Min at Slow Process Corner)
  Requirement:            0.000ns  (clk_out1_cdc_asyn_fifo_axis_clk_wiz_0_0 rise@0.000ns - clk_out1_cdc_asyn_fifo_axis_clk_wiz_0_0 rise@0.000ns)
  Data Path Delay:        0.261ns  (logic 0.113ns (43.271%)  route 0.148ns (56.729%))
  Logic Levels:           0  
  Clock Path Skew:        0.086ns (DCD - SCD - CPR)
    Destination Clock Delay (DCD):    5.436ns
    Source Clock Delay      (SCD):    5.763ns
    Clock Pessimism Removal (CPR):    -0.413ns
  Clock Net Delay (Source):      2.195ns (routing 1.133ns, distribution 1.062ns)
  Clock Net Delay (Destination): 2.427ns (routing 1.241ns, distribution 1.186ns)

    Location             Delay type                Incr(ns)  Path(ns)    Netlist Resource(s)
  -------------------------------------------------------------------    -------------------
                         (clock clk_out1_cdc_asyn_fifo_axis_clk_wiz_0_0 rise edge)
                                                      0.000     0.000 r  
    BUFG_PS_X0Y81        BUFG_PS                      0.000     0.000 r  cdc_asyn_fifo_axis_i/zynq_ultra_ps_e_0/inst/buffer_pl_clk_0.PL_CLK_0_BUFG/O
                         net (fo=15566, routed)       2.483     2.483    cdc_asyn_fifo_axis_i/clk_wiz_0/inst/clk_in1
    MMCM_X0Y3            MMCME4_ADV (Prop_MMCM_CLKIN1_CLKOUT0)
                                                      0.739     3.222 r  cdc_asyn_fifo_axis_i/clk_wiz_0/inst/mmcme4_adv_inst/CLKOUT0
                         net (fo=1, routed)           0.307     3.529    cdc_asyn_fifo_axis_i/clk_wiz_0/inst/clk_out1_cdc_asyn_fifo_axis_clk_wiz_0_0
    BUFGCE_X0Y76         BUFGCE (Prop_BUFCE_BUFGCE_I_O)
                                                      0.039     3.568 r  cdc_asyn_fifo_axis_i/clk_wiz_0/inst/clkout1_buf/O
    X1Y1 (CLOCK_ROOT)    net (fo=193, routed)         2.195     5.763    cdc_asyn_fifo_axis_i/axis_data_fifo_1/inst/gen_fifo.xpm_fifo_axis_inst/xpm_fifo_base_inst/wrp_inst/wr_clk
    SLICE_X47Y112        FDRE                                         r  cdc_asyn_fifo_axis_i/axis_data_fifo_1/inst/gen_fifo.xpm_fifo_axis_inst/xpm_fifo_base_inst/wrp_inst/count_value_i_reg[8]/C
  -------------------------------------------------------------------    -------------------
    SLICE_X47Y112        FDRE (Prop_HFF2_SLICEL_C_Q)
                                                      0.113     5.876 r  cdc_asyn_fifo_axis_i/axis_data_fifo_1/inst/gen_fifo.xpm_fifo_axis_inst/xpm_fifo_base_inst/wrp_inst/count_value_i_reg[8]/Q
                         net (fo=4, routed)           0.148     6.024    cdc_asyn_fifo_axis_i/axis_data_fifo_1/inst/gen_fifo.xpm_fifo_axis_inst/xpm_fifo_base_inst/gen_cdc_pntr.wr_pntr_cdc_inst/src_in_bin[8]
    SLICE_X48Y114        FDRE                                         r  cdc_asyn_fifo_axis_i/axis_data_fifo_1/inst/gen_fifo.xpm_fifo_axis_inst/xpm_fifo_base_inst/gen_cdc_pntr.wr_pntr_cdc_inst/src_gray_ff_reg[8]/D
  -------------------------------------------------------------------    -------------------

                         (clock clk_out1_cdc_asyn_fifo_axis_clk_wiz_0_0 rise edge)
                                                      0.000     0.000 r  
    BUFG_PS_X0Y81        BUFG_PS                      0.000     0.000 r  cdc_asyn_fifo_axis_i/zynq_ultra_ps_e_0/inst/buffer_pl_clk_0.PL_CLK_0_BUFG/O
                         net (fo=15566, routed)       2.720     2.720    cdc_asyn_fifo_axis_i/clk_wiz_0/inst/clk_in1
    MMCM_X0Y3            MMCME4_ADV (Prop_MMCM_CLKIN1_CLKOUT0)
                                                     -0.103     2.617 r  cdc_asyn_fifo_axis_i/clk_wiz_0/inst/mmcme4_adv_inst/CLKOUT0
                         net (fo=1, routed)           0.348     2.965    cdc_asyn_fifo_axis_i/clk_wiz_0/inst/clk_out1_cdc_asyn_fifo_axis_clk_wiz_0_0
    BUFGCE_X0Y76         BUFGCE (Prop_BUFCE_BUFGCE_I_O)
                                                      0.044     3.009 r  cdc_asyn_fifo_axis_i/clk_wiz_0/inst/clkout1_buf/O
    X1Y1 (CLOCK_ROOT)    net (fo=193, routed)         2.427     5.436    cdc_asyn_fifo_axis_i/axis_data_fifo_1/inst/gen_fifo.xpm_fifo_axis_inst/xpm_fifo_base_inst/gen_cdc_pntr.wr_pntr_cdc_inst/src_clk
    SLICE_X48Y114        FDRE                                         r  cdc_asyn_fifo_axis_i/axis_data_fifo_1/inst/gen_fifo.xpm_fifo_axis_inst/xpm_fifo_base_inst/gen_cdc_pntr.wr_pntr_cdc_inst/src_gray_ff_reg[8]/C
                         clock pessimism              0.413     5.849    
    SLICE_X48Y114        FDRE (Hold_EFF_SLICEL_C_D)
                                                      0.101     5.950    cdc_asyn_fifo_axis_i/axis_data_fifo_1/inst/gen_fifo.xpm_fifo_axis_inst/xpm_fifo_base_inst/gen_cdc_pntr.wr_pntr_cdc_inst/src_gray_ff_reg[8]
  -------------------------------------------------------------------
                         required time                         -5.950    
                         arrival time                           6.024    
  -------------------------------------------------------------------
                         slack                                  0.074    

Slack (MET) :             0.075ns  (arrival time - required time)
  Source:                 cdc_asyn_fifo_axis_i/axis_data_fifo_1/inst/gen_fifo.xpm_fifo_axis_inst/xpm_fifo_base_inst/wrp_inst/count_value_i_reg[8]/C
                            (rising edge-triggered cell FDRE clocked by clk_out1_cdc_asyn_fifo_axis_clk_wiz_0_0  {rise@0.000ns fall@2.500ns period=5.000ns})
  Destination:            cdc_asyn_fifo_axis_i/axis_data_fifo_1/inst/gen_fifo.xpm_fifo_axis_inst/xpm_fifo_base_inst/gen_sdpram.xpm_memory_base_inst/gen_wr_a.gen_word_narrow.mem_reg/ADDRBWRADDR[14]
                            (rising edge-triggered cell RAMB36E2 clocked by clk_out1_cdc_asyn_fifo_axis_clk_wiz_0_0  {rise@0.000ns fall@2.500ns period=5.000ns})
  Path Group:             clk_out1_cdc_asyn_fifo_axis_clk_wiz_0_0
  Path Type:              Hold (Min at Fast Process Corner)
  Requirement:            0.000ns  (clk_out1_cdc_asyn_fifo_axis_clk_wiz_0_0 rise@0.000ns - clk_out1_cdc_asyn_fifo_axis_clk_wiz_0_0 rise@0.000ns)
  Data Path Delay:        0.174ns  (logic 0.084ns (48.289%)  route 0.090ns (51.711%))
  Logic Levels:           0  
  Clock Path Skew:        0.092ns (DCD - SCD - CPR)
    Destination Clock Delay (DCD):    3.305ns
    Source Clock Delay      (SCD):    3.598ns
    Clock Pessimism Removal (CPR):    -0.384ns
  Clock Net Delay (Source):      1.325ns (routing 0.676ns, distribution 0.649ns)
  Clock Net Delay (Destination): 1.518ns (routing 0.738ns, distribution 0.780ns)

    Location             Delay type                Incr(ns)  Path(ns)    Netlist Resource(s)
  -------------------------------------------------------------------    -------------------
                         (clock clk_out1_cdc_asyn_fifo_axis_clk_wiz_0_0 rise edge)
                                                      0.000     0.000 r  
    BUFG_PS_X0Y81        BUFG_PS                      0.000     0.000 r  cdc_asyn_fifo_axis_i/zynq_ultra_ps_e_0/inst/buffer_pl_clk_0.PL_CLK_0_BUFG/O
                         net (fo=15566, routed)       1.505     1.505    cdc_asyn_fifo_axis_i/clk_wiz_0/inst/clk_in1
    MMCM_X0Y3            MMCME4_ADV (Prop_MMCM_CLKIN1_CLKOUT0)
                                                      0.566     2.071 r  cdc_asyn_fifo_axis_i/clk_wiz_0/inst/mmcme4_adv_inst/CLKOUT0
                         net (fo=1, routed)           0.179     2.250    cdc_asyn_fifo_axis_i/clk_wiz_0/inst/clk_out1_cdc_asyn_fifo_axis_clk_wiz_0_0
    BUFGCE_X0Y76         BUFGCE (Prop_BUFCE_BUFGCE_I_O)
                                                      0.023     2.273 r  cdc_asyn_fifo_axis_i/clk_wiz_0/inst/clkout1_buf/O
    X1Y1 (CLOCK_ROOT)    net (fo=193, routed)         1.325     3.598    cdc_asyn_fifo_axis_i/axis_data_fifo_1/inst/gen_fifo.xpm_fifo_axis_inst/xpm_fifo_base_inst/wrp_inst/wr_clk
    SLICE_X47Y112        FDRE                                         r  cdc_asyn_fifo_axis_i/axis_data_fifo_1/inst/gen_fifo.xpm_fifo_axis_inst/xpm_fifo_base_inst/wrp_inst/count_value_i_reg[8]/C
  -------------------------------------------------------------------    -------------------
    SLICE_X47Y112        FDRE (Prop_HFF2_SLICEL_C_Q)
                                                      0.084     3.682 r  cdc_asyn_fifo_axis_i/axis_data_fifo_1/inst/gen_fifo.xpm_fifo_axis_inst/xpm_fifo_base_inst/wrp_inst/count_value_i_reg[8]/Q
                         net (fo=4, routed)           0.090     3.771    cdc_asyn_fifo_axis_i/axis_data_fifo_1/inst/gen_fifo.xpm_fifo_axis_inst/xpm_fifo_base_inst/gen_sdpram.xpm_memory_base_inst/addra[8]
    RAMB36_X1Y22         RAMB36E2                                     r  cdc_asyn_fifo_axis_i/axis_data_fifo_1/inst/gen_fifo.xpm_fifo_axis_inst/xpm_fifo_base_inst/gen_sdpram.xpm_memory_base_inst/gen_wr_a.gen_word_narrow.mem_reg/ADDRBWRADDR[14]
  -------------------------------------------------------------------    -------------------

                         (clock clk_out1_cdc_asyn_fifo_axis_clk_wiz_0_0 rise edge)
                                                      0.000     0.000 r  
    BUFG_PS_X0Y81        BUFG_PS                      0.000     0.000 r  cdc_asyn_fifo_axis_i/zynq_ultra_ps_e_0/inst/buffer_pl_clk_0.PL_CLK_0_BUFG/O
                         net (fo=15566, routed)       1.636     1.636    cdc_asyn_fifo_axis_i/clk_wiz_0/inst/clk_in1
    MMCM_X0Y3            MMCME4_ADV (Prop_MMCM_CLKIN1_CLKOUT0)
                                                     -0.079     1.557 r  cdc_asyn_fifo_axis_i/clk_wiz_0/inst/mmcme4_adv_inst/CLKOUT0
                         net (fo=1, routed)           0.204     1.761    cdc_asyn_fifo_axis_i/clk_wiz_0/inst/clk_out1_cdc_asyn_fifo_axis_clk_wiz_0_0
    BUFGCE_X0Y76         BUFGCE (Prop_BUFCE_BUFGCE_I_O)
                                                      0.026     1.787 r  cdc_asyn_fifo_axis_i/clk_wiz_0/inst/clkout1_buf/O
    X1Y1 (CLOCK_ROOT)    net (fo=193, routed)         1.518     3.305    cdc_asyn_fifo_axis_i/axis_data_fifo_1/inst/gen_fifo.xpm_fifo_axis_inst/xpm_fifo_base_inst/gen_sdpram.xpm_memory_base_inst/clka
    RAMB36_X1Y22         RAMB36E2                                     r  cdc_asyn_fifo_axis_i/axis_data_fifo_1/inst/gen_fifo.xpm_fifo_axis_inst/xpm_fifo_base_inst/gen_sdpram.xpm_memory_base_inst/gen_wr_a.gen_word_narrow.mem_reg/CLKBWRCLK
                         clock pessimism              0.384     3.689    
    RAMB36_X1Y22         RAMB36E2 (Hold_RAMB36E2_RAMB36_CLKBWRCLK_ADDRBWRADDR[14])
                                                      0.007     3.696    cdc_asyn_fifo_axis_i/axis_data_fifo_1/inst/gen_fifo.xpm_fifo_axis_inst/xpm_fifo_base_inst/gen_sdpram.xpm_memory_base_inst/gen_wr_a.gen_word_narrow.mem_reg
  -------------------------------------------------------------------
                         required time                         -3.696    
                         arrival time                           3.771    
  -------------------------------------------------------------------
                         slack                                  0.075    

Slack (MET) :             0.077ns  (arrival time - required time)
  Source:                 cdc_asyn_fifo_axis_i/axis_data_fifo_1/inst/gen_fifo.xpm_fifo_axis_inst/xpm_fifo_base_inst/gen_cdc_pntr.rd_pntr_cdc_inst/dest_graysync_ff_reg[2][8]/C
                            (rising edge-triggered cell FDRE clocked by clk_out1_cdc_asyn_fifo_axis_clk_wiz_0_0  {rise@0.000ns fall@2.500ns period=5.000ns})
  Destination:            cdc_asyn_fifo_axis_i/axis_data_fifo_1/inst/gen_fifo.xpm_fifo_axis_inst/xpm_fifo_base_inst/gen_cdc_pntr.rpw_gray_reg/reg_out_i_reg[6]/D
                            (rising edge-triggered cell FDRE clocked by clk_out1_cdc_asyn_fifo_axis_clk_wiz_0_0  {rise@0.000ns fall@2.500ns period=5.000ns})
  Path Group:             clk_out1_cdc_asyn_fifo_axis_clk_wiz_0_0
  Path Type:              Hold (Min at Slow Process Corner)
  Requirement:            0.000ns  (clk_out1_cdc_asyn_fifo_axis_clk_wiz_0_0 rise@0.000ns - clk_out1_cdc_asyn_fifo_axis_clk_wiz_0_0 rise@0.000ns)
  Data Path Delay:        0.273ns  (logic 0.165ns (60.439%)  route 0.108ns (39.561%))
  Logic Levels:           1  (LUT3=1)
  Clock Path Skew:        0.095ns (DCD - SCD - CPR)
    Destination Clock Delay (DCD):    5.475ns
    Source Clock Delay      (SCD):    5.793ns
    Clock Pessimism Removal (CPR):    -0.414ns
  Clock Net Delay (Source):      2.225ns (routing 1.133ns, distribution 1.092ns)
  Clock Net Delay (Destination): 2.466ns (routing 1.241ns, distribution 1.225ns)

    Location             Delay type                Incr(ns)  Path(ns)    Netlist Resource(s)
  -------------------------------------------------------------------    -------------------
                         (clock clk_out1_cdc_asyn_fifo_axis_clk_wiz_0_0 rise edge)
                                                      0.000     0.000 r  
    BUFG_PS_X0Y81        BUFG_PS                      0.000     0.000 r  cdc_asyn_fifo_axis_i/zynq_ultra_ps_e_0/inst/buffer_pl_clk_0.PL_CLK_0_BUFG/O
                         net (fo=15566, routed)       2.483     2.483    cdc_asyn_fifo_axis_i/clk_wiz_0/inst/clk_in1
    MMCM_X0Y3            MMCME4_ADV (Prop_MMCM_CLKIN1_CLKOUT0)
                                                      0.739     3.222 r  cdc_asyn_fifo_axis_i/clk_wiz_0/inst/mmcme4_adv_inst/CLKOUT0
                         net (fo=1, routed)           0.307     3.529    cdc_asyn_fifo_axis_i/clk_wiz_0/inst/clk_out1_cdc_asyn_fifo_axis_clk_wiz_0_0
    BUFGCE_X0Y76         BUFGCE (Prop_BUFCE_BUFGCE_I_O)
                                                      0.039     3.568 r  cdc_asyn_fifo_axis_i/clk_wiz_0/inst/clkout1_buf/O
    X1Y1 (CLOCK_ROOT)    net (fo=193, routed)         2.225     5.793    cdc_asyn_fifo_axis_i/axis_data_fifo_1/inst/gen_fifo.xpm_fifo_axis_inst/xpm_fifo_base_inst/gen_cdc_pntr.rd_pntr_cdc_inst/dest_clk
    SLICE_X51Y114        FDRE                                         r  cdc_asyn_fifo_axis_i/axis_data_fifo_1/inst/gen_fifo.xpm_fifo_axis_inst/xpm_fifo_base_inst/gen_cdc_pntr.rd_pntr_cdc_inst/dest_graysync_ff_reg[2][8]/C
  -------------------------------------------------------------------    -------------------
    SLICE_X51Y114        FDRE (Prop_BFF2_SLICEL_C_Q)
                                                      0.113     5.906 r  cdc_asyn_fifo_axis_i/axis_data_fifo_1/inst/gen_fifo.xpm_fifo_axis_inst/xpm_fifo_base_inst/gen_cdc_pntr.rd_pntr_cdc_inst/dest_graysync_ff_reg[2][8]/Q
                         net (fo=6, routed)           0.079     5.985    cdc_asyn_fifo_axis_i/axis_data_fifo_1/inst/gen_fifo.xpm_fifo_axis_inst/xpm_fifo_base_inst/gen_cdc_pntr.rd_pntr_cdc_inst/dest_graysync_ff[2][8]
    SLICE_X49Y114        LUT3 (Prop_G6LUT_SLICEL_I1_O)
                                                      0.052     6.037 r  cdc_asyn_fifo_axis_i/axis_data_fifo_1/inst/gen_fifo.xpm_fifo_axis_inst/xpm_fifo_base_inst/gen_cdc_pntr.rd_pntr_cdc_inst/dest_out_bin[6]_INST_0/O
                         net (fo=1, routed)           0.029     6.066    cdc_asyn_fifo_axis_i/axis_data_fifo_1/inst/gen_fifo.xpm_fifo_axis_inst/xpm_fifo_base_inst/gen_cdc_pntr.rpw_gray_reg/D[6]
    SLICE_X49Y114        FDRE                                         r  cdc_asyn_fifo_axis_i/axis_data_fifo_1/inst/gen_fifo.xpm_fifo_axis_inst/xpm_fifo_base_inst/gen_cdc_pntr.rpw_gray_reg/reg_out_i_reg[6]/D
  -------------------------------------------------------------------    -------------------

                         (clock clk_out1_cdc_asyn_fifo_axis_clk_wiz_0_0 rise edge)
                                                      0.000     0.000 r  
    BUFG_PS_X0Y81        BUFG_PS                      0.000     0.000 r  cdc_asyn_fifo_axis_i/zynq_ultra_ps_e_0/inst/buffer_pl_clk_0.PL_CLK_0_BUFG/O
                         net (fo=15566, routed)       2.720     2.720    cdc_asyn_fifo_axis_i/clk_wiz_0/inst/clk_in1
    MMCM_X0Y3            MMCME4_ADV (Prop_MMCM_CLKIN1_CLKOUT0)
                                                     -0.103     2.617 r  cdc_asyn_fifo_axis_i/clk_wiz_0/inst/mmcme4_adv_inst/CLKOUT0
                         net (fo=1, routed)           0.348     2.965    cdc_asyn_fifo_axis_i/clk_wiz_0/inst/clk_out1_cdc_asyn_fifo_axis_clk_wiz_0_0
    BUFGCE_X0Y76         BUFGCE (Prop_BUFCE_BUFGCE_I_O)
                                                      0.044     3.009 r  cdc_asyn_fifo_axis_i/clk_wiz_0/inst/clkout1_buf/O
    X1Y1 (CLOCK_ROOT)    net (fo=193, routed)         2.466     5.475    cdc_asyn_fifo_axis_i/axis_data_fifo_1/inst/gen_fifo.xpm_fifo_axis_inst/xpm_fifo_base_inst/gen_cdc_pntr.rpw_gray_reg/wr_clk
    SLICE_X49Y114        FDRE                                         r  cdc_asyn_fifo_axis_i/axis_data_fifo_1/inst/gen_fifo.xpm_fifo_axis_inst/xpm_fifo_base_inst/gen_cdc_pntr.rpw_gray_reg/reg_out_i_reg[6]/C
                         clock pessimism              0.414     5.888    
    SLICE_X49Y114        FDRE (Hold_GFF_SLICEL_C_D)
                                                      0.101     5.989    cdc_asyn_fifo_axis_i/axis_data_fifo_1/inst/gen_fifo.xpm_fifo_axis_inst/xpm_fifo_base_inst/gen_cdc_pntr.rpw_gray_reg/reg_out_i_reg[6]
  -------------------------------------------------------------------
                         required time                         -5.989    
                         arrival time                           6.066    
  -------------------------------------------------------------------
                         slack                                  0.077    

Slack (MET) :             0.078ns  (arrival time - required time)
  Source:                 cdc_asyn_fifo_axis_i/axis_data_fifo_0/inst/gen_fifo.xpm_fifo_axis_inst/xpm_fifo_base_inst/rdpp1_inst/count_value_i_reg[6]/C
                            (rising edge-triggered cell FDRE clocked by clk_out1_cdc_asyn_fifo_axis_clk_wiz_0_0  {rise@0.000ns fall@2.500ns period=5.000ns})
  Destination:            cdc_asyn_fifo_axis_i/axis_data_fifo_0/inst/gen_fifo.xpm_fifo_axis_inst/xpm_fifo_base_inst/rdpp1_inst/count_value_i_reg[8]/D
                            (rising edge-triggered cell FDRE clocked by clk_out1_cdc_asyn_fifo_axis_clk_wiz_0_0  {rise@0.000ns fall@2.500ns period=5.000ns})
  Path Group:             clk_out1_cdc_asyn_fifo_axis_clk_wiz_0_0
  Path Type:              Hold (Min at Slow Process Corner)
  Requirement:            0.000ns  (clk_out1_cdc_asyn_fifo_axis_clk_wiz_0_0 rise@0.000ns - clk_out1_cdc_asyn_fifo_axis_clk_wiz_0_0 rise@0.000ns)
  Data Path Delay:        0.232ns  (logic 0.167ns (72.134%)  route 0.065ns (27.865%))
  Logic Levels:           1  (LUT5=1)
  Clock Path Skew:        0.052ns (DCD - SCD - CPR)
    Destination Clock Delay (DCD):    5.466ns
    Source Clock Delay      (SCD):    5.763ns
    Clock Pessimism Removal (CPR):    -0.350ns
  Clock Net Delay (Source):      2.195ns (routing 1.133ns, distribution 1.062ns)
  Clock Net Delay (Destination): 2.457ns (routing 1.241ns, distribution 1.216ns)

    Location             Delay type                Incr(ns)  Path(ns)    Netlist Resource(s)
  -------------------------------------------------------------------    -------------------
                         (clock clk_out1_cdc_asyn_fifo_axis_clk_wiz_0_0 rise edge)
                                                      0.000     0.000 r  
    BUFG_PS_X0Y81        BUFG_PS                      0.000     0.000 r  cdc_asyn_fifo_axis_i/zynq_ultra_ps_e_0/inst/buffer_pl_clk_0.PL_CLK_0_BUFG/O
                         net (fo=15566, routed)       2.483     2.483    cdc_asyn_fifo_axis_i/clk_wiz_0/inst/clk_in1
    MMCM_X0Y3            MMCME4_ADV (Prop_MMCM_CLKIN1_CLKOUT0)
                                                      0.739     3.222 r  cdc_asyn_fifo_axis_i/clk_wiz_0/inst/mmcme4_adv_inst/CLKOUT0
                         net (fo=1, routed)           0.307     3.529    cdc_asyn_fifo_axis_i/clk_wiz_0/inst/clk_out1_cdc_asyn_fifo_axis_clk_wiz_0_0
    BUFGCE_X0Y76         BUFGCE (Prop_BUFCE_BUFGCE_I_O)
                                                      0.039     3.568 r  cdc_asyn_fifo_axis_i/clk_wiz_0/inst/clkout1_buf/O
    X1Y1 (CLOCK_ROOT)    net (fo=193, routed)         2.195     5.763    cdc_asyn_fifo_axis_i/axis_data_fifo_0/inst/gen_fifo.xpm_fifo_axis_inst/xpm_fifo_base_inst/rdpp1_inst/rd_clk
    SLICE_X45Y109        FDRE                                         r  cdc_asyn_fifo_axis_i/axis_data_fifo_0/inst/gen_fifo.xpm_fifo_axis_inst/xpm_fifo_base_inst/rdpp1_inst/count_value_i_reg[6]/C
  -------------------------------------------------------------------    -------------------
    SLICE_X45Y109        FDRE (Prop_GFF_SLICEM_C_Q)
                                                      0.112     5.875 r  cdc_asyn_fifo_axis_i/axis_data_fifo_0/inst/gen_fifo.xpm_fifo_axis_inst/xpm_fifo_base_inst/rdpp1_inst/count_value_i_reg[6]/Q
                         net (fo=4, routed)           0.048     5.923    cdc_asyn_fifo_axis_i/axis_data_fifo_0/inst/gen_fifo.xpm_fifo_axis_inst/xpm_fifo_base_inst/rdpp1_inst/Q[6]
    SLICE_X45Y109        LUT5 (Prop_D5LUT_SLICEM_I0_O)
                                                      0.055     5.978 r  cdc_asyn_fifo_axis_i/axis_data_fifo_0/inst/gen_fifo.xpm_fifo_axis_inst/xpm_fifo_base_inst/rdpp1_inst/count_value_i[8]_i_1__2/O
                         net (fo=1, routed)           0.017     5.995    cdc_asyn_fifo_axis_i/axis_data_fifo_0/inst/gen_fifo.xpm_fifo_axis_inst/xpm_fifo_base_inst/rdpp1_inst/count_value_i[8]_i_1__2_n_0
    SLICE_X45Y109        FDRE                                         r  cdc_asyn_fifo_axis_i/axis_data_fifo_0/inst/gen_fifo.xpm_fifo_axis_inst/xpm_fifo_base_inst/rdpp1_inst/count_value_i_reg[8]/D
  -------------------------------------------------------------------    -------------------

                         (clock clk_out1_cdc_asyn_fifo_axis_clk_wiz_0_0 rise edge)
                                                      0.000     0.000 r  
    BUFG_PS_X0Y81        BUFG_PS                      0.000     0.000 r  cdc_asyn_fifo_axis_i/zynq_ultra_ps_e_0/inst/buffer_pl_clk_0.PL_CLK_0_BUFG/O
                         net (fo=15566, routed)       2.720     2.720    cdc_asyn_fifo_axis_i/clk_wiz_0/inst/clk_in1
    MMCM_X0Y3            MMCME4_ADV (Prop_MMCM_CLKIN1_CLKOUT0)
                                                     -0.103     2.617 r  cdc_asyn_fifo_axis_i/clk_wiz_0/inst/mmcme4_adv_inst/CLKOUT0
                         net (fo=1, routed)           0.348     2.965    cdc_asyn_fifo_axis_i/clk_wiz_0/inst/clk_out1_cdc_asyn_fifo_axis_clk_wiz_0_0
    BUFGCE_X0Y76         BUFGCE (Prop_BUFCE_BUFGCE_I_O)
                                                      0.044     3.009 r  cdc_asyn_fifo_axis_i/clk_wiz_0/inst/clkout1_buf/O
    X1Y1 (CLOCK_ROOT)    net (fo=193, routed)         2.457     5.466    cdc_asyn_fifo_axis_i/axis_data_fifo_0/inst/gen_fifo.xpm_fifo_axis_inst/xpm_fifo_base_inst/rdpp1_inst/rd_clk
    SLICE_X45Y109        FDRE                                         r  cdc_asyn_fifo_axis_i/axis_data_fifo_0/inst/gen_fifo.xpm_fifo_axis_inst/xpm_fifo_base_inst/rdpp1_inst/count_value_i_reg[8]/C
                         clock pessimism              0.350     5.815    
    SLICE_X45Y109        FDRE (Hold_DFF2_SLICEM_C_D)
                                                      0.102     5.917    cdc_asyn_fifo_axis_i/axis_data_fifo_0/inst/gen_fifo.xpm_fifo_axis_inst/xpm_fifo_base_inst/rdpp1_inst/count_value_i_reg[8]
  -------------------------------------------------------------------
                         required time                         -5.917    
                         arrival time                           5.995    
  -------------------------------------------------------------------
                         slack                                  0.078    





Pulse Width Checks
--------------------------------------------------------------------------------------
Clock Name:         clk_out1_cdc_asyn_fifo_axis_clk_wiz_0_0
Waveform(ns):       { 0.000 2.500 }
Period(ns):         5.000
Sources:            { cdc_asyn_fifo_axis_i/clk_wiz_0/inst/mmcme4_adv_inst/CLKOUT0 }

Check Type        Corner  Lib Pin             Reference Pin  Required(ns)  Actual(ns)  Slack(ns)  Location       Pin
Min Period        n/a     RAMB36E2/CLKARDCLK  n/a            1.709         5.000       3.291      RAMB36_X1Y21   cdc_asyn_fifo_axis_i/axis_data_fifo_0/inst/gen_fifo.xpm_fifo_axis_inst/xpm_fifo_base_inst/gen_sdpram.xpm_memory_base_inst/gen_wr_a.gen_word_narrow.mem_reg/CLKARDCLK
Min Period        n/a     RAMB36E2/CLKBWRCLK  n/a            1.709         5.000       3.291      RAMB36_X1Y22   cdc_asyn_fifo_axis_i/axis_data_fifo_1/inst/gen_fifo.xpm_fifo_axis_inst/xpm_fifo_base_inst/gen_sdpram.xpm_memory_base_inst/gen_wr_a.gen_word_narrow.mem_reg/CLKBWRCLK
Min Period        n/a     SRL16E/CLK          n/a            1.524         5.000       3.476      SLICE_X35Y120  cdc_asyn_fifo_axis_i/proc_sys_reset_1/U0/EXT_LPF/POR_SRL_I/CLK
Min Period        n/a     BUFGCE/I            n/a            1.379         5.000       3.621      BUFGCE_X0Y76   cdc_asyn_fifo_axis_i/clk_wiz_0/inst/clkout1_buf/I
Min Period        n/a     MMCME4_ADV/CLKOUT0  n/a            1.071         5.000       3.929      MMCM_X0Y3      cdc_asyn_fifo_axis_i/clk_wiz_0/inst/mmcme4_adv_inst/CLKOUT0
Min Period        n/a     FDRE/C              n/a            0.550         5.000       4.450      SLICE_X49Y109  cdc_asyn_fifo_axis_i/axis_data_fifo_0/inst/gen_fifo.xpm_fifo_axis_inst/xpm_fifo_base_inst/FSM_sequential_gen_fwft.curr_fwft_state_reg[0]/C
Min Period        n/a     FDRE/C              n/a            0.550         5.000       4.450      SLICE_X49Y109  cdc_asyn_fifo_axis_i/axis_data_fifo_0/inst/gen_fifo.xpm_fifo_axis_inst/xpm_fifo_base_inst/FSM_sequential_gen_fwft.curr_fwft_state_reg[1]/C
Min Period        n/a     FDSE/C              n/a            0.550         5.000       4.450      SLICE_X48Y110  cdc_asyn_fifo_axis_i/axis_data_fifo_0/inst/gen_fifo.xpm_fifo_axis_inst/xpm_fifo_base_inst/gen_fwft.empty_fwft_i_reg/C
Min Period        n/a     FDRE/C              n/a            0.550         5.000       4.450      SLICE_X48Y110  cdc_asyn_fifo_axis_i/axis_data_fifo_0/inst/gen_fifo.xpm_fifo_axis_inst/xpm_fifo_base_inst/gen_fwft.gdvld_fwft.data_valid_fwft_reg/C
Min Period        n/a     FDSE/C              n/a            0.550         5.000       4.450      SLICE_X45Y108  cdc_asyn_fifo_axis_i/axis_data_fifo_0/inst/gen_fifo.xpm_fifo_axis_inst/xpm_fifo_base_inst/gen_pf_ic_rc.ram_empty_i_reg/C
Low Pulse Width   Slow    SRL16E/CLK          n/a            0.762         2.500       1.738      SLICE_X35Y120  cdc_asyn_fifo_axis_i/proc_sys_reset_1/U0/EXT_LPF/POR_SRL_I/CLK
Low Pulse Width   Fast    SRL16E/CLK          n/a            0.762         2.500       1.738      SLICE_X35Y120  cdc_asyn_fifo_axis_i/proc_sys_reset_1/U0/EXT_LPF/POR_SRL_I/CLK
Low Pulse Width   Slow    RAMB36E2/CLKARDCLK  n/a            0.577         2.500       1.923      RAMB36_X1Y21   cdc_asyn_fifo_axis_i/axis_data_fifo_0/inst/gen_fifo.xpm_fifo_axis_inst/xpm_fifo_base_inst/gen_sdpram.xpm_memory_base_inst/gen_wr_a.gen_word_narrow.mem_reg/CLKARDCLK
Low Pulse Width   Fast    RAMB36E2/CLKARDCLK  n/a            0.577         2.500       1.923      RAMB36_X1Y21   cdc_asyn_fifo_axis_i/axis_data_fifo_0/inst/gen_fifo.xpm_fifo_axis_inst/xpm_fifo_base_inst/gen_sdpram.xpm_memory_base_inst/gen_wr_a.gen_word_narrow.mem_reg/CLKARDCLK
Low Pulse Width   Slow    RAMB36E2/CLKBWRCLK  n/a            0.577         2.500       1.923      RAMB36_X1Y22   cdc_asyn_fifo_axis_i/axis_data_fifo_1/inst/gen_fifo.xpm_fifo_axis_inst/xpm_fifo_base_inst/gen_sdpram.xpm_memory_base_inst/gen_wr_a.gen_word_narrow.mem_reg/CLKBWRCLK
Low Pulse Width   Fast    RAMB36E2/CLKBWRCLK  n/a            0.577         2.500       1.923      RAMB36_X1Y22   cdc_asyn_fifo_axis_i/axis_data_fifo_1/inst/gen_fifo.xpm_fifo_axis_inst/xpm_fifo_base_inst/gen_sdpram.xpm_memory_base_inst/gen_wr_a.gen_word_narrow.mem_reg/CLKBWRCLK
Low Pulse Width   Slow    FDRE/C              n/a            0.275         2.500       2.225      SLICE_X49Y109  cdc_asyn_fifo_axis_i/axis_data_fifo_0/inst/gen_fifo.xpm_fifo_axis_inst/xpm_fifo_base_inst/FSM_sequential_gen_fwft.curr_fwft_state_reg[0]/C
Low Pulse Width   Fast    FDRE/C              n/a            0.275         2.500       2.225      SLICE_X49Y109  cdc_asyn_fifo_axis_i/axis_data_fifo_0/inst/gen_fifo.xpm_fifo_axis_inst/xpm_fifo_base_inst/FSM_sequential_gen_fwft.curr_fwft_state_reg[0]/C
Low Pulse Width   Slow    FDRE/C              n/a            0.275         2.500       2.225      SLICE_X49Y109  cdc_asyn_fifo_axis_i/axis_data_fifo_0/inst/gen_fifo.xpm_fifo_axis_inst/xpm_fifo_base_inst/FSM_sequential_gen_fwft.curr_fwft_state_reg[1]/C
Low Pulse Width   Fast    FDRE/C              n/a            0.275         2.500       2.225      SLICE_X49Y109  cdc_asyn_fifo_axis_i/axis_data_fifo_0/inst/gen_fifo.xpm_fifo_axis_inst/xpm_fifo_base_inst/FSM_sequential_gen_fwft.curr_fwft_state_reg[1]/C
High Pulse Width  Slow    SRL16E/CLK          n/a            0.762         2.500       1.738      SLICE_X35Y120  cdc_asyn_fifo_axis_i/proc_sys_reset_1/U0/EXT_LPF/POR_SRL_I/CLK
High Pulse Width  Fast    SRL16E/CLK          n/a            0.762         2.500       1.738      SLICE_X35Y120  cdc_asyn_fifo_axis_i/proc_sys_reset_1/U0/EXT_LPF/POR_SRL_I/CLK
High Pulse Width  Slow    RAMB36E2/CLKARDCLK  n/a            0.577         2.500       1.923      RAMB36_X1Y21   cdc_asyn_fifo_axis_i/axis_data_fifo_0/inst/gen_fifo.xpm_fifo_axis_inst/xpm_fifo_base_inst/gen_sdpram.xpm_memory_base_inst/gen_wr_a.gen_word_narrow.mem_reg/CLKARDCLK
High Pulse Width  Fast    RAMB36E2/CLKARDCLK  n/a            0.577         2.500       1.923      RAMB36_X1Y21   cdc_asyn_fifo_axis_i/axis_data_fifo_0/inst/gen_fifo.xpm_fifo_axis_inst/xpm_fifo_base_inst/gen_sdpram.xpm_memory_base_inst/gen_wr_a.gen_word_narrow.mem_reg/CLKARDCLK
High Pulse Width  Slow    RAMB36E2/CLKBWRCLK  n/a            0.577         2.500       1.923      RAMB36_X1Y22   cdc_asyn_fifo_axis_i/axis_data_fifo_1/inst/gen_fifo.xpm_fifo_axis_inst/xpm_fifo_base_inst/gen_sdpram.xpm_memory_base_inst/gen_wr_a.gen_word_narrow.mem_reg/CLKBWRCLK
High Pulse Width  Fast    RAMB36E2/CLKBWRCLK  n/a            0.577         2.500       1.923      RAMB36_X1Y22   cdc_asyn_fifo_axis_i/axis_data_fifo_1/inst/gen_fifo.xpm_fifo_axis_inst/xpm_fifo_base_inst/gen_sdpram.xpm_memory_base_inst/gen_wr_a.gen_word_narrow.mem_reg/CLKBWRCLK
High Pulse Width  Slow    FDRE/C              n/a            0.275         2.500       2.225      SLICE_X49Y109  cdc_asyn_fifo_axis_i/axis_data_fifo_0/inst/gen_fifo.xpm_fifo_axis_inst/xpm_fifo_base_inst/FSM_sequential_gen_fwft.curr_fwft_state_reg[0]/C
High Pulse Width  Fast    FDRE/C              n/a            0.275         2.500       2.225      SLICE_X49Y109  cdc_asyn_fifo_axis_i/axis_data_fifo_0/inst/gen_fifo.xpm_fifo_axis_inst/xpm_fifo_base_inst/FSM_sequential_gen_fwft.curr_fwft_state_reg[0]/C
High Pulse Width  Slow    FDRE/C              n/a            0.275         2.500       2.225      SLICE_X49Y109  cdc_asyn_fifo_axis_i/axis_data_fifo_0/inst/gen_fifo.xpm_fifo_axis_inst/xpm_fifo_base_inst/FSM_sequential_gen_fwft.curr_fwft_state_reg[1]/C
High Pulse Width  Fast    FDRE/C              n/a            0.275         2.500       2.225      SLICE_X49Y109  cdc_asyn_fifo_axis_i/axis_data_fifo_0/inst/gen_fifo.xpm_fifo_axis_inst/xpm_fifo_base_inst/FSM_sequential_gen_fwft.curr_fwft_state_reg[1]/C



---------------------------------------------------------------------------------------------------
From Clock:  clk_pl_0
  To Clock:  clk_pl_0

Setup :            0  Failing Endpoints,  Worst Slack        2.305ns,  Total Violation        0.000ns
Hold  :            0  Failing Endpoints,  Worst Slack        0.009ns,  Total Violation        0.000ns
PW    :            0  Failing Endpoints,  Worst Slack        3.656ns,  Total Violation        0.000ns
---------------------------------------------------------------------------------------------------


Max Delay Paths
--------------------------------------------------------------------------------------
Slack (MET) :             2.305ns  (required time - arrival time)
  Source:                 cdc_asyn_fifo_axis_i/axi_bram_ctrl_0/U0/gext_inst.abcv4_0_ext_inst/GEN_AXI4.I_FULL_AXI/ADDR_SNG_PORT.bram_addr_int_reg[2]/C
                            (rising edge-triggered cell FDRE clocked by clk_pl_0  {rise@0.000ns fall@5.156ns period=10.312ns})
  Destination:            cdc_asyn_fifo_axis_i/blk_mem_gen_0/U0/inst_blk_mem_gen/gnbram.gnative_mem_map_bmg.native_mem_map_blk_mem_gen/valid.cstr/ramloop[1].ram.r/prim_noinit.ram/DEVICE_8SERIES.WITH_BMM_INFO.SP.CASCADED_PRIM36.ram_T/ADDRARDADDR[0]
                            (rising edge-triggered cell RAMB36E2 clocked by clk_pl_0  {rise@0.000ns fall@5.156ns period=10.312ns})
  Path Group:             clk_pl_0
  Path Type:              Setup (Max at Slow Process Corner)
  Requirement:            10.312ns  (clk_pl_0 rise@10.312ns - clk_pl_0 rise@0.000ns)
  Data Path Delay:        7.036ns  (logic 0.114ns (1.620%)  route 6.922ns (98.380%))
  Logic Levels:           0  
  Clock Path Skew:        -0.247ns (DCD - SCD + CPR)
    Destination Clock Delay (DCD):    2.921ns = ( 13.233 - 10.312 ) 
    Source Clock Delay      (SCD):    3.354ns
    Clock Pessimism Removal (CPR):    0.186ns
  Clock Uncertainty:      0.159ns  ((TSJ^2 + DJ^2)^1/2) / 2 + PE
    Total System Jitter     (TSJ):    0.071ns
    Discrete Jitter          (DJ):    0.310ns
    Phase Error              (PE):    0.000ns
  Clock Net Delay (Source):      3.087ns (routing 1.579ns, distribution 1.508ns)
  Clock Net Delay (Destination): 2.705ns (routing 1.444ns, distribution 1.261ns)

    Location             Delay type                Incr(ns)  Path(ns)    Netlist Resource(s)
  -------------------------------------------------------------------    -------------------
                         (clock clk_pl_0 rise edge)
                                                      0.000     0.000 r  
    PS8_X0Y0             PS8                          0.000     0.000 r  cdc_asyn_fifo_axis_i/zynq_ultra_ps_e_0/inst/PS8_i/PLCLK[0]
                         net (fo=1, routed)           0.229     0.229    cdc_asyn_fifo_axis_i/zynq_ultra_ps_e_0/inst/pl_clk_unbuffered[0]
    BUFG_PS_X0Y81        BUFG_PS (Prop_BUFG_PS_I_O)
                                                      0.038     0.267 r  cdc_asyn_fifo_axis_i/zynq_ultra_ps_e_0/inst/buffer_pl_clk_0.PL_CLK_0_BUFG/O
    X1Y1 (CLOCK_ROOT)    net (fo=15566, routed)       3.087     3.354    cdc_asyn_fifo_axis_i/axi_bram_ctrl_0/U0/gext_inst.abcv4_0_ext_inst/GEN_AXI4.I_FULL_AXI/s_axi_aclk
    SLICE_X22Y112        FDRE                                         r  cdc_asyn_fifo_axis_i/axi_bram_ctrl_0/U0/gext_inst.abcv4_0_ext_inst/GEN_AXI4.I_FULL_AXI/ADDR_SNG_PORT.bram_addr_int_reg[2]/C
  -------------------------------------------------------------------    -------------------
    SLICE_X22Y112        FDRE (Prop_EFF_SLICEL_C_Q)
                                                      0.114     3.468 r  cdc_asyn_fifo_axis_i/axi_bram_ctrl_0/U0/gext_inst.abcv4_0_ext_inst/GEN_AXI4.I_FULL_AXI/ADDR_SNG_PORT.bram_addr_int_reg[2]/Q
                         net (fo=135, routed)         6.922    10.390    cdc_asyn_fifo_axis_i/blk_mem_gen_0/U0/inst_blk_mem_gen/gnbram.gnative_mem_map_bmg.native_mem_map_blk_mem_gen/valid.cstr/ramloop[1].ram.r/prim_noinit.ram/addra[0]
    RAMB36_X0Y25         RAMB36E2                                     r  cdc_asyn_fifo_axis_i/blk_mem_gen_0/U0/inst_blk_mem_gen/gnbram.gnative_mem_map_bmg.native_mem_map_blk_mem_gen/valid.cstr/ramloop[1].ram.r/prim_noinit.ram/DEVICE_8SERIES.WITH_BMM_INFO.SP.CASCADED_PRIM36.ram_T/ADDRARDADDR[0]
  -------------------------------------------------------------------    -------------------

                         (clock clk_pl_0 rise edge)
                                                     10.312    10.312 r  
    PS8_X0Y0             PS8                          0.000    10.312 r  cdc_asyn_fifo_axis_i/zynq_ultra_ps_e_0/inst/PS8_i/PLCLK[0]
                         net (fo=1, routed)           0.181    10.493    cdc_asyn_fifo_axis_i/zynq_ultra_ps_e_0/inst/pl_clk_unbuffered[0]
    BUFG_PS_X0Y81        BUFG_PS (Prop_BUFG_PS_I_O)
                                                      0.035    10.528 r  cdc_asyn_fifo_axis_i/zynq_ultra_ps_e_0/inst/buffer_pl_clk_0.PL_CLK_0_BUFG/O
    X1Y1 (CLOCK_ROOT)    net (fo=15566, routed)       2.705    13.233    cdc_asyn_fifo_axis_i/blk_mem_gen_0/U0/inst_blk_mem_gen/gnbram.gnative_mem_map_bmg.native_mem_map_blk_mem_gen/valid.cstr/ramloop[1].ram.r/prim_noinit.ram/clka
    RAMB36_X0Y25         RAMB36E2                                     r  cdc_asyn_fifo_axis_i/blk_mem_gen_0/U0/inst_blk_mem_gen/gnbram.gnative_mem_map_bmg.native_mem_map_blk_mem_gen/valid.cstr/ramloop[1].ram.r/prim_noinit.ram/DEVICE_8SERIES.WITH_BMM_INFO.SP.CASCADED_PRIM36.ram_T/CLKARDCLK
                         clock pessimism              0.186    13.419    
                         clock uncertainty           -0.159    13.260    
    RAMB36_X0Y25         RAMB36E2 (Setup_RAMB36E2_RAMB36_CLKARDCLK_ADDRARDADDR[0])
                                                     -0.565    12.695    cdc_asyn_fifo_axis_i/blk_mem_gen_0/U0/inst_blk_mem_gen/gnbram.gnative_mem_map_bmg.native_mem_map_blk_mem_gen/valid.cstr/ramloop[1].ram.r/prim_noinit.ram/DEVICE_8SERIES.WITH_BMM_INFO.SP.CASCADED_PRIM36.ram_T
  -------------------------------------------------------------------
                         required time                         12.695    
                         arrival time                         -10.390    
  -------------------------------------------------------------------
                         slack                                  2.305    

Slack (MET) :             2.375ns  (required time - arrival time)
  Source:                 cdc_asyn_fifo_axis_i/axi_bram_ctrl_0/U0/gext_inst.abcv4_0_ext_inst/GEN_AXI4.I_FULL_AXI/ADDR_SNG_PORT.bram_addr_int_reg[2]/C
                            (rising edge-triggered cell FDRE clocked by clk_pl_0  {rise@0.000ns fall@5.156ns period=10.312ns})
  Destination:            cdc_asyn_fifo_axis_i/blk_mem_gen_0/U0/inst_blk_mem_gen/gnbram.gnative_mem_map_bmg.native_mem_map_blk_mem_gen/valid.cstr/ramloop[37].ram.r/prim_noinit.ram/DEVICE_8SERIES.WITH_BMM_INFO.SP.CASCADED_PRIM36.ram_B/ADDRARDADDR[0]
                            (rising edge-triggered cell RAMB36E2 clocked by clk_pl_0  {rise@0.000ns fall@5.156ns period=10.312ns})
  Path Group:             clk_pl_0
  Path Type:              Setup (Max at Slow Process Corner)
  Requirement:            10.312ns  (clk_pl_0 rise@10.312ns - clk_pl_0 rise@0.000ns)
  Data Path Delay:        6.952ns  (logic 0.114ns (1.640%)  route 6.838ns (98.360%))
  Logic Levels:           0  
  Clock Path Skew:        -0.261ns (DCD - SCD + CPR)
    Destination Clock Delay (DCD):    2.906ns = ( 13.218 - 10.312 ) 
    Source Clock Delay      (SCD):    3.354ns
    Clock Pessimism Removal (CPR):    0.186ns
  Clock Uncertainty:      0.159ns  ((TSJ^2 + DJ^2)^1/2) / 2 + PE
    Total System Jitter     (TSJ):    0.071ns
    Discrete Jitter          (DJ):    0.310ns
    Phase Error              (PE):    0.000ns
  Clock Net Delay (Source):      3.087ns (routing 1.579ns, distribution 1.508ns)
  Clock Net Delay (Destination): 2.690ns (routing 1.444ns, distribution 1.246ns)

    Location             Delay type                Incr(ns)  Path(ns)    Netlist Resource(s)
  -------------------------------------------------------------------    -------------------
                         (clock clk_pl_0 rise edge)
                                                      0.000     0.000 r  
    PS8_X0Y0             PS8                          0.000     0.000 r  cdc_asyn_fifo_axis_i/zynq_ultra_ps_e_0/inst/PS8_i/PLCLK[0]
                         net (fo=1, routed)           0.229     0.229    cdc_asyn_fifo_axis_i/zynq_ultra_ps_e_0/inst/pl_clk_unbuffered[0]
    BUFG_PS_X0Y81        BUFG_PS (Prop_BUFG_PS_I_O)
                                                      0.038     0.267 r  cdc_asyn_fifo_axis_i/zynq_ultra_ps_e_0/inst/buffer_pl_clk_0.PL_CLK_0_BUFG/O
    X1Y1 (CLOCK_ROOT)    net (fo=15566, routed)       3.087     3.354    cdc_asyn_fifo_axis_i/axi_bram_ctrl_0/U0/gext_inst.abcv4_0_ext_inst/GEN_AXI4.I_FULL_AXI/s_axi_aclk
    SLICE_X22Y112        FDRE                                         r  cdc_asyn_fifo_axis_i/axi_bram_ctrl_0/U0/gext_inst.abcv4_0_ext_inst/GEN_AXI4.I_FULL_AXI/ADDR_SNG_PORT.bram_addr_int_reg[2]/C
  -------------------------------------------------------------------    -------------------
    SLICE_X22Y112        FDRE (Prop_EFF_SLICEL_C_Q)
                                                      0.114     3.468 r  cdc_asyn_fifo_axis_i/axi_bram_ctrl_0/U0/gext_inst.abcv4_0_ext_inst/GEN_AXI4.I_FULL_AXI/ADDR_SNG_PORT.bram_addr_int_reg[2]/Q
                         net (fo=135, routed)         6.838    10.305    cdc_asyn_fifo_axis_i/blk_mem_gen_0/U0/inst_blk_mem_gen/gnbram.gnative_mem_map_bmg.native_mem_map_blk_mem_gen/valid.cstr/ramloop[37].ram.r/prim_noinit.ram/addra[0]
    RAMB36_X0Y26         RAMB36E2                                     r  cdc_asyn_fifo_axis_i/blk_mem_gen_0/U0/inst_blk_mem_gen/gnbram.gnative_mem_map_bmg.native_mem_map_blk_mem_gen/valid.cstr/ramloop[37].ram.r/prim_noinit.ram/DEVICE_8SERIES.WITH_BMM_INFO.SP.CASCADED_PRIM36.ram_B/ADDRARDADDR[0]
  -------------------------------------------------------------------    -------------------

                         (clock clk_pl_0 rise edge)
                                                     10.312    10.312 r  
    PS8_X0Y0             PS8                          0.000    10.312 r  cdc_asyn_fifo_axis_i/zynq_ultra_ps_e_0/inst/PS8_i/PLCLK[0]
                         net (fo=1, routed)           0.181    10.493    cdc_asyn_fifo_axis_i/zynq_ultra_ps_e_0/inst/pl_clk_unbuffered[0]
    BUFG_PS_X0Y81        BUFG_PS (Prop_BUFG_PS_I_O)
                                                      0.035    10.528 r  cdc_asyn_fifo_axis_i/zynq_ultra_ps_e_0/inst/buffer_pl_clk_0.PL_CLK_0_BUFG/O
    X1Y1 (CLOCK_ROOT)    net (fo=15566, routed)       2.690    13.218    cdc_asyn_fifo_axis_i/blk_mem_gen_0/U0/inst_blk_mem_gen/gnbram.gnative_mem_map_bmg.native_mem_map_blk_mem_gen/valid.cstr/ramloop[37].ram.r/prim_noinit.ram/clka
    RAMB36_X0Y26         RAMB36E2                                     r  cdc_asyn_fifo_axis_i/blk_mem_gen_0/U0/inst_blk_mem_gen/gnbram.gnative_mem_map_bmg.native_mem_map_blk_mem_gen/valid.cstr/ramloop[37].ram.r/prim_noinit.ram/DEVICE_8SERIES.WITH_BMM_INFO.SP.CASCADED_PRIM36.ram_B/CLKARDCLK
                         clock pessimism              0.186    13.404    
                         clock uncertainty           -0.159    13.245    
    RAMB36_X0Y26         RAMB36E2 (Setup_RAMB36E2_RAMB36_CLKARDCLK_ADDRARDADDR[0])
                                                     -0.565    12.680    cdc_asyn_fifo_axis_i/blk_mem_gen_0/U0/inst_blk_mem_gen/gnbram.gnative_mem_map_bmg.native_mem_map_blk_mem_gen/valid.cstr/ramloop[37].ram.r/prim_noinit.ram/DEVICE_8SERIES.WITH_BMM_INFO.SP.CASCADED_PRIM36.ram_B
  -------------------------------------------------------------------
                         required time                         12.680    
                         arrival time                         -10.305    
  -------------------------------------------------------------------
                         slack                                  2.375    

Slack (MET) :             2.383ns  (required time - arrival time)
  Source:                 cdc_asyn_fifo_axis_i/axi_bram_ctrl_0/U0/gext_inst.abcv4_0_ext_inst/GEN_AXI4.I_FULL_AXI/ADDR_SNG_PORT.bram_addr_int_reg[2]/C
                            (rising edge-triggered cell FDRE clocked by clk_pl_0  {rise@0.000ns fall@5.156ns period=10.312ns})
  Destination:            cdc_asyn_fifo_axis_i/blk_mem_gen_0/U0/inst_blk_mem_gen/gnbram.gnative_mem_map_bmg.native_mem_map_blk_mem_gen/valid.cstr/ramloop[41].ram.r/prim_noinit.ram/DEVICE_8SERIES.WITH_BMM_INFO.SP.CASCADED_PRIM36.ram_B/ADDRARDADDR[0]
                            (rising edge-triggered cell RAMB36E2 clocked by clk_pl_0  {rise@0.000ns fall@5.156ns period=10.312ns})
  Path Group:             clk_pl_0
  Path Type:              Setup (Max at Slow Process Corner)
  Requirement:            10.312ns  (clk_pl_0 rise@10.312ns - clk_pl_0 rise@0.000ns)
  Data Path Delay:        6.935ns  (logic 0.114ns (1.644%)  route 6.821ns (98.356%))
  Logic Levels:           0  
  Clock Path Skew:        -0.270ns (DCD - SCD + CPR)
    Destination Clock Delay (DCD):    2.897ns = ( 13.209 - 10.312 ) 
    Source Clock Delay      (SCD):    3.354ns
    Clock Pessimism Removal (CPR):    0.186ns
  Clock Uncertainty:      0.159ns  ((TSJ^2 + DJ^2)^1/2) / 2 + PE
    Total System Jitter     (TSJ):    0.071ns
    Discrete Jitter          (DJ):    0.310ns
    Phase Error              (PE):    0.000ns
  Clock Net Delay (Source):      3.087ns (routing 1.579ns, distribution 1.508ns)
  Clock Net Delay (Destination): 2.681ns (routing 1.444ns, distribution 1.237ns)

    Location             Delay type                Incr(ns)  Path(ns)    Netlist Resource(s)
  -------------------------------------------------------------------    -------------------
                         (clock clk_pl_0 rise edge)
                                                      0.000     0.000 r  
    PS8_X0Y0             PS8                          0.000     0.000 r  cdc_asyn_fifo_axis_i/zynq_ultra_ps_e_0/inst/PS8_i/PLCLK[0]
                         net (fo=1, routed)           0.229     0.229    cdc_asyn_fifo_axis_i/zynq_ultra_ps_e_0/inst/pl_clk_unbuffered[0]
    BUFG_PS_X0Y81        BUFG_PS (Prop_BUFG_PS_I_O)
                                                      0.038     0.267 r  cdc_asyn_fifo_axis_i/zynq_ultra_ps_e_0/inst/buffer_pl_clk_0.PL_CLK_0_BUFG/O
    X1Y1 (CLOCK_ROOT)    net (fo=15566, routed)       3.087     3.354    cdc_asyn_fifo_axis_i/axi_bram_ctrl_0/U0/gext_inst.abcv4_0_ext_inst/GEN_AXI4.I_FULL_AXI/s_axi_aclk
    SLICE_X22Y112        FDRE                                         r  cdc_asyn_fifo_axis_i/axi_bram_ctrl_0/U0/gext_inst.abcv4_0_ext_inst/GEN_AXI4.I_FULL_AXI/ADDR_SNG_PORT.bram_addr_int_reg[2]/C
  -------------------------------------------------------------------    -------------------
    SLICE_X22Y112        FDRE (Prop_EFF_SLICEL_C_Q)
                                                      0.114     3.468 r  cdc_asyn_fifo_axis_i/axi_bram_ctrl_0/U0/gext_inst.abcv4_0_ext_inst/GEN_AXI4.I_FULL_AXI/ADDR_SNG_PORT.bram_addr_int_reg[2]/Q
                         net (fo=135, routed)         6.821    10.288    cdc_asyn_fifo_axis_i/blk_mem_gen_0/U0/inst_blk_mem_gen/gnbram.gnative_mem_map_bmg.native_mem_map_blk_mem_gen/valid.cstr/ramloop[41].ram.r/prim_noinit.ram/addra[0]
    RAMB36_X0Y28         RAMB36E2                                     r  cdc_asyn_fifo_axis_i/blk_mem_gen_0/U0/inst_blk_mem_gen/gnbram.gnative_mem_map_bmg.native_mem_map_blk_mem_gen/valid.cstr/ramloop[41].ram.r/prim_noinit.ram/DEVICE_8SERIES.WITH_BMM_INFO.SP.CASCADED_PRIM36.ram_B/ADDRARDADDR[0]
  -------------------------------------------------------------------    -------------------

                         (clock clk_pl_0 rise edge)
                                                     10.312    10.312 r  
    PS8_X0Y0             PS8                          0.000    10.312 r  cdc_asyn_fifo_axis_i/zynq_ultra_ps_e_0/inst/PS8_i/PLCLK[0]
                         net (fo=1, routed)           0.181    10.493    cdc_asyn_fifo_axis_i/zynq_ultra_ps_e_0/inst/pl_clk_unbuffered[0]
    BUFG_PS_X0Y81        BUFG_PS (Prop_BUFG_PS_I_O)
                                                      0.035    10.528 r  cdc_asyn_fifo_axis_i/zynq_ultra_ps_e_0/inst/buffer_pl_clk_0.PL_CLK_0_BUFG/O
    X1Y1 (CLOCK_ROOT)    net (fo=15566, routed)       2.681    13.209    cdc_asyn_fifo_axis_i/blk_mem_gen_0/U0/inst_blk_mem_gen/gnbram.gnative_mem_map_bmg.native_mem_map_blk_mem_gen/valid.cstr/ramloop[41].ram.r/prim_noinit.ram/clka
    RAMB36_X0Y28         RAMB36E2                                     r  cdc_asyn_fifo_axis_i/blk_mem_gen_0/U0/inst_blk_mem_gen/gnbram.gnative_mem_map_bmg.native_mem_map_blk_mem_gen/valid.cstr/ramloop[41].ram.r/prim_noinit.ram/DEVICE_8SERIES.WITH_BMM_INFO.SP.CASCADED_PRIM36.ram_B/CLKARDCLK
                         clock pessimism              0.186    13.395    
                         clock uncertainty           -0.159    13.236    
    RAMB36_X0Y28         RAMB36E2 (Setup_RAMB36E2_RAMB36_CLKARDCLK_ADDRARDADDR[0])
                                                     -0.565    12.671    cdc_asyn_fifo_axis_i/blk_mem_gen_0/U0/inst_blk_mem_gen/gnbram.gnative_mem_map_bmg.native_mem_map_blk_mem_gen/valid.cstr/ramloop[41].ram.r/prim_noinit.ram/DEVICE_8SERIES.WITH_BMM_INFO.SP.CASCADED_PRIM36.ram_B
  -------------------------------------------------------------------
                         required time                         12.671    
                         arrival time                         -10.288    
  -------------------------------------------------------------------
                         slack                                  2.383    

Slack (MET) :             2.491ns  (required time - arrival time)
  Source:                 cdc_asyn_fifo_axis_i/axi_bram_ctrl_0/U0/gext_inst.abcv4_0_ext_inst/GEN_AXI4.I_FULL_AXI/ADDR_SNG_PORT.bram_addr_int_reg[2]/C
                            (rising edge-triggered cell FDRE clocked by clk_pl_0  {rise@0.000ns fall@5.156ns period=10.312ns})
  Destination:            cdc_asyn_fifo_axis_i/blk_mem_gen_0/U0/inst_blk_mem_gen/gnbram.gnative_mem_map_bmg.native_mem_map_blk_mem_gen/valid.cstr/ramloop[37].ram.r/prim_noinit.ram/DEVICE_8SERIES.WITH_BMM_INFO.SP.CASCADED_PRIM36.ram_T/ADDRARDADDR[0]
                            (rising edge-triggered cell RAMB36E2 clocked by clk_pl_0  {rise@0.000ns fall@5.156ns period=10.312ns})
  Path Group:             clk_pl_0
  Path Type:              Setup (Max at Slow Process Corner)
  Requirement:            10.312ns  (clk_pl_0 rise@10.312ns - clk_pl_0 rise@0.000ns)
  Data Path Delay:        6.832ns  (logic 0.114ns (1.669%)  route 6.718ns (98.331%))
  Logic Levels:           0  
  Clock Path Skew:        -0.265ns (DCD - SCD + CPR)
    Destination Clock Delay (DCD):    2.902ns = ( 13.214 - 10.312 ) 
    Source Clock Delay      (SCD):    3.354ns
    Clock Pessimism Removal (CPR):    0.186ns
  Clock Uncertainty:      0.159ns  ((TSJ^2 + DJ^2)^1/2) / 2 + PE
    Total System Jitter     (TSJ):    0.071ns
    Discrete Jitter          (DJ):    0.310ns
    Phase Error              (PE):    0.000ns
  Clock Net Delay (Source):      3.087ns (routing 1.579ns, distribution 1.508ns)
  Clock Net Delay (Destination): 2.686ns (routing 1.444ns, distribution 1.242ns)

    Location             Delay type                Incr(ns)  Path(ns)    Netlist Resource(s)
  -------------------------------------------------------------------    -------------------
                         (clock clk_pl_0 rise edge)
                                                      0.000     0.000 r  
    PS8_X0Y0             PS8                          0.000     0.000 r  cdc_asyn_fifo_axis_i/zynq_ultra_ps_e_0/inst/PS8_i/PLCLK[0]
                         net (fo=1, routed)           0.229     0.229    cdc_asyn_fifo_axis_i/zynq_ultra_ps_e_0/inst/pl_clk_unbuffered[0]
    BUFG_PS_X0Y81        BUFG_PS (Prop_BUFG_PS_I_O)
                                                      0.038     0.267 r  cdc_asyn_fifo_axis_i/zynq_ultra_ps_e_0/inst/buffer_pl_clk_0.PL_CLK_0_BUFG/O
    X1Y1 (CLOCK_ROOT)    net (fo=15566, routed)       3.087     3.354    cdc_asyn_fifo_axis_i/axi_bram_ctrl_0/U0/gext_inst.abcv4_0_ext_inst/GEN_AXI4.I_FULL_AXI/s_axi_aclk
    SLICE_X22Y112        FDRE                                         r  cdc_asyn_fifo_axis_i/axi_bram_ctrl_0/U0/gext_inst.abcv4_0_ext_inst/GEN_AXI4.I_FULL_AXI/ADDR_SNG_PORT.bram_addr_int_reg[2]/C
  -------------------------------------------------------------------    -------------------
    SLICE_X22Y112        FDRE (Prop_EFF_SLICEL_C_Q)
                                                      0.114     3.468 r  cdc_asyn_fifo_axis_i/axi_bram_ctrl_0/U0/gext_inst.abcv4_0_ext_inst/GEN_AXI4.I_FULL_AXI/ADDR_SNG_PORT.bram_addr_int_reg[2]/Q
                         net (fo=135, routed)         6.718    10.185    cdc_asyn_fifo_axis_i/blk_mem_gen_0/U0/inst_blk_mem_gen/gnbram.gnative_mem_map_bmg.native_mem_map_blk_mem_gen/valid.cstr/ramloop[37].ram.r/prim_noinit.ram/addra[0]
    RAMB36_X0Y27         RAMB36E2                                     r  cdc_asyn_fifo_axis_i/blk_mem_gen_0/U0/inst_blk_mem_gen/gnbram.gnative_mem_map_bmg.native_mem_map_blk_mem_gen/valid.cstr/ramloop[37].ram.r/prim_noinit.ram/DEVICE_8SERIES.WITH_BMM_INFO.SP.CASCADED_PRIM36.ram_T/ADDRARDADDR[0]
  -------------------------------------------------------------------    -------------------

                         (clock clk_pl_0 rise edge)
                                                     10.312    10.312 r  
    PS8_X0Y0             PS8                          0.000    10.312 r  cdc_asyn_fifo_axis_i/zynq_ultra_ps_e_0/inst/PS8_i/PLCLK[0]
                         net (fo=1, routed)           0.181    10.493    cdc_asyn_fifo_axis_i/zynq_ultra_ps_e_0/inst/pl_clk_unbuffered[0]
    BUFG_PS_X0Y81        BUFG_PS (Prop_BUFG_PS_I_O)
                                                      0.035    10.528 r  cdc_asyn_fifo_axis_i/zynq_ultra_ps_e_0/inst/buffer_pl_clk_0.PL_CLK_0_BUFG/O
    X1Y1 (CLOCK_ROOT)    net (fo=15566, routed)       2.686    13.214    cdc_asyn_fifo_axis_i/blk_mem_gen_0/U0/inst_blk_mem_gen/gnbram.gnative_mem_map_bmg.native_mem_map_blk_mem_gen/valid.cstr/ramloop[37].ram.r/prim_noinit.ram/clka
    RAMB36_X0Y27         RAMB36E2                                     r  cdc_asyn_fifo_axis_i/blk_mem_gen_0/U0/inst_blk_mem_gen/gnbram.gnative_mem_map_bmg.native_mem_map_blk_mem_gen/valid.cstr/ramloop[37].ram.r/prim_noinit.ram/DEVICE_8SERIES.WITH_BMM_INFO.SP.CASCADED_PRIM36.ram_T/CLKARDCLK
                         clock pessimism              0.186    13.400    
                         clock uncertainty           -0.159    13.241    
    RAMB36_X0Y27         RAMB36E2 (Setup_RAMB36E2_RAMB36_CLKARDCLK_ADDRARDADDR[0])
                                                     -0.565    12.676    cdc_asyn_fifo_axis_i/blk_mem_gen_0/U0/inst_blk_mem_gen/gnbram.gnative_mem_map_bmg.native_mem_map_blk_mem_gen/valid.cstr/ramloop[37].ram.r/prim_noinit.ram/DEVICE_8SERIES.WITH_BMM_INFO.SP.CASCADED_PRIM36.ram_T
  -------------------------------------------------------------------
                         required time                         12.676    
                         arrival time                         -10.185    
  -------------------------------------------------------------------
                         slack                                  2.491    

Slack (MET) :             2.588ns  (required time - arrival time)
  Source:                 cdc_asyn_fifo_axis_i/axi_bram_ctrl_0/U0/gext_inst.abcv4_0_ext_inst/GEN_AXI4.I_FULL_AXI/ADDR_SNG_PORT.bram_addr_int_reg[2]/C
                            (rising edge-triggered cell FDRE clocked by clk_pl_0  {rise@0.000ns fall@5.156ns period=10.312ns})
  Destination:            cdc_asyn_fifo_axis_i/blk_mem_gen_0/U0/inst_blk_mem_gen/gnbram.gnative_mem_map_bmg.native_mem_map_blk_mem_gen/valid.cstr/ramloop[41].ram.r/prim_noinit.ram/DEVICE_8SERIES.WITH_BMM_INFO.SP.CASCADED_PRIM36.ram_T/ADDRARDADDR[0]
                            (rising edge-triggered cell RAMB36E2 clocked by clk_pl_0  {rise@0.000ns fall@5.156ns period=10.312ns})
  Path Group:             clk_pl_0
  Path Type:              Setup (Max at Slow Process Corner)
  Requirement:            10.312ns  (clk_pl_0 rise@10.312ns - clk_pl_0 rise@0.000ns)
  Data Path Delay:        6.724ns  (logic 0.114ns (1.695%)  route 6.610ns (98.305%))
  Logic Levels:           0  
  Clock Path Skew:        -0.276ns (DCD - SCD + CPR)
    Destination Clock Delay (DCD):    2.891ns = ( 13.203 - 10.312 ) 
    Source Clock Delay      (SCD):    3.354ns
    Clock Pessimism Removal (CPR):    0.186ns
  Clock Uncertainty:      0.159ns  ((TSJ^2 + DJ^2)^1/2) / 2 + PE
    Total System Jitter     (TSJ):    0.071ns
    Discrete Jitter          (DJ):    0.310ns
    Phase Error              (PE):    0.000ns
  Clock Net Delay (Source):      3.087ns (routing 1.579ns, distribution 1.508ns)
  Clock Net Delay (Destination): 2.675ns (routing 1.444ns, distribution 1.231ns)

    Location             Delay type                Incr(ns)  Path(ns)    Netlist Resource(s)
  -------------------------------------------------------------------    -------------------
                         (clock clk_pl_0 rise edge)
                                                      0.000     0.000 r  
    PS8_X0Y0             PS8                          0.000     0.000 r  cdc_asyn_fifo_axis_i/zynq_ultra_ps_e_0/inst/PS8_i/PLCLK[0]
                         net (fo=1, routed)           0.229     0.229    cdc_asyn_fifo_axis_i/zynq_ultra_ps_e_0/inst/pl_clk_unbuffered[0]
    BUFG_PS_X0Y81        BUFG_PS (Prop_BUFG_PS_I_O)
                                                      0.038     0.267 r  cdc_asyn_fifo_axis_i/zynq_ultra_ps_e_0/inst/buffer_pl_clk_0.PL_CLK_0_BUFG/O
    X1Y1 (CLOCK_ROOT)    net (fo=15566, routed)       3.087     3.354    cdc_asyn_fifo_axis_i/axi_bram_ctrl_0/U0/gext_inst.abcv4_0_ext_inst/GEN_AXI4.I_FULL_AXI/s_axi_aclk
    SLICE_X22Y112        FDRE                                         r  cdc_asyn_fifo_axis_i/axi_bram_ctrl_0/U0/gext_inst.abcv4_0_ext_inst/GEN_AXI4.I_FULL_AXI/ADDR_SNG_PORT.bram_addr_int_reg[2]/C
  -------------------------------------------------------------------    -------------------
    SLICE_X22Y112        FDRE (Prop_EFF_SLICEL_C_Q)
                                                      0.114     3.468 r  cdc_asyn_fifo_axis_i/axi_bram_ctrl_0/U0/gext_inst.abcv4_0_ext_inst/GEN_AXI4.I_FULL_AXI/ADDR_SNG_PORT.bram_addr_int_reg[2]/Q
                         net (fo=135, routed)         6.610    10.077    cdc_asyn_fifo_axis_i/blk_mem_gen_0/U0/inst_blk_mem_gen/gnbram.gnative_mem_map_bmg.native_mem_map_blk_mem_gen/valid.cstr/ramloop[41].ram.r/prim_noinit.ram/addra[0]
    RAMB36_X0Y29         RAMB36E2                                     r  cdc_asyn_fifo_axis_i/blk_mem_gen_0/U0/inst_blk_mem_gen/gnbram.gnative_mem_map_bmg.native_mem_map_blk_mem_gen/valid.cstr/ramloop[41].ram.r/prim_noinit.ram/DEVICE_8SERIES.WITH_BMM_INFO.SP.CASCADED_PRIM36.ram_T/ADDRARDADDR[0]
  -------------------------------------------------------------------    -------------------

                         (clock clk_pl_0 rise edge)
                                                     10.312    10.312 r  
    PS8_X0Y0             PS8                          0.000    10.312 r  cdc_asyn_fifo_axis_i/zynq_ultra_ps_e_0/inst/PS8_i/PLCLK[0]
                         net (fo=1, routed)           0.181    10.493    cdc_asyn_fifo_axis_i/zynq_ultra_ps_e_0/inst/pl_clk_unbuffered[0]
    BUFG_PS_X0Y81        BUFG_PS (Prop_BUFG_PS_I_O)
                                                      0.035    10.528 r  cdc_asyn_fifo_axis_i/zynq_ultra_ps_e_0/inst/buffer_pl_clk_0.PL_CLK_0_BUFG/O
    X1Y1 (CLOCK_ROOT)    net (fo=15566, routed)       2.675    13.203    cdc_asyn_fifo_axis_i/blk_mem_gen_0/U0/inst_blk_mem_gen/gnbram.gnative_mem_map_bmg.native_mem_map_blk_mem_gen/valid.cstr/ramloop[41].ram.r/prim_noinit.ram/clka
    RAMB36_X0Y29         RAMB36E2                                     r  cdc_asyn_fifo_axis_i/blk_mem_gen_0/U0/inst_blk_mem_gen/gnbram.gnative_mem_map_bmg.native_mem_map_blk_mem_gen/valid.cstr/ramloop[41].ram.r/prim_noinit.ram/DEVICE_8SERIES.WITH_BMM_INFO.SP.CASCADED_PRIM36.ram_T/CLKARDCLK
                         clock pessimism              0.186    13.389    
                         clock uncertainty           -0.159    13.230    
    RAMB36_X0Y29         RAMB36E2 (Setup_RAMB36E2_RAMB36_CLKARDCLK_ADDRARDADDR[0])
                                                     -0.565    12.665    cdc_asyn_fifo_axis_i/blk_mem_gen_0/U0/inst_blk_mem_gen/gnbram.gnative_mem_map_bmg.native_mem_map_blk_mem_gen/valid.cstr/ramloop[41].ram.r/prim_noinit.ram/DEVICE_8SERIES.WITH_BMM_INFO.SP.CASCADED_PRIM36.ram_T
  -------------------------------------------------------------------
                         required time                         12.665    
                         arrival time                         -10.077    
  -------------------------------------------------------------------
                         slack                                  2.588    

Slack (MET) :             2.757ns  (required time - arrival time)
  Source:                 cdc_asyn_fifo_axis_i/axi_bram_ctrl_0/U0/gext_inst.abcv4_0_ext_inst/GEN_AXI4.I_FULL_AXI/ADDR_SNG_PORT.bram_addr_int_reg[2]/C
                            (rising edge-triggered cell FDRE clocked by clk_pl_0  {rise@0.000ns fall@5.156ns period=10.312ns})
  Destination:            cdc_asyn_fifo_axis_i/blk_mem_gen_0/U0/inst_blk_mem_gen/gnbram.gnative_mem_map_bmg.native_mem_map_blk_mem_gen/valid.cstr/ramloop[32].ram.r/prim_noinit.ram/DEVICE_8SERIES.WITH_BMM_INFO.SP.CASCADED_PRIM36.ram_B/ADDRARDADDR[0]
                            (rising edge-triggered cell RAMB36E2 clocked by clk_pl_0  {rise@0.000ns fall@5.156ns period=10.312ns})
  Path Group:             clk_pl_0
  Path Type:              Setup (Max at Slow Process Corner)
  Requirement:            10.312ns  (clk_pl_0 rise@10.312ns - clk_pl_0 rise@0.000ns)
  Data Path Delay:        6.544ns  (logic 0.114ns (1.742%)  route 6.430ns (98.258%))
  Logic Levels:           0  
  Clock Path Skew:        -0.286ns (DCD - SCD + CPR)
    Destination Clock Delay (DCD):    2.881ns = ( 13.193 - 10.312 ) 
    Source Clock Delay      (SCD):    3.354ns
    Clock Pessimism Removal (CPR):    0.186ns
  Clock Uncertainty:      0.159ns  ((TSJ^2 + DJ^2)^1/2) / 2 + PE
    Total System Jitter     (TSJ):    0.071ns
    Discrete Jitter          (DJ):    0.310ns
    Phase Error              (PE):    0.000ns
  Clock Net Delay (Source):      3.087ns (routing 1.579ns, distribution 1.508ns)
  Clock Net Delay (Destination): 2.665ns (routing 1.444ns, distribution 1.221ns)

    Location             Delay type                Incr(ns)  Path(ns)    Netlist Resource(s)
  -------------------------------------------------------------------    -------------------
                         (clock clk_pl_0 rise edge)
                                                      0.000     0.000 r  
    PS8_X0Y0             PS8                          0.000     0.000 r  cdc_asyn_fifo_axis_i/zynq_ultra_ps_e_0/inst/PS8_i/PLCLK[0]
                         net (fo=1, routed)           0.229     0.229    cdc_asyn_fifo_axis_i/zynq_ultra_ps_e_0/inst/pl_clk_unbuffered[0]
    BUFG_PS_X0Y81        BUFG_PS (Prop_BUFG_PS_I_O)
                                                      0.038     0.267 r  cdc_asyn_fifo_axis_i/zynq_ultra_ps_e_0/inst/buffer_pl_clk_0.PL_CLK_0_BUFG/O
    X1Y1 (CLOCK_ROOT)    net (fo=15566, routed)       3.087     3.354    cdc_asyn_fifo_axis_i/axi_bram_ctrl_0/U0/gext_inst.abcv4_0_ext_inst/GEN_AXI4.I_FULL_AXI/s_axi_aclk
    SLICE_X22Y112        FDRE                                         r  cdc_asyn_fifo_axis_i/axi_bram_ctrl_0/U0/gext_inst.abcv4_0_ext_inst/GEN_AXI4.I_FULL_AXI/ADDR_SNG_PORT.bram_addr_int_reg[2]/C
  -------------------------------------------------------------------    -------------------
    SLICE_X22Y112        FDRE (Prop_EFF_SLICEL_C_Q)
                                                      0.114     3.468 r  cdc_asyn_fifo_axis_i/axi_bram_ctrl_0/U0/gext_inst.abcv4_0_ext_inst/GEN_AXI4.I_FULL_AXI/ADDR_SNG_PORT.bram_addr_int_reg[2]/Q
                         net (fo=135, routed)         6.430     9.898    cdc_asyn_fifo_axis_i/blk_mem_gen_0/U0/inst_blk_mem_gen/gnbram.gnative_mem_map_bmg.native_mem_map_blk_mem_gen/valid.cstr/ramloop[32].ram.r/prim_noinit.ram/addra[0]
    RAMB36_X0Y30         RAMB36E2                                     r  cdc_asyn_fifo_axis_i/blk_mem_gen_0/U0/inst_blk_mem_gen/gnbram.gnative_mem_map_bmg.native_mem_map_blk_mem_gen/valid.cstr/ramloop[32].ram.r/prim_noinit.ram/DEVICE_8SERIES.WITH_BMM_INFO.SP.CASCADED_PRIM36.ram_B/ADDRARDADDR[0]
  -------------------------------------------------------------------    -------------------

                         (clock clk_pl_0 rise edge)
                                                     10.312    10.312 r  
    PS8_X0Y0             PS8                          0.000    10.312 r  cdc_asyn_fifo_axis_i/zynq_ultra_ps_e_0/inst/PS8_i/PLCLK[0]
                         net (fo=1, routed)           0.181    10.493    cdc_asyn_fifo_axis_i/zynq_ultra_ps_e_0/inst/pl_clk_unbuffered[0]
    BUFG_PS_X0Y81        BUFG_PS (Prop_BUFG_PS_I_O)
                                                      0.035    10.528 r  cdc_asyn_fifo_axis_i/zynq_ultra_ps_e_0/inst/buffer_pl_clk_0.PL_CLK_0_BUFG/O
    X1Y1 (CLOCK_ROOT)    net (fo=15566, routed)       2.665    13.193    cdc_asyn_fifo_axis_i/blk_mem_gen_0/U0/inst_blk_mem_gen/gnbram.gnative_mem_map_bmg.native_mem_map_blk_mem_gen/valid.cstr/ramloop[32].ram.r/prim_noinit.ram/clka
    RAMB36_X0Y30         RAMB36E2                                     r  cdc_asyn_fifo_axis_i/blk_mem_gen_0/U0/inst_blk_mem_gen/gnbram.gnative_mem_map_bmg.native_mem_map_blk_mem_gen/valid.cstr/ramloop[32].ram.r/prim_noinit.ram/DEVICE_8SERIES.WITH_BMM_INFO.SP.CASCADED_PRIM36.ram_B/CLKARDCLK
                         clock pessimism              0.186    13.379    
                         clock uncertainty           -0.159    13.220    
    RAMB36_X0Y30         RAMB36E2 (Setup_RAMB36E2_RAMB36_CLKARDCLK_ADDRARDADDR[0])
                                                     -0.565    12.655    cdc_asyn_fifo_axis_i/blk_mem_gen_0/U0/inst_blk_mem_gen/gnbram.gnative_mem_map_bmg.native_mem_map_blk_mem_gen/valid.cstr/ramloop[32].ram.r/prim_noinit.ram/DEVICE_8SERIES.WITH_BMM_INFO.SP.CASCADED_PRIM36.ram_B
  -------------------------------------------------------------------
                         required time                         12.655    
                         arrival time                          -9.898    
  -------------------------------------------------------------------
                         slack                                  2.757    

Slack (MET) :             2.787ns  (required time - arrival time)
  Source:                 cdc_asyn_fifo_axis_i/axi_bram_ctrl_0/U0/gext_inst.abcv4_0_ext_inst/GEN_AXI4.I_FULL_AXI/ADDR_SNG_PORT.bram_addr_int_reg[2]/C
                            (rising edge-triggered cell FDRE clocked by clk_pl_0  {rise@0.000ns fall@5.156ns period=10.312ns})
  Destination:            cdc_asyn_fifo_axis_i/blk_mem_gen_0/U0/inst_blk_mem_gen/gnbram.gnative_mem_map_bmg.native_mem_map_blk_mem_gen/valid.cstr/ramloop[27].ram.r/prim_noinit.ram/DEVICE_8SERIES.WITH_BMM_INFO.SP.CASCADED_PRIM36.ram_B/ADDRARDADDR[0]
                            (rising edge-triggered cell RAMB36E2 clocked by clk_pl_0  {rise@0.000ns fall@5.156ns period=10.312ns})
  Path Group:             clk_pl_0
  Path Type:              Setup (Max at Slow Process Corner)
  Requirement:            10.312ns  (clk_pl_0 rise@10.312ns - clk_pl_0 rise@0.000ns)
  Data Path Delay:        6.533ns  (logic 0.114ns (1.745%)  route 6.419ns (98.255%))
  Logic Levels:           0  
  Clock Path Skew:        -0.267ns (DCD - SCD + CPR)
    Destination Clock Delay (DCD):    2.900ns = ( 13.212 - 10.312 ) 
    Source Clock Delay      (SCD):    3.354ns
    Clock Pessimism Removal (CPR):    0.186ns
  Clock Uncertainty:      0.159ns  ((TSJ^2 + DJ^2)^1/2) / 2 + PE
    Total System Jitter     (TSJ):    0.071ns
    Discrete Jitter          (DJ):    0.310ns
    Phase Error              (PE):    0.000ns
  Clock Net Delay (Source):      3.087ns (routing 1.579ns, distribution 1.508ns)
  Clock Net Delay (Destination): 2.684ns (routing 1.444ns, distribution 1.240ns)

    Location             Delay type                Incr(ns)  Path(ns)    Netlist Resource(s)
  -------------------------------------------------------------------    -------------------
                         (clock clk_pl_0 rise edge)
                                                      0.000     0.000 r  
    PS8_X0Y0             PS8                          0.000     0.000 r  cdc_asyn_fifo_axis_i/zynq_ultra_ps_e_0/inst/PS8_i/PLCLK[0]
                         net (fo=1, routed)           0.229     0.229    cdc_asyn_fifo_axis_i/zynq_ultra_ps_e_0/inst/pl_clk_unbuffered[0]
    BUFG_PS_X0Y81        BUFG_PS (Prop_BUFG_PS_I_O)
                                                      0.038     0.267 r  cdc_asyn_fifo_axis_i/zynq_ultra_ps_e_0/inst/buffer_pl_clk_0.PL_CLK_0_BUFG/O
    X1Y1 (CLOCK_ROOT)    net (fo=15566, routed)       3.087     3.354    cdc_asyn_fifo_axis_i/axi_bram_ctrl_0/U0/gext_inst.abcv4_0_ext_inst/GEN_AXI4.I_FULL_AXI/s_axi_aclk
    SLICE_X22Y112        FDRE                                         r  cdc_asyn_fifo_axis_i/axi_bram_ctrl_0/U0/gext_inst.abcv4_0_ext_inst/GEN_AXI4.I_FULL_AXI/ADDR_SNG_PORT.bram_addr_int_reg[2]/C
  -------------------------------------------------------------------    -------------------
    SLICE_X22Y112        FDRE (Prop_EFF_SLICEL_C_Q)
                                                      0.114     3.468 r  cdc_asyn_fifo_axis_i/axi_bram_ctrl_0/U0/gext_inst.abcv4_0_ext_inst/GEN_AXI4.I_FULL_AXI/ADDR_SNG_PORT.bram_addr_int_reg[2]/Q
                         net (fo=135, routed)         6.419     9.887    cdc_asyn_fifo_axis_i/blk_mem_gen_0/U0/inst_blk_mem_gen/gnbram.gnative_mem_map_bmg.native_mem_map_blk_mem_gen/valid.cstr/ramloop[27].ram.r/prim_noinit.ram/addra[0]
    RAMB36_X0Y44         RAMB36E2                                     r  cdc_asyn_fifo_axis_i/blk_mem_gen_0/U0/inst_blk_mem_gen/gnbram.gnative_mem_map_bmg.native_mem_map_blk_mem_gen/valid.cstr/ramloop[27].ram.r/prim_noinit.ram/DEVICE_8SERIES.WITH_BMM_INFO.SP.CASCADED_PRIM36.ram_B/ADDRARDADDR[0]
  -------------------------------------------------------------------    -------------------

                         (clock clk_pl_0 rise edge)
                                                     10.312    10.312 r  
    PS8_X0Y0             PS8                          0.000    10.312 r  cdc_asyn_fifo_axis_i/zynq_ultra_ps_e_0/inst/PS8_i/PLCLK[0]
                         net (fo=1, routed)           0.181    10.493    cdc_asyn_fifo_axis_i/zynq_ultra_ps_e_0/inst/pl_clk_unbuffered[0]
    BUFG_PS_X0Y81        BUFG_PS (Prop_BUFG_PS_I_O)
                                                      0.035    10.528 r  cdc_asyn_fifo_axis_i/zynq_ultra_ps_e_0/inst/buffer_pl_clk_0.PL_CLK_0_BUFG/O
    X1Y1 (CLOCK_ROOT)    net (fo=15566, routed)       2.684    13.212    cdc_asyn_fifo_axis_i/blk_mem_gen_0/U0/inst_blk_mem_gen/gnbram.gnative_mem_map_bmg.native_mem_map_blk_mem_gen/valid.cstr/ramloop[27].ram.r/prim_noinit.ram/clka
    RAMB36_X0Y44         RAMB36E2                                     r  cdc_asyn_fifo_axis_i/blk_mem_gen_0/U0/inst_blk_mem_gen/gnbram.gnative_mem_map_bmg.native_mem_map_blk_mem_gen/valid.cstr/ramloop[27].ram.r/prim_noinit.ram/DEVICE_8SERIES.WITH_BMM_INFO.SP.CASCADED_PRIM36.ram_B/CLKARDCLK
                         clock pessimism              0.186    13.398    
                         clock uncertainty           -0.159    13.239    
    RAMB36_X0Y44         RAMB36E2 (Setup_RAMB36E2_RAMB36_CLKARDCLK_ADDRARDADDR[0])
                                                     -0.565    12.674    cdc_asyn_fifo_axis_i/blk_mem_gen_0/U0/inst_blk_mem_gen/gnbram.gnative_mem_map_bmg.native_mem_map_blk_mem_gen/valid.cstr/ramloop[27].ram.r/prim_noinit.ram/DEVICE_8SERIES.WITH_BMM_INFO.SP.CASCADED_PRIM36.ram_B
  -------------------------------------------------------------------
                         required time                         12.674    
                         arrival time                          -9.887    
  -------------------------------------------------------------------
                         slack                                  2.787    

Slack (MET) :             2.790ns  (required time - arrival time)
  Source:                 cdc_asyn_fifo_axis_i/axi_bram_ctrl_0/U0/gext_inst.abcv4_0_ext_inst/GEN_AXI4.I_FULL_AXI/ADDR_SNG_PORT.bram_addr_int_reg[2]/C
                            (rising edge-triggered cell FDRE clocked by clk_pl_0  {rise@0.000ns fall@5.156ns period=10.312ns})
  Destination:            cdc_asyn_fifo_axis_i/blk_mem_gen_0/U0/inst_blk_mem_gen/gnbram.gnative_mem_map_bmg.native_mem_map_blk_mem_gen/valid.cstr/ramloop[26].ram.r/prim_noinit.ram/DEVICE_8SERIES.WITH_BMM_INFO.SP.CASCADED_PRIM36.ram_T/ADDRARDADDR[0]
                            (rising edge-triggered cell RAMB36E2 clocked by clk_pl_0  {rise@0.000ns fall@5.156ns period=10.312ns})
  Path Group:             clk_pl_0
  Path Type:              Setup (Max at Slow Process Corner)
  Requirement:            10.312ns  (clk_pl_0 rise@10.312ns - clk_pl_0 rise@0.000ns)
  Data Path Delay:        6.529ns  (logic 0.114ns (1.746%)  route 6.415ns (98.254%))
  Logic Levels:           0  
  Clock Path Skew:        -0.268ns (DCD - SCD + CPR)
    Destination Clock Delay (DCD):    2.899ns = ( 13.211 - 10.312 ) 
    Source Clock Delay      (SCD):    3.354ns
    Clock Pessimism Removal (CPR):    0.186ns
  Clock Uncertainty:      0.159ns  ((TSJ^2 + DJ^2)^1/2) / 2 + PE
    Total System Jitter     (TSJ):    0.071ns
    Discrete Jitter          (DJ):    0.310ns
    Phase Error              (PE):    0.000ns
  Clock Net Delay (Source):      3.087ns (routing 1.579ns, distribution 1.508ns)
  Clock Net Delay (Destination): 2.683ns (routing 1.444ns, distribution 1.239ns)

    Location             Delay type                Incr(ns)  Path(ns)    Netlist Resource(s)
  -------------------------------------------------------------------    -------------------
                         (clock clk_pl_0 rise edge)
                                                      0.000     0.000 r  
    PS8_X0Y0             PS8                          0.000     0.000 r  cdc_asyn_fifo_axis_i/zynq_ultra_ps_e_0/inst/PS8_i/PLCLK[0]
                         net (fo=1, routed)           0.229     0.229    cdc_asyn_fifo_axis_i/zynq_ultra_ps_e_0/inst/pl_clk_unbuffered[0]
    BUFG_PS_X0Y81        BUFG_PS (Prop_BUFG_PS_I_O)
                                                      0.038     0.267 r  cdc_asyn_fifo_axis_i/zynq_ultra_ps_e_0/inst/buffer_pl_clk_0.PL_CLK_0_BUFG/O
    X1Y1 (CLOCK_ROOT)    net (fo=15566, routed)       3.087     3.354    cdc_asyn_fifo_axis_i/axi_bram_ctrl_0/U0/gext_inst.abcv4_0_ext_inst/GEN_AXI4.I_FULL_AXI/s_axi_aclk
    SLICE_X22Y112        FDRE                                         r  cdc_asyn_fifo_axis_i/axi_bram_ctrl_0/U0/gext_inst.abcv4_0_ext_inst/GEN_AXI4.I_FULL_AXI/ADDR_SNG_PORT.bram_addr_int_reg[2]/C
  -------------------------------------------------------------------    -------------------
    SLICE_X22Y112        FDRE (Prop_EFF_SLICEL_C_Q)
                                                      0.114     3.468 r  cdc_asyn_fifo_axis_i/axi_bram_ctrl_0/U0/gext_inst.abcv4_0_ext_inst/GEN_AXI4.I_FULL_AXI/ADDR_SNG_PORT.bram_addr_int_reg[2]/Q
                         net (fo=135, routed)         6.415     9.883    cdc_asyn_fifo_axis_i/blk_mem_gen_0/U0/inst_blk_mem_gen/gnbram.gnative_mem_map_bmg.native_mem_map_blk_mem_gen/valid.cstr/ramloop[26].ram.r/prim_noinit.ram/addra[0]
    RAMB36_X0Y41         RAMB36E2                                     r  cdc_asyn_fifo_axis_i/blk_mem_gen_0/U0/inst_blk_mem_gen/gnbram.gnative_mem_map_bmg.native_mem_map_blk_mem_gen/valid.cstr/ramloop[26].ram.r/prim_noinit.ram/DEVICE_8SERIES.WITH_BMM_INFO.SP.CASCADED_PRIM36.ram_T/ADDRARDADDR[0]
  -------------------------------------------------------------------    -------------------

                         (clock clk_pl_0 rise edge)
                                                     10.312    10.312 r  
    PS8_X0Y0             PS8                          0.000    10.312 r  cdc_asyn_fifo_axis_i/zynq_ultra_ps_e_0/inst/PS8_i/PLCLK[0]
                         net (fo=1, routed)           0.181    10.493    cdc_asyn_fifo_axis_i/zynq_ultra_ps_e_0/inst/pl_clk_unbuffered[0]
    BUFG_PS_X0Y81        BUFG_PS (Prop_BUFG_PS_I_O)
                                                      0.035    10.528 r  cdc_asyn_fifo_axis_i/zynq_ultra_ps_e_0/inst/buffer_pl_clk_0.PL_CLK_0_BUFG/O
    X1Y1 (CLOCK_ROOT)    net (fo=15566, routed)       2.683    13.211    cdc_asyn_fifo_axis_i/blk_mem_gen_0/U0/inst_blk_mem_gen/gnbram.gnative_mem_map_bmg.native_mem_map_blk_mem_gen/valid.cstr/ramloop[26].ram.r/prim_noinit.ram/clka
    RAMB36_X0Y41         RAMB36E2                                     r  cdc_asyn_fifo_axis_i/blk_mem_gen_0/U0/inst_blk_mem_gen/gnbram.gnative_mem_map_bmg.native_mem_map_blk_mem_gen/valid.cstr/ramloop[26].ram.r/prim_noinit.ram/DEVICE_8SERIES.WITH_BMM_INFO.SP.CASCADED_PRIM36.ram_T/CLKARDCLK
                         clock pessimism              0.186    13.397    
                         clock uncertainty           -0.159    13.238    
    RAMB36_X0Y41         RAMB36E2 (Setup_RAMB36E2_RAMB36_CLKARDCLK_ADDRARDADDR[0])
                                                     -0.565    12.673    cdc_asyn_fifo_axis_i/blk_mem_gen_0/U0/inst_blk_mem_gen/gnbram.gnative_mem_map_bmg.native_mem_map_blk_mem_gen/valid.cstr/ramloop[26].ram.r/prim_noinit.ram/DEVICE_8SERIES.WITH_BMM_INFO.SP.CASCADED_PRIM36.ram_T
  -------------------------------------------------------------------
                         required time                         12.673    
                         arrival time                          -9.883    
  -------------------------------------------------------------------
                         slack                                  2.790    

Slack (MET) :             2.856ns  (required time - arrival time)
  Source:                 cdc_asyn_fifo_axis_i/axi_bram_ctrl_0/U0/gext_inst.abcv4_0_ext_inst/GEN_AXI4.I_FULL_AXI/ADDR_SNG_PORT.bram_addr_int_reg[2]/C
                            (rising edge-triggered cell FDRE clocked by clk_pl_0  {rise@0.000ns fall@5.156ns period=10.312ns})
  Destination:            cdc_asyn_fifo_axis_i/blk_mem_gen_0/U0/inst_blk_mem_gen/gnbram.gnative_mem_map_bmg.native_mem_map_blk_mem_gen/valid.cstr/ramloop[32].ram.r/prim_noinit.ram/DEVICE_8SERIES.WITH_BMM_INFO.SP.CASCADED_PRIM36.ram_T/ADDRARDADDR[0]
                            (rising edge-triggered cell RAMB36E2 clocked by clk_pl_0  {rise@0.000ns fall@5.156ns period=10.312ns})
  Path Group:             clk_pl_0
  Path Type:              Setup (Max at Slow Process Corner)
  Requirement:            10.312ns  (clk_pl_0 rise@10.312ns - clk_pl_0 rise@0.000ns)
  Data Path Delay:        6.451ns  (logic 0.114ns (1.767%)  route 6.337ns (98.233%))
  Logic Levels:           0  
  Clock Path Skew:        -0.280ns (DCD - SCD + CPR)
    Destination Clock Delay (DCD):    2.887ns = ( 13.199 - 10.312 ) 
    Source Clock Delay      (SCD):    3.354ns
    Clock Pessimism Removal (CPR):    0.186ns
  Clock Uncertainty:      0.159ns  ((TSJ^2 + DJ^2)^1/2) / 2 + PE
    Total System Jitter     (TSJ):    0.071ns
    Discrete Jitter          (DJ):    0.310ns
    Phase Error              (PE):    0.000ns
  Clock Net Delay (Source):      3.087ns (routing 1.579ns, distribution 1.508ns)
  Clock Net Delay (Destination): 2.671ns (routing 1.444ns, distribution 1.227ns)

    Location             Delay type                Incr(ns)  Path(ns)    Netlist Resource(s)
  -------------------------------------------------------------------    -------------------
                         (clock clk_pl_0 rise edge)
                                                      0.000     0.000 r  
    PS8_X0Y0             PS8                          0.000     0.000 r  cdc_asyn_fifo_axis_i/zynq_ultra_ps_e_0/inst/PS8_i/PLCLK[0]
                         net (fo=1, routed)           0.229     0.229    cdc_asyn_fifo_axis_i/zynq_ultra_ps_e_0/inst/pl_clk_unbuffered[0]
    BUFG_PS_X0Y81        BUFG_PS (Prop_BUFG_PS_I_O)
                                                      0.038     0.267 r  cdc_asyn_fifo_axis_i/zynq_ultra_ps_e_0/inst/buffer_pl_clk_0.PL_CLK_0_BUFG/O
    X1Y1 (CLOCK_ROOT)    net (fo=15566, routed)       3.087     3.354    cdc_asyn_fifo_axis_i/axi_bram_ctrl_0/U0/gext_inst.abcv4_0_ext_inst/GEN_AXI4.I_FULL_AXI/s_axi_aclk
    SLICE_X22Y112        FDRE                                         r  cdc_asyn_fifo_axis_i/axi_bram_ctrl_0/U0/gext_inst.abcv4_0_ext_inst/GEN_AXI4.I_FULL_AXI/ADDR_SNG_PORT.bram_addr_int_reg[2]/C
  -------------------------------------------------------------------    -------------------
    SLICE_X22Y112        FDRE (Prop_EFF_SLICEL_C_Q)
                                                      0.114     3.468 r  cdc_asyn_fifo_axis_i/axi_bram_ctrl_0/U0/gext_inst.abcv4_0_ext_inst/GEN_AXI4.I_FULL_AXI/ADDR_SNG_PORT.bram_addr_int_reg[2]/Q
                         net (fo=135, routed)         6.337     9.805    cdc_asyn_fifo_axis_i/blk_mem_gen_0/U0/inst_blk_mem_gen/gnbram.gnative_mem_map_bmg.native_mem_map_blk_mem_gen/valid.cstr/ramloop[32].ram.r/prim_noinit.ram/addra[0]
    RAMB36_X0Y31         RAMB36E2                                     r  cdc_asyn_fifo_axis_i/blk_mem_gen_0/U0/inst_blk_mem_gen/gnbram.gnative_mem_map_bmg.native_mem_map_blk_mem_gen/valid.cstr/ramloop[32].ram.r/prim_noinit.ram/DEVICE_8SERIES.WITH_BMM_INFO.SP.CASCADED_PRIM36.ram_T/ADDRARDADDR[0]
  -------------------------------------------------------------------    -------------------

                         (clock clk_pl_0 rise edge)
                                                     10.312    10.312 r  
    PS8_X0Y0             PS8                          0.000    10.312 r  cdc_asyn_fifo_axis_i/zynq_ultra_ps_e_0/inst/PS8_i/PLCLK[0]
                         net (fo=1, routed)           0.181    10.493    cdc_asyn_fifo_axis_i/zynq_ultra_ps_e_0/inst/pl_clk_unbuffered[0]
    BUFG_PS_X0Y81        BUFG_PS (Prop_BUFG_PS_I_O)
                                                      0.035    10.528 r  cdc_asyn_fifo_axis_i/zynq_ultra_ps_e_0/inst/buffer_pl_clk_0.PL_CLK_0_BUFG/O
    X1Y1 (CLOCK_ROOT)    net (fo=15566, routed)       2.671    13.199    cdc_asyn_fifo_axis_i/blk_mem_gen_0/U0/inst_blk_mem_gen/gnbram.gnative_mem_map_bmg.native_mem_map_blk_mem_gen/valid.cstr/ramloop[32].ram.r/prim_noinit.ram/clka
    RAMB36_X0Y31         RAMB36E2                                     r  cdc_asyn_fifo_axis_i/blk_mem_gen_0/U0/inst_blk_mem_gen/gnbram.gnative_mem_map_bmg.native_mem_map_blk_mem_gen/valid.cstr/ramloop[32].ram.r/prim_noinit.ram/DEVICE_8SERIES.WITH_BMM_INFO.SP.CASCADED_PRIM36.ram_T/CLKARDCLK
                         clock pessimism              0.186    13.385    
                         clock uncertainty           -0.159    13.226    
    RAMB36_X0Y31         RAMB36E2 (Setup_RAMB36E2_RAMB36_CLKARDCLK_ADDRARDADDR[0])
                                                     -0.565    12.661    cdc_asyn_fifo_axis_i/blk_mem_gen_0/U0/inst_blk_mem_gen/gnbram.gnative_mem_map_bmg.native_mem_map_blk_mem_gen/valid.cstr/ramloop[32].ram.r/prim_noinit.ram/DEVICE_8SERIES.WITH_BMM_INFO.SP.CASCADED_PRIM36.ram_T
  -------------------------------------------------------------------
                         required time                         12.661    
                         arrival time                          -9.805    
  -------------------------------------------------------------------
                         slack                                  2.856    

Slack (MET) :             2.857ns  (required time - arrival time)
  Source:                 cdc_asyn_fifo_axis_i/axi_bram_ctrl_0/U0/gext_inst.abcv4_0_ext_inst/GEN_AXI4.I_FULL_AXI/ADDR_SNG_PORT.bram_addr_int_reg[2]/C
                            (rising edge-triggered cell FDRE clocked by clk_pl_0  {rise@0.000ns fall@5.156ns period=10.312ns})
  Destination:            cdc_asyn_fifo_axis_i/blk_mem_gen_0/U0/inst_blk_mem_gen/gnbram.gnative_mem_map_bmg.native_mem_map_blk_mem_gen/valid.cstr/ramloop[27].ram.r/prim_noinit.ram/DEVICE_8SERIES.WITH_BMM_INFO.SP.CASCADED_PRIM36.ram_T/ADDRARDADDR[0]
                            (rising edge-triggered cell RAMB36E2 clocked by clk_pl_0  {rise@0.000ns fall@5.156ns period=10.312ns})
  Path Group:             clk_pl_0
  Path Type:              Setup (Max at Slow Process Corner)
  Requirement:            10.312ns  (clk_pl_0 rise@10.312ns - clk_pl_0 rise@0.000ns)
  Data Path Delay:        6.468ns  (logic 0.114ns (1.763%)  route 6.354ns (98.237%))
  Logic Levels:           0  
  Clock Path Skew:        -0.263ns (DCD - SCD + CPR)
    Destination Clock Delay (DCD):    2.904ns = ( 13.216 - 10.312 ) 
    Source Clock Delay      (SCD):    3.354ns
    Clock Pessimism Removal (CPR):    0.186ns
  Clock Uncertainty:      0.159ns  ((TSJ^2 + DJ^2)^1/2) / 2 + PE
    Total System Jitter     (TSJ):    0.071ns
    Discrete Jitter          (DJ):    0.310ns
    Phase Error              (PE):    0.000ns
  Clock Net Delay (Source):      3.087ns (routing 1.579ns, distribution 1.508ns)
  Clock Net Delay (Destination): 2.688ns (routing 1.444ns, distribution 1.244ns)

    Location             Delay type                Incr(ns)  Path(ns)    Netlist Resource(s)
  -------------------------------------------------------------------    -------------------
                         (clock clk_pl_0 rise edge)
                                                      0.000     0.000 r  
    PS8_X0Y0             PS8                          0.000     0.000 r  cdc_asyn_fifo_axis_i/zynq_ultra_ps_e_0/inst/PS8_i/PLCLK[0]
                         net (fo=1, routed)           0.229     0.229    cdc_asyn_fifo_axis_i/zynq_ultra_ps_e_0/inst/pl_clk_unbuffered[0]
    BUFG_PS_X0Y81        BUFG_PS (Prop_BUFG_PS_I_O)
                                                      0.038     0.267 r  cdc_asyn_fifo_axis_i/zynq_ultra_ps_e_0/inst/buffer_pl_clk_0.PL_CLK_0_BUFG/O
    X1Y1 (CLOCK_ROOT)    net (fo=15566, routed)       3.087     3.354    cdc_asyn_fifo_axis_i/axi_bram_ctrl_0/U0/gext_inst.abcv4_0_ext_inst/GEN_AXI4.I_FULL_AXI/s_axi_aclk
    SLICE_X22Y112        FDRE                                         r  cdc_asyn_fifo_axis_i/axi_bram_ctrl_0/U0/gext_inst.abcv4_0_ext_inst/GEN_AXI4.I_FULL_AXI/ADDR_SNG_PORT.bram_addr_int_reg[2]/C
  -------------------------------------------------------------------    -------------------
    SLICE_X22Y112        FDRE (Prop_EFF_SLICEL_C_Q)
                                                      0.114     3.468 r  cdc_asyn_fifo_axis_i/axi_bram_ctrl_0/U0/gext_inst.abcv4_0_ext_inst/GEN_AXI4.I_FULL_AXI/ADDR_SNG_PORT.bram_addr_int_reg[2]/Q
                         net (fo=135, routed)         6.354     9.821    cdc_asyn_fifo_axis_i/blk_mem_gen_0/U0/inst_blk_mem_gen/gnbram.gnative_mem_map_bmg.native_mem_map_blk_mem_gen/valid.cstr/ramloop[27].ram.r/prim_noinit.ram/addra[0]
    RAMB36_X0Y45         RAMB36E2                                     r  cdc_asyn_fifo_axis_i/blk_mem_gen_0/U0/inst_blk_mem_gen/gnbram.gnative_mem_map_bmg.native_mem_map_blk_mem_gen/valid.cstr/ramloop[27].ram.r/prim_noinit.ram/DEVICE_8SERIES.WITH_BMM_INFO.SP.CASCADED_PRIM36.ram_T/ADDRARDADDR[0]
  -------------------------------------------------------------------    -------------------

                         (clock clk_pl_0 rise edge)
                                                     10.312    10.312 r  
    PS8_X0Y0             PS8                          0.000    10.312 r  cdc_asyn_fifo_axis_i/zynq_ultra_ps_e_0/inst/PS8_i/PLCLK[0]
                         net (fo=1, routed)           0.181    10.493    cdc_asyn_fifo_axis_i/zynq_ultra_ps_e_0/inst/pl_clk_unbuffered[0]
    BUFG_PS_X0Y81        BUFG_PS (Prop_BUFG_PS_I_O)
                                                      0.035    10.528 r  cdc_asyn_fifo_axis_i/zynq_ultra_ps_e_0/inst/buffer_pl_clk_0.PL_CLK_0_BUFG/O
    X1Y1 (CLOCK_ROOT)    net (fo=15566, routed)       2.688    13.216    cdc_asyn_fifo_axis_i/blk_mem_gen_0/U0/inst_blk_mem_gen/gnbram.gnative_mem_map_bmg.native_mem_map_blk_mem_gen/valid.cstr/ramloop[27].ram.r/prim_noinit.ram/clka
    RAMB36_X0Y45         RAMB36E2                                     r  cdc_asyn_fifo_axis_i/blk_mem_gen_0/U0/inst_blk_mem_gen/gnbram.gnative_mem_map_bmg.native_mem_map_blk_mem_gen/valid.cstr/ramloop[27].ram.r/prim_noinit.ram/DEVICE_8SERIES.WITH_BMM_INFO.SP.CASCADED_PRIM36.ram_T/CLKARDCLK
                         clock pessimism              0.186    13.402    
                         clock uncertainty           -0.159    13.243    
    RAMB36_X0Y45         RAMB36E2 (Setup_RAMB36E2_RAMB36_CLKARDCLK_ADDRARDADDR[0])
                                                     -0.565    12.678    cdc_asyn_fifo_axis_i/blk_mem_gen_0/U0/inst_blk_mem_gen/gnbram.gnative_mem_map_bmg.native_mem_map_blk_mem_gen/valid.cstr/ramloop[27].ram.r/prim_noinit.ram/DEVICE_8SERIES.WITH_BMM_INFO.SP.CASCADED_PRIM36.ram_T
  -------------------------------------------------------------------
                         required time                         12.678    
                         arrival time                          -9.821    
  -------------------------------------------------------------------
                         slack                                  2.857    





Min Delay Paths
--------------------------------------------------------------------------------------
Slack (MET) :             0.009ns  (arrival time - required time)
  Source:                 cdc_asyn_fifo_axis_i/axi_dma_0/U0/I_AXI_DMA_REG_MODULE/GEN_S2MM_REGISTERS.I_S2MM_DMA_REGISTER/GEN_REG_FOR_SMPL.buffer_address_i_reg[31]/C
                            (rising edge-triggered cell FDRE clocked by clk_pl_0  {rise@0.000ns fall@5.156ns period=10.312ns})
  Destination:            cdc_asyn_fifo_axis_i/axi_dma_0/U0/INCLUDE_S2MM_SOF_EOF_GENERATOR.I_S2MM_DMA_MNGR/GEN_S2MM_DMA_CONTROL.GEN_SIMPLE_DMA_MODE.I_S2MM_SMPL_SM/GEN_CMD_BTT_LESS_23.cmnd_data_reg[66]/D
                            (rising edge-triggered cell FDRE clocked by clk_pl_0  {rise@0.000ns fall@5.156ns period=10.312ns})
  Path Group:             clk_pl_0
  Path Type:              Hold (Min at Slow Process Corner)
  Requirement:            0.000ns  (clk_pl_0 rise@0.000ns - clk_pl_0 rise@0.000ns)
  Data Path Delay:        0.343ns  (logic 0.111ns (32.395%)  route 0.232ns (67.605%))
  Logic Levels:           0  
  Clock Path Skew:        0.231ns (DCD - SCD - CPR)
    Destination Clock Delay (DCD):    3.416ns
    Source Clock Delay      (SCD):    2.998ns
    Clock Pessimism Removal (CPR):    0.186ns
  Clock Net Delay (Source):      2.782ns (routing 1.444ns, distribution 1.338ns)
  Clock Net Delay (Destination): 3.149ns (routing 1.579ns, distribution 1.570ns)

    Location             Delay type                Incr(ns)  Path(ns)    Netlist Resource(s)
  -------------------------------------------------------------------    -------------------
                         (clock clk_pl_0 rise edge)
                                                      0.000     0.000 r  
    PS8_X0Y0             PS8                          0.000     0.000 r  cdc_asyn_fifo_axis_i/zynq_ultra_ps_e_0/inst/PS8_i/PLCLK[0]
                         net (fo=1, routed)           0.181     0.181    cdc_asyn_fifo_axis_i/zynq_ultra_ps_e_0/inst/pl_clk_unbuffered[0]
    BUFG_PS_X0Y81        BUFG_PS (Prop_BUFG_PS_I_O)
                                                      0.035     0.216 r  cdc_asyn_fifo_axis_i/zynq_ultra_ps_e_0/inst/buffer_pl_clk_0.PL_CLK_0_BUFG/O
    X1Y1 (CLOCK_ROOT)    net (fo=15566, routed)       2.782     2.998    cdc_asyn_fifo_axis_i/axi_dma_0/U0/I_AXI_DMA_REG_MODULE/GEN_S2MM_REGISTERS.I_S2MM_DMA_REGISTER/s_axi_lite_aclk
    SLICE_X21Y116        FDRE                                         r  cdc_asyn_fifo_axis_i/axi_dma_0/U0/I_AXI_DMA_REG_MODULE/GEN_S2MM_REGISTERS.I_S2MM_DMA_REGISTER/GEN_REG_FOR_SMPL.buffer_address_i_reg[31]/C
  -------------------------------------------------------------------    -------------------
    SLICE_X21Y116        FDRE (Prop_BFF_SLICEM_C_Q)
                                                      0.111     3.109 r  cdc_asyn_fifo_axis_i/axi_dma_0/U0/I_AXI_DMA_REG_MODULE/GEN_S2MM_REGISTERS.I_S2MM_DMA_REGISTER/GEN_REG_FOR_SMPL.buffer_address_i_reg[31]/Q
                         net (fo=2, routed)           0.232     3.341    cdc_asyn_fifo_axis_i/axi_dma_0/U0/INCLUDE_S2MM_SOF_EOF_GENERATOR.I_S2MM_DMA_MNGR/GEN_S2MM_DMA_CONTROL.GEN_SIMPLE_DMA_MODE.I_S2MM_SMPL_SM/GEN_CMD_BTT_LESS_23.cmnd_data_reg[66]_1[31]
    SLICE_X21Y120        FDRE                                         r  cdc_asyn_fifo_axis_i/axi_dma_0/U0/INCLUDE_S2MM_SOF_EOF_GENERATOR.I_S2MM_DMA_MNGR/GEN_S2MM_DMA_CONTROL.GEN_SIMPLE_DMA_MODE.I_S2MM_SMPL_SM/GEN_CMD_BTT_LESS_23.cmnd_data_reg[66]/D
  -------------------------------------------------------------------    -------------------

                         (clock clk_pl_0 rise edge)
                                                      0.000     0.000 r  
    PS8_X0Y0             PS8                          0.000     0.000 r  cdc_asyn_fifo_axis_i/zynq_ultra_ps_e_0/inst/PS8_i/PLCLK[0]
                         net (fo=1, routed)           0.229     0.229    cdc_asyn_fifo_axis_i/zynq_ultra_ps_e_0/inst/pl_clk_unbuffered[0]
    BUFG_PS_X0Y81        BUFG_PS (Prop_BUFG_PS_I_O)
                                                      0.038     0.267 r  cdc_asyn_fifo_axis_i/zynq_ultra_ps_e_0/inst/buffer_pl_clk_0.PL_CLK_0_BUFG/O
    X1Y1 (CLOCK_ROOT)    net (fo=15566, routed)       3.149     3.416    cdc_asyn_fifo_axis_i/axi_dma_0/U0/INCLUDE_S2MM_SOF_EOF_GENERATOR.I_S2MM_DMA_MNGR/GEN_S2MM_DMA_CONTROL.GEN_SIMPLE_DMA_MODE.I_S2MM_SMPL_SM/s_axi_lite_aclk
    SLICE_X21Y120        FDRE                                         r  cdc_asyn_fifo_axis_i/axi_dma_0/U0/INCLUDE_S2MM_SOF_EOF_GENERATOR.I_S2MM_DMA_MNGR/GEN_S2MM_DMA_CONTROL.GEN_SIMPLE_DMA_MODE.I_S2MM_SMPL_SM/GEN_CMD_BTT_LESS_23.cmnd_data_reg[66]/C
                         clock pessimism             -0.186     3.230    
    SLICE_X21Y120        FDRE (Hold_CFF2_SLICEM_C_D)
                                                      0.102     3.332    cdc_asyn_fifo_axis_i/axi_dma_0/U0/INCLUDE_S2MM_SOF_EOF_GENERATOR.I_S2MM_DMA_MNGR/GEN_S2MM_DMA_CONTROL.GEN_SIMPLE_DMA_MODE.I_S2MM_SMPL_SM/GEN_CMD_BTT_LESS_23.cmnd_data_reg[66]
  -------------------------------------------------------------------
                         required time                         -3.332    
                         arrival time                           3.341    
  -------------------------------------------------------------------
                         slack                                  0.009    

Slack (MET) :             0.010ns  (arrival time - required time)
  Source:                 cdc_asyn_fifo_axis_i/smartconnect_0/inst/s00_entry_pipeline/s00_si_converter/inst/converter.wrap_narrow_inst/gen_thread_loop[3].r_payld_fifo/mesg_reg_reg[106]/C
                            (rising edge-triggered cell FDRE clocked by clk_pl_0  {rise@0.000ns fall@5.156ns period=10.312ns})
  Destination:            cdc_asyn_fifo_axis_i/smartconnect_0/inst/s00_entry_pipeline/s00_si_converter/inst/converter.wrap_narrow_inst/gen_thread_loop[3].r_shelf_reg[3][106]/D
                            (rising edge-triggered cell FDRE clocked by clk_pl_0  {rise@0.000ns fall@5.156ns period=10.312ns})
  Path Group:             clk_pl_0
  Path Type:              Hold (Min at Slow Process Corner)
  Requirement:            0.000ns  (clk_pl_0 rise@0.000ns - clk_pl_0 rise@0.000ns)
  Data Path Delay:        0.234ns  (logic 0.114ns (48.718%)  route 0.120ns (51.282%))
  Logic Levels:           0  
  Clock Path Skew:        0.121ns (DCD - SCD - CPR)
    Destination Clock Delay (DCD):    3.402ns
    Source Clock Delay      (SCD):    3.039ns
    Clock Pessimism Removal (CPR):    0.241ns
  Clock Net Delay (Source):      2.823ns (routing 1.444ns, distribution 1.379ns)
  Clock Net Delay (Destination): 3.135ns (routing 1.579ns, distribution 1.556ns)

    Location             Delay type                Incr(ns)  Path(ns)    Netlist Resource(s)
  -------------------------------------------------------------------    -------------------
                         (clock clk_pl_0 rise edge)
                                                      0.000     0.000 r  
    PS8_X0Y0             PS8                          0.000     0.000 r  cdc_asyn_fifo_axis_i/zynq_ultra_ps_e_0/inst/PS8_i/PLCLK[0]
                         net (fo=1, routed)           0.181     0.181    cdc_asyn_fifo_axis_i/zynq_ultra_ps_e_0/inst/pl_clk_unbuffered[0]
    BUFG_PS_X0Y81        BUFG_PS (Prop_BUFG_PS_I_O)
                                                      0.035     0.216 r  cdc_asyn_fifo_axis_i/zynq_ultra_ps_e_0/inst/buffer_pl_clk_0.PL_CLK_0_BUFG/O
    X1Y1 (CLOCK_ROOT)    net (fo=15566, routed)       2.823     3.039    cdc_asyn_fifo_axis_i/smartconnect_0/inst/s00_entry_pipeline/s00_si_converter/inst/converter.wrap_narrow_inst/gen_thread_loop[3].r_payld_fifo/aclk
    SLICE_X4Y85          FDRE                                         r  cdc_asyn_fifo_axis_i/smartconnect_0/inst/s00_entry_pipeline/s00_si_converter/inst/converter.wrap_narrow_inst/gen_thread_loop[3].r_payld_fifo/mesg_reg_reg[106]/C
  -------------------------------------------------------------------    -------------------
    SLICE_X4Y85          FDRE (Prop_BFF2_SLICEM_C_Q)
                                                      0.114     3.153 r  cdc_asyn_fifo_axis_i/smartconnect_0/inst/s00_entry_pipeline/s00_si_converter/inst/converter.wrap_narrow_inst/gen_thread_loop[3].r_payld_fifo/mesg_reg_reg[106]/Q
                         net (fo=2, routed)           0.120     3.273    cdc_asyn_fifo_axis_i/smartconnect_0/inst/s00_entry_pipeline/s00_si_converter/inst/converter.wrap_narrow_inst/r_payld_i[3]_9[106]
    SLICE_X3Y86          FDRE                                         r  cdc_asyn_fifo_axis_i/smartconnect_0/inst/s00_entry_pipeline/s00_si_converter/inst/converter.wrap_narrow_inst/gen_thread_loop[3].r_shelf_reg[3][106]/D
  -------------------------------------------------------------------    -------------------

                         (clock clk_pl_0 rise edge)
                                                      0.000     0.000 r  
    PS8_X0Y0             PS8                          0.000     0.000 r  cdc_asyn_fifo_axis_i/zynq_ultra_ps_e_0/inst/PS8_i/PLCLK[0]
                         net (fo=1, routed)           0.229     0.229    cdc_asyn_fifo_axis_i/zynq_ultra_ps_e_0/inst/pl_clk_unbuffered[0]
    BUFG_PS_X0Y81        BUFG_PS (Prop_BUFG_PS_I_O)
                                                      0.038     0.267 r  cdc_asyn_fifo_axis_i/zynq_ultra_ps_e_0/inst/buffer_pl_clk_0.PL_CLK_0_BUFG/O
    X1Y1 (CLOCK_ROOT)    net (fo=15566, routed)       3.135     3.402    cdc_asyn_fifo_axis_i/smartconnect_0/inst/s00_entry_pipeline/s00_si_converter/inst/converter.wrap_narrow_inst/aclk
    SLICE_X3Y86          FDRE                                         r  cdc_asyn_fifo_axis_i/smartconnect_0/inst/s00_entry_pipeline/s00_si_converter/inst/converter.wrap_narrow_inst/gen_thread_loop[3].r_shelf_reg[3][106]/C
                         clock pessimism             -0.241     3.161    
    SLICE_X3Y86          FDRE (Hold_HFF2_SLICEL_C_D)
                                                      0.103     3.264    cdc_asyn_fifo_axis_i/smartconnect_0/inst/s00_entry_pipeline/s00_si_converter/inst/converter.wrap_narrow_inst/gen_thread_loop[3].r_shelf_reg[3][106]
  -------------------------------------------------------------------
                         required time                         -3.264    
                         arrival time                           3.273    
  -------------------------------------------------------------------
                         slack                                  0.010    

Slack (MET) :             0.011ns  (arrival time - required time)
  Source:                 cdc_asyn_fifo_axis_i/smartconnect_0/inst/s00_entry_pipeline/s00_si_converter/inst/converter.wrap_narrow_inst/gen_thread_loop[3].r_payld_fifo/mesg_reg_reg[138]/C
                            (rising edge-triggered cell FDRE clocked by clk_pl_0  {rise@0.000ns fall@5.156ns period=10.312ns})
  Destination:            cdc_asyn_fifo_axis_i/smartconnect_0/inst/s00_entry_pipeline/s00_si_converter/inst/converter.wrap_narrow_inst/gen_thread_loop[3].r_shelf_reg[3][138]/D
                            (rising edge-triggered cell FDRE clocked by clk_pl_0  {rise@0.000ns fall@5.156ns period=10.312ns})
  Path Group:             clk_pl_0
  Path Type:              Hold (Min at Slow Process Corner)
  Requirement:            0.000ns  (clk_pl_0 rise@0.000ns - clk_pl_0 rise@0.000ns)
  Data Path Delay:        0.237ns  (logic 0.114ns (48.045%)  route 0.123ns (51.956%))
  Logic Levels:           0  
  Clock Path Skew:        0.125ns (DCD - SCD - CPR)
    Destination Clock Delay (DCD):    3.372ns
    Source Clock Delay      (SCD):    3.005ns
    Clock Pessimism Removal (CPR):    0.241ns
  Clock Net Delay (Source):      2.789ns (routing 1.444ns, distribution 1.345ns)
  Clock Net Delay (Destination): 3.105ns (routing 1.579ns, distribution 1.526ns)

    Location             Delay type                Incr(ns)  Path(ns)    Netlist Resource(s)
  -------------------------------------------------------------------    -------------------
                         (clock clk_pl_0 rise edge)
                                                      0.000     0.000 r  
    PS8_X0Y0             PS8                          0.000     0.000 r  cdc_asyn_fifo_axis_i/zynq_ultra_ps_e_0/inst/PS8_i/PLCLK[0]
                         net (fo=1, routed)           0.181     0.181    cdc_asyn_fifo_axis_i/zynq_ultra_ps_e_0/inst/pl_clk_unbuffered[0]
    BUFG_PS_X0Y81        BUFG_PS (Prop_BUFG_PS_I_O)
                                                      0.035     0.216 r  cdc_asyn_fifo_axis_i/zynq_ultra_ps_e_0/inst/buffer_pl_clk_0.PL_CLK_0_BUFG/O
    X1Y1 (CLOCK_ROOT)    net (fo=15566, routed)       2.789     3.005    cdc_asyn_fifo_axis_i/smartconnect_0/inst/s00_entry_pipeline/s00_si_converter/inst/converter.wrap_narrow_inst/gen_thread_loop[3].r_payld_fifo/aclk
    SLICE_X12Y98         FDRE                                         r  cdc_asyn_fifo_axis_i/smartconnect_0/inst/s00_entry_pipeline/s00_si_converter/inst/converter.wrap_narrow_inst/gen_thread_loop[3].r_payld_fifo/mesg_reg_reg[138]/C
  -------------------------------------------------------------------    -------------------
    SLICE_X12Y98         FDRE (Prop_BFF2_SLICEM_C_Q)
                                                      0.114     3.119 r  cdc_asyn_fifo_axis_i/smartconnect_0/inst/s00_entry_pipeline/s00_si_converter/inst/converter.wrap_narrow_inst/gen_thread_loop[3].r_payld_fifo/mesg_reg_reg[138]/Q
                         net (fo=2, routed)           0.123     3.242    cdc_asyn_fifo_axis_i/smartconnect_0/inst/s00_entry_pipeline/s00_si_converter/inst/converter.wrap_narrow_inst/r_payld_i[3]_9[138]
    SLICE_X13Y98         FDRE                                         r  cdc_asyn_fifo_axis_i/smartconnect_0/inst/s00_entry_pipeline/s00_si_converter/inst/converter.wrap_narrow_inst/gen_thread_loop[3].r_shelf_reg[3][138]/D
  -------------------------------------------------------------------    -------------------

                         (clock clk_pl_0 rise edge)
                                                      0.000     0.000 r  
    PS8_X0Y0             PS8                          0.000     0.000 r  cdc_asyn_fifo_axis_i/zynq_ultra_ps_e_0/inst/PS8_i/PLCLK[0]
                         net (fo=1, routed)           0.229     0.229    cdc_asyn_fifo_axis_i/zynq_ultra_ps_e_0/inst/pl_clk_unbuffered[0]
    BUFG_PS_X0Y81        BUFG_PS (Prop_BUFG_PS_I_O)
                                                      0.038     0.267 r  cdc_asyn_fifo_axis_i/zynq_ultra_ps_e_0/inst/buffer_pl_clk_0.PL_CLK_0_BUFG/O
    X1Y1 (CLOCK_ROOT)    net (fo=15566, routed)       3.105     3.372    cdc_asyn_fifo_axis_i/smartconnect_0/inst/s00_entry_pipeline/s00_si_converter/inst/converter.wrap_narrow_inst/aclk
    SLICE_X13Y98         FDRE                                         r  cdc_asyn_fifo_axis_i/smartconnect_0/inst/s00_entry_pipeline/s00_si_converter/inst/converter.wrap_narrow_inst/gen_thread_loop[3].r_shelf_reg[3][138]/C
                         clock pessimism             -0.241     3.130    
    SLICE_X13Y98         FDRE (Hold_HFF_SLICEM_C_D)
                                                      0.101     3.231    cdc_asyn_fifo_axis_i/smartconnect_0/inst/s00_entry_pipeline/s00_si_converter/inst/converter.wrap_narrow_inst/gen_thread_loop[3].r_shelf_reg[3][138]
  -------------------------------------------------------------------
                         required time                         -3.231    
                         arrival time                           3.242    
  -------------------------------------------------------------------
                         slack                                  0.011    

Slack (MET) :             0.011ns  (arrival time - required time)
  Source:                 cdc_asyn_fifo_axis_i/axi_dma_0/U0/I_AXI_DMA_REG_MODULE/GEN_S2MM_REGISTERS.I_S2MM_DMA_REGISTER/GEN_REG_FOR_SMPL.buffer_address_i_reg[9]/C
                            (rising edge-triggered cell FDRE clocked by clk_pl_0  {rise@0.000ns fall@5.156ns period=10.312ns})
  Destination:            cdc_asyn_fifo_axis_i/axi_dma_0/U0/INCLUDE_S2MM_SOF_EOF_GENERATOR.I_S2MM_DMA_MNGR/GEN_S2MM_DMA_CONTROL.GEN_SIMPLE_DMA_MODE.I_S2MM_SMPL_SM/GEN_CMD_BTT_LESS_23.cmnd_data_reg[44]/D
                            (rising edge-triggered cell FDRE clocked by clk_pl_0  {rise@0.000ns fall@5.156ns period=10.312ns})
  Path Group:             clk_pl_0
  Path Type:              Hold (Min at Slow Process Corner)
  Requirement:            0.000ns  (clk_pl_0 rise@0.000ns - clk_pl_0 rise@0.000ns)
  Data Path Delay:        0.296ns  (logic 0.114ns (38.468%)  route 0.182ns (61.532%))
  Logic Levels:           0  
  Clock Path Skew:        0.184ns (DCD - SCD - CPR)
    Destination Clock Delay (DCD):    3.212ns
    Source Clock Delay      (SCD):    2.842ns
    Clock Pessimism Removal (CPR):    0.186ns
  Clock Net Delay (Source):      2.626ns (routing 1.444ns, distribution 1.182ns)
  Clock Net Delay (Destination): 2.945ns (routing 1.579ns, distribution 1.366ns)

    Location             Delay type                Incr(ns)  Path(ns)    Netlist Resource(s)
  -------------------------------------------------------------------    -------------------
                         (clock clk_pl_0 rise edge)
                                                      0.000     0.000 r  
    PS8_X0Y0             PS8                          0.000     0.000 r  cdc_asyn_fifo_axis_i/zynq_ultra_ps_e_0/inst/PS8_i/PLCLK[0]
                         net (fo=1, routed)           0.181     0.181    cdc_asyn_fifo_axis_i/zynq_ultra_ps_e_0/inst/pl_clk_unbuffered[0]
    BUFG_PS_X0Y81        BUFG_PS (Prop_BUFG_PS_I_O)
                                                      0.035     0.216 r  cdc_asyn_fifo_axis_i/zynq_ultra_ps_e_0/inst/buffer_pl_clk_0.PL_CLK_0_BUFG/O
    X1Y1 (CLOCK_ROOT)    net (fo=15566, routed)       2.626     2.842    cdc_asyn_fifo_axis_i/axi_dma_0/U0/I_AXI_DMA_REG_MODULE/GEN_S2MM_REGISTERS.I_S2MM_DMA_REGISTER/s_axi_lite_aclk
    SLICE_X23Y119        FDRE                                         r  cdc_asyn_fifo_axis_i/axi_dma_0/U0/I_AXI_DMA_REG_MODULE/GEN_S2MM_REGISTERS.I_S2MM_DMA_REGISTER/GEN_REG_FOR_SMPL.buffer_address_i_reg[9]/C
  -------------------------------------------------------------------    -------------------
    SLICE_X23Y119        FDRE (Prop_EFF2_SLICEL_C_Q)
                                                      0.114     2.956 r  cdc_asyn_fifo_axis_i/axi_dma_0/U0/I_AXI_DMA_REG_MODULE/GEN_S2MM_REGISTERS.I_S2MM_DMA_REGISTER/GEN_REG_FOR_SMPL.buffer_address_i_reg[9]/Q
                         net (fo=2, routed)           0.182     3.138    cdc_asyn_fifo_axis_i/axi_dma_0/U0/INCLUDE_S2MM_SOF_EOF_GENERATOR.I_S2MM_DMA_MNGR/GEN_S2MM_DMA_CONTROL.GEN_SIMPLE_DMA_MODE.I_S2MM_SMPL_SM/GEN_CMD_BTT_LESS_23.cmnd_data_reg[66]_1[9]
    SLICE_X23Y121        FDRE                                         r  cdc_asyn_fifo_axis_i/axi_dma_0/U0/INCLUDE_S2MM_SOF_EOF_GENERATOR.I_S2MM_DMA_MNGR/GEN_S2MM_DMA_CONTROL.GEN_SIMPLE_DMA_MODE.I_S2MM_SMPL_SM/GEN_CMD_BTT_LESS_23.cmnd_data_reg[44]/D
  -------------------------------------------------------------------    -------------------

                         (clock clk_pl_0 rise edge)
                                                      0.000     0.000 r  
    PS8_X0Y0             PS8                          0.000     0.000 r  cdc_asyn_fifo_axis_i/zynq_ultra_ps_e_0/inst/PS8_i/PLCLK[0]
                         net (fo=1, routed)           0.229     0.229    cdc_asyn_fifo_axis_i/zynq_ultra_ps_e_0/inst/pl_clk_unbuffered[0]
    BUFG_PS_X0Y81        BUFG_PS (Prop_BUFG_PS_I_O)
                                                      0.038     0.267 r  cdc_asyn_fifo_axis_i/zynq_ultra_ps_e_0/inst/buffer_pl_clk_0.PL_CLK_0_BUFG/O
    X1Y1 (CLOCK_ROOT)    net (fo=15566, routed)       2.945     3.212    cdc_asyn_fifo_axis_i/axi_dma_0/U0/INCLUDE_S2MM_SOF_EOF_GENERATOR.I_S2MM_DMA_MNGR/GEN_S2MM_DMA_CONTROL.GEN_SIMPLE_DMA_MODE.I_S2MM_SMPL_SM/s_axi_lite_aclk
    SLICE_X23Y121        FDRE                                         r  cdc_asyn_fifo_axis_i/axi_dma_0/U0/INCLUDE_S2MM_SOF_EOF_GENERATOR.I_S2MM_DMA_MNGR/GEN_S2MM_DMA_CONTROL.GEN_SIMPLE_DMA_MODE.I_S2MM_SMPL_SM/GEN_CMD_BTT_LESS_23.cmnd_data_reg[44]/C
                         clock pessimism             -0.186     3.026    
    SLICE_X23Y121        FDRE (Hold_FFF_SLICEL_C_D)
                                                      0.101     3.127    cdc_asyn_fifo_axis_i/axi_dma_0/U0/INCLUDE_S2MM_SOF_EOF_GENERATOR.I_S2MM_DMA_MNGR/GEN_S2MM_DMA_CONTROL.GEN_SIMPLE_DMA_MODE.I_S2MM_SMPL_SM/GEN_CMD_BTT_LESS_23.cmnd_data_reg[44]
  -------------------------------------------------------------------
                         required time                         -3.127    
                         arrival time                           3.138    
  -------------------------------------------------------------------
                         slack                                  0.011    

Slack (MET) :             0.012ns  (arrival time - required time)
  Source:                 cdc_asyn_fifo_axis_i/smartconnect_0/inst/s00_entry_pipeline/s00_si_converter/inst/converter.wrap_narrow_inst/gen_thread_loop[2].r_payld_fifo/mesg_reg_reg[110]/C
                            (rising edge-triggered cell FDRE clocked by clk_pl_0  {rise@0.000ns fall@5.156ns period=10.312ns})
  Destination:            cdc_asyn_fifo_axis_i/smartconnect_0/inst/s00_entry_pipeline/s00_si_converter/inst/converter.wrap_narrow_inst/gen_thread_loop[2].r_shelf_reg[2][110]/D
                            (rising edge-triggered cell FDRE clocked by clk_pl_0  {rise@0.000ns fall@5.156ns period=10.312ns})
  Path Group:             clk_pl_0
  Path Type:              Hold (Min at Slow Process Corner)
  Requirement:            0.000ns  (clk_pl_0 rise@0.000ns - clk_pl_0 rise@0.000ns)
  Data Path Delay:        0.246ns  (logic 0.114ns (46.341%)  route 0.132ns (53.659%))
  Logic Levels:           0  
  Clock Path Skew:        0.133ns (DCD - SCD - CPR)
    Destination Clock Delay (DCD):    3.396ns
    Source Clock Delay      (SCD):    3.021ns
    Clock Pessimism Removal (CPR):    0.241ns
  Clock Net Delay (Source):      2.805ns (routing 1.444ns, distribution 1.361ns)
  Clock Net Delay (Destination): 3.129ns (routing 1.579ns, distribution 1.550ns)

    Location             Delay type                Incr(ns)  Path(ns)    Netlist Resource(s)
  -------------------------------------------------------------------    -------------------
                         (clock clk_pl_0 rise edge)
                                                      0.000     0.000 r  
    PS8_X0Y0             PS8                          0.000     0.000 r  cdc_asyn_fifo_axis_i/zynq_ultra_ps_e_0/inst/PS8_i/PLCLK[0]
                         net (fo=1, routed)           0.181     0.181    cdc_asyn_fifo_axis_i/zynq_ultra_ps_e_0/inst/pl_clk_unbuffered[0]
    BUFG_PS_X0Y81        BUFG_PS (Prop_BUFG_PS_I_O)
                                                      0.035     0.216 r  cdc_asyn_fifo_axis_i/zynq_ultra_ps_e_0/inst/buffer_pl_clk_0.PL_CLK_0_BUFG/O
    X1Y1 (CLOCK_ROOT)    net (fo=15566, routed)       2.805     3.021    cdc_asyn_fifo_axis_i/smartconnect_0/inst/s00_entry_pipeline/s00_si_converter/inst/converter.wrap_narrow_inst/gen_thread_loop[2].r_payld_fifo/aclk
    SLICE_X7Y94          FDRE                                         r  cdc_asyn_fifo_axis_i/smartconnect_0/inst/s00_entry_pipeline/s00_si_converter/inst/converter.wrap_narrow_inst/gen_thread_loop[2].r_payld_fifo/mesg_reg_reg[110]/C
  -------------------------------------------------------------------    -------------------
    SLICE_X7Y94          FDRE (Prop_BFF2_SLICEM_C_Q)
                                                      0.114     3.135 r  cdc_asyn_fifo_axis_i/smartconnect_0/inst/s00_entry_pipeline/s00_si_converter/inst/converter.wrap_narrow_inst/gen_thread_loop[2].r_payld_fifo/mesg_reg_reg[110]/Q
                         net (fo=2, routed)           0.132     3.267    cdc_asyn_fifo_axis_i/smartconnect_0/inst/s00_entry_pipeline/s00_si_converter/inst/converter.wrap_narrow_inst/r_payld_i[2]_7[110]
    SLICE_X6Y95          FDRE                                         r  cdc_asyn_fifo_axis_i/smartconnect_0/inst/s00_entry_pipeline/s00_si_converter/inst/converter.wrap_narrow_inst/gen_thread_loop[2].r_shelf_reg[2][110]/D
  -------------------------------------------------------------------    -------------------

                         (clock clk_pl_0 rise edge)
                                                      0.000     0.000 r  
    PS8_X0Y0             PS8                          0.000     0.000 r  cdc_asyn_fifo_axis_i/zynq_ultra_ps_e_0/inst/PS8_i/PLCLK[0]
                         net (fo=1, routed)           0.229     0.229    cdc_asyn_fifo_axis_i/zynq_ultra_ps_e_0/inst/pl_clk_unbuffered[0]
    BUFG_PS_X0Y81        BUFG_PS (Prop_BUFG_PS_I_O)
                                                      0.038     0.267 r  cdc_asyn_fifo_axis_i/zynq_ultra_ps_e_0/inst/buffer_pl_clk_0.PL_CLK_0_BUFG/O
    X1Y1 (CLOCK_ROOT)    net (fo=15566, routed)       3.129     3.396    cdc_asyn_fifo_axis_i/smartconnect_0/inst/s00_entry_pipeline/s00_si_converter/inst/converter.wrap_narrow_inst/aclk
    SLICE_X6Y95          FDRE                                         r  cdc_asyn_fifo_axis_i/smartconnect_0/inst/s00_entry_pipeline/s00_si_converter/inst/converter.wrap_narrow_inst/gen_thread_loop[2].r_shelf_reg[2][110]/C
                         clock pessimism             -0.241     3.155    
    SLICE_X6Y95          FDRE (Hold_HFF_SLICEL_C_D)
                                                      0.101     3.256    cdc_asyn_fifo_axis_i/smartconnect_0/inst/s00_entry_pipeline/s00_si_converter/inst/converter.wrap_narrow_inst/gen_thread_loop[2].r_shelf_reg[2][110]
  -------------------------------------------------------------------
                         required time                         -3.256    
                         arrival time                           3.267    
  -------------------------------------------------------------------
                         slack                                  0.012    

Slack (MET) :             0.012ns  (arrival time - required time)
  Source:                 cdc_asyn_fifo_axis_i/smartconnect_0/inst/s02_nodes/s02_w_node/inst/inst_mi_handler/areset_r_reg/C
                            (rising edge-triggered cell FDRE clocked by clk_pl_0  {rise@0.000ns fall@5.156ns period=10.312ns})
  Destination:            cdc_asyn_fifo_axis_i/smartconnect_0/inst/s02_nodes/s02_w_node/inst/inst_mi_handler/gen_normal_area.gen_upsizer.inst_upsizer/upsizer_valid_reg/D
                            (rising edge-triggered cell FDRE clocked by clk_pl_0  {rise@0.000ns fall@5.156ns period=10.312ns})
  Path Group:             clk_pl_0
  Path Type:              Hold (Min at Slow Process Corner)
  Requirement:            0.000ns  (clk_pl_0 rise@0.000ns - clk_pl_0 rise@0.000ns)
  Data Path Delay:        0.354ns  (logic 0.234ns (66.175%)  route 0.120ns (33.825%))
  Logic Levels:           1  (LUT6=1)
  Clock Path Skew:        0.241ns (DCD - SCD - CPR)
    Destination Clock Delay (DCD):    3.434ns
    Source Clock Delay      (SCD):    3.007ns
    Clock Pessimism Removal (CPR):    0.186ns
  Clock Net Delay (Source):      2.791ns (routing 1.444ns, distribution 1.347ns)
  Clock Net Delay (Destination): 3.167ns (routing 1.579ns, distribution 1.588ns)

    Location             Delay type                Incr(ns)  Path(ns)    Netlist Resource(s)
  -------------------------------------------------------------------    -------------------
                         (clock clk_pl_0 rise edge)
                                                      0.000     0.000 r  
    PS8_X0Y0             PS8                          0.000     0.000 r  cdc_asyn_fifo_axis_i/zynq_ultra_ps_e_0/inst/PS8_i/PLCLK[0]
                         net (fo=1, routed)           0.181     0.181    cdc_asyn_fifo_axis_i/zynq_ultra_ps_e_0/inst/pl_clk_unbuffered[0]
    BUFG_PS_X0Y81        BUFG_PS (Prop_BUFG_PS_I_O)
                                                      0.035     0.216 r  cdc_asyn_fifo_axis_i/zynq_ultra_ps_e_0/inst/buffer_pl_clk_0.PL_CLK_0_BUFG/O
    X1Y1 (CLOCK_ROOT)    net (fo=15566, routed)       2.791     3.007    cdc_asyn_fifo_axis_i/smartconnect_0/inst/s02_nodes/s02_w_node/inst/inst_mi_handler/s_sc_aclk
    SLICE_X15Y119        FDRE                                         r  cdc_asyn_fifo_axis_i/smartconnect_0/inst/s02_nodes/s02_w_node/inst/inst_mi_handler/areset_r_reg/C
  -------------------------------------------------------------------    -------------------
    SLICE_X15Y119        FDRE (Prop_HFF_SLICEL_C_Q)
                                                      0.112     3.119 f  cdc_asyn_fifo_axis_i/smartconnect_0/inst/s02_nodes/s02_w_node/inst/inst_mi_handler/areset_r_reg/Q
                         net (fo=31, routed)          0.088     3.207    cdc_asyn_fifo_axis_i/smartconnect_0/inst/s02_nodes/s02_w_node/inst/inst_mi_handler/gen_normal_area.gen_upsizer.inst_upsizer/SR[0]
    SLICE_X15Y121        LUT6 (Prop_H6LUT_SLICEL_I0_O)
                                                      0.122     3.329 r  cdc_asyn_fifo_axis_i/smartconnect_0/inst/s02_nodes/s02_w_node/inst/inst_mi_handler/gen_normal_area.gen_upsizer.inst_upsizer/upsizer_valid_i_1/O
                         net (fo=1, routed)           0.032     3.361    cdc_asyn_fifo_axis_i/smartconnect_0/inst/s02_nodes/s02_w_node/inst/inst_mi_handler/gen_normal_area.gen_upsizer.inst_upsizer/upsizer_valid_i_1_n_0
    SLICE_X15Y121        FDRE                                         r  cdc_asyn_fifo_axis_i/smartconnect_0/inst/s02_nodes/s02_w_node/inst/inst_mi_handler/gen_normal_area.gen_upsizer.inst_upsizer/upsizer_valid_reg/D
  -------------------------------------------------------------------    -------------------

                         (clock clk_pl_0 rise edge)
                                                      0.000     0.000 r  
    PS8_X0Y0             PS8                          0.000     0.000 r  cdc_asyn_fifo_axis_i/zynq_ultra_ps_e_0/inst/PS8_i/PLCLK[0]
                         net (fo=1, routed)           0.229     0.229    cdc_asyn_fifo_axis_i/zynq_ultra_ps_e_0/inst/pl_clk_unbuffered[0]
    BUFG_PS_X0Y81        BUFG_PS (Prop_BUFG_PS_I_O)
                                                      0.038     0.267 r  cdc_asyn_fifo_axis_i/zynq_ultra_ps_e_0/inst/buffer_pl_clk_0.PL_CLK_0_BUFG/O
    X1Y1 (CLOCK_ROOT)    net (fo=15566, routed)       3.167     3.434    cdc_asyn_fifo_axis_i/smartconnect_0/inst/s02_nodes/s02_w_node/inst/inst_mi_handler/gen_normal_area.gen_upsizer.inst_upsizer/s_sc_aclk
    SLICE_X15Y121        FDRE                                         r  cdc_asyn_fifo_axis_i/smartconnect_0/inst/s02_nodes/s02_w_node/inst/inst_mi_handler/gen_normal_area.gen_upsizer.inst_upsizer/upsizer_valid_reg/C
                         clock pessimism             -0.186     3.248    
    SLICE_X15Y121        FDRE (Hold_HFF_SLICEL_C_D)
                                                      0.101     3.349    cdc_asyn_fifo_axis_i/smartconnect_0/inst/s02_nodes/s02_w_node/inst/inst_mi_handler/gen_normal_area.gen_upsizer.inst_upsizer/upsizer_valid_reg
  -------------------------------------------------------------------
                         required time                         -3.349    
                         arrival time                           3.361    
  -------------------------------------------------------------------
                         slack                                  0.012    

Slack (MET) :             0.013ns  (arrival time - required time)
  Source:                 cdc_asyn_fifo_axis_i/smartconnect_0/inst/s00_entry_pipeline/s00_si_converter/inst/converter.wrap_narrow_inst/gen_thread_loop[2].r_payld_fifo/mesg_reg_reg[96]/C
                            (rising edge-triggered cell FDRE clocked by clk_pl_0  {rise@0.000ns fall@5.156ns period=10.312ns})
  Destination:            cdc_asyn_fifo_axis_i/smartconnect_0/inst/s00_entry_pipeline/s00_si_converter/inst/converter.wrap_narrow_inst/gen_thread_loop[2].r_shelf_reg[2][96]/D
                            (rising edge-triggered cell FDRE clocked by clk_pl_0  {rise@0.000ns fall@5.156ns period=10.312ns})
  Path Group:             clk_pl_0
  Path Type:              Hold (Min at Slow Process Corner)
  Requirement:            0.000ns  (clk_pl_0 rise@0.000ns - clk_pl_0 rise@0.000ns)
  Data Path Delay:        0.247ns  (logic 0.115ns (46.559%)  route 0.132ns (53.441%))
  Logic Levels:           0  
  Clock Path Skew:        0.133ns (DCD - SCD - CPR)
    Destination Clock Delay (DCD):    3.396ns
    Source Clock Delay      (SCD):    3.021ns
    Clock Pessimism Removal (CPR):    0.241ns
  Clock Net Delay (Source):      2.805ns (routing 1.444ns, distribution 1.361ns)
  Clock Net Delay (Destination): 3.129ns (routing 1.579ns, distribution 1.550ns)

    Location             Delay type                Incr(ns)  Path(ns)    Netlist Resource(s)
  -------------------------------------------------------------------    -------------------
                         (clock clk_pl_0 rise edge)
                                                      0.000     0.000 r  
    PS8_X0Y0             PS8                          0.000     0.000 r  cdc_asyn_fifo_axis_i/zynq_ultra_ps_e_0/inst/PS8_i/PLCLK[0]
                         net (fo=1, routed)           0.181     0.181    cdc_asyn_fifo_axis_i/zynq_ultra_ps_e_0/inst/pl_clk_unbuffered[0]
    BUFG_PS_X0Y81        BUFG_PS (Prop_BUFG_PS_I_O)
                                                      0.035     0.216 r  cdc_asyn_fifo_axis_i/zynq_ultra_ps_e_0/inst/buffer_pl_clk_0.PL_CLK_0_BUFG/O
    X1Y1 (CLOCK_ROOT)    net (fo=15566, routed)       2.805     3.021    cdc_asyn_fifo_axis_i/smartconnect_0/inst/s00_entry_pipeline/s00_si_converter/inst/converter.wrap_narrow_inst/gen_thread_loop[2].r_payld_fifo/aclk
    SLICE_X7Y94          FDRE                                         r  cdc_asyn_fifo_axis_i/smartconnect_0/inst/s00_entry_pipeline/s00_si_converter/inst/converter.wrap_narrow_inst/gen_thread_loop[2].r_payld_fifo/mesg_reg_reg[96]/C
  -------------------------------------------------------------------    -------------------
    SLICE_X7Y94          FDRE (Prop_DFF2_SLICEM_C_Q)
                                                      0.115     3.136 r  cdc_asyn_fifo_axis_i/smartconnect_0/inst/s00_entry_pipeline/s00_si_converter/inst/converter.wrap_narrow_inst/gen_thread_loop[2].r_payld_fifo/mesg_reg_reg[96]/Q
                         net (fo=2, routed)           0.132     3.268    cdc_asyn_fifo_axis_i/smartconnect_0/inst/s00_entry_pipeline/s00_si_converter/inst/converter.wrap_narrow_inst/r_payld_i[2]_7[96]
    SLICE_X6Y95          FDRE                                         r  cdc_asyn_fifo_axis_i/smartconnect_0/inst/s00_entry_pipeline/s00_si_converter/inst/converter.wrap_narrow_inst/gen_thread_loop[2].r_shelf_reg[2][96]/D
  -------------------------------------------------------------------    -------------------

                         (clock clk_pl_0 rise edge)
                                                      0.000     0.000 r  
    PS8_X0Y0             PS8                          0.000     0.000 r  cdc_asyn_fifo_axis_i/zynq_ultra_ps_e_0/inst/PS8_i/PLCLK[0]
                         net (fo=1, routed)           0.229     0.229    cdc_asyn_fifo_axis_i/zynq_ultra_ps_e_0/inst/pl_clk_unbuffered[0]
    BUFG_PS_X0Y81        BUFG_PS (Prop_BUFG_PS_I_O)
                                                      0.038     0.267 r  cdc_asyn_fifo_axis_i/zynq_ultra_ps_e_0/inst/buffer_pl_clk_0.PL_CLK_0_BUFG/O
    X1Y1 (CLOCK_ROOT)    net (fo=15566, routed)       3.129     3.396    cdc_asyn_fifo_axis_i/smartconnect_0/inst/s00_entry_pipeline/s00_si_converter/inst/converter.wrap_narrow_inst/aclk
    SLICE_X6Y95          FDRE                                         r  cdc_asyn_fifo_axis_i/smartconnect_0/inst/s00_entry_pipeline/s00_si_converter/inst/converter.wrap_narrow_inst/gen_thread_loop[2].r_shelf_reg[2][96]/C
                         clock pessimism             -0.241     3.155    
    SLICE_X6Y95          FDRE (Hold_GFF_SLICEL_C_D)
                                                      0.101     3.256    cdc_asyn_fifo_axis_i/smartconnect_0/inst/s00_entry_pipeline/s00_si_converter/inst/converter.wrap_narrow_inst/gen_thread_loop[2].r_shelf_reg[2][96]
  -------------------------------------------------------------------
                         required time                         -3.256    
                         arrival time                           3.268    
  -------------------------------------------------------------------
                         slack                                  0.013    

Slack (MET) :             0.013ns  (arrival time - required time)
  Source:                 cdc_asyn_fifo_axis_i/axi_dma_0/U0/I_PRMRY_DATAMOVER/GEN_S2MM_FULL.I_S2MM_FULL_WRAPPER/GEN_INCLUDE_REALIGNER.I_S2MM_REALIGNER/GEN_INCLUDE_SCATTER.I_S2MM_SCATTER/I_MSSAI_SKID_BUF/sig_data_reg_out_reg[24]/C
                            (rising edge-triggered cell FDRE clocked by clk_pl_0  {rise@0.000ns fall@5.156ns period=10.312ns})
  Destination:            cdc_asyn_fifo_axis_i/axi_dma_0/U0/I_PRMRY_DATAMOVER/GEN_S2MM_FULL.I_S2MM_FULL_WRAPPER/GEN_ENABLE_INDET_BTT_SF.I_INDET_BTT/I_DATA_FIFO/BLK_MEM.I_SYNC_FIFOGEN_FIFO/xpm_fifo_instance.xpm_fifo_sync_inst/xpm_fifo_base_inst/gen_sdpram.xpm_memory_base_inst/gen_wr_a.gen_word_narrow.mem_reg/DINADIN[24]
                            (rising edge-triggered cell RAMB36E2 clocked by clk_pl_0  {rise@0.000ns fall@5.156ns period=10.312ns})
  Path Group:             clk_pl_0
  Path Type:              Hold (Min at Slow Process Corner)
  Requirement:            0.000ns  (clk_pl_0 rise@0.000ns - clk_pl_0 rise@0.000ns)
  Data Path Delay:        0.219ns  (logic 0.112ns (51.142%)  route 0.107ns (48.858%))
  Logic Levels:           0  
  Clock Path Skew:        0.254ns (DCD - SCD - CPR)
    Destination Clock Delay (DCD):    3.459ns
    Source Clock Delay      (SCD):    2.960ns
    Clock Pessimism Removal (CPR):    0.244ns
  Clock Net Delay (Source):      2.744ns (routing 1.444ns, distribution 1.300ns)
  Clock Net Delay (Destination): 3.192ns (routing 1.579ns, distribution 1.613ns)

    Location             Delay type                Incr(ns)  Path(ns)    Netlist Resource(s)
  -------------------------------------------------------------------    -------------------
                         (clock clk_pl_0 rise edge)
                                                      0.000     0.000 r  
    PS8_X0Y0             PS8                          0.000     0.000 r  cdc_asyn_fifo_axis_i/zynq_ultra_ps_e_0/inst/PS8_i/PLCLK[0]
                         net (fo=1, routed)           0.181     0.181    cdc_asyn_fifo_axis_i/zynq_ultra_ps_e_0/inst/pl_clk_unbuffered[0]
    BUFG_PS_X0Y81        BUFG_PS (Prop_BUFG_PS_I_O)
                                                      0.035     0.216 r  cdc_asyn_fifo_axis_i/zynq_ultra_ps_e_0/inst/buffer_pl_clk_0.PL_CLK_0_BUFG/O
    X1Y1 (CLOCK_ROOT)    net (fo=15566, routed)       2.744     2.960    cdc_asyn_fifo_axis_i/axi_dma_0/U0/I_PRMRY_DATAMOVER/GEN_S2MM_FULL.I_S2MM_FULL_WRAPPER/GEN_INCLUDE_REALIGNER.I_S2MM_REALIGNER/GEN_INCLUDE_SCATTER.I_S2MM_SCATTER/I_MSSAI_SKID_BUF/s_axi_lite_aclk
    SLICE_X48Y117        FDRE                                         r  cdc_asyn_fifo_axis_i/axi_dma_0/U0/I_PRMRY_DATAMOVER/GEN_S2MM_FULL.I_S2MM_FULL_WRAPPER/GEN_INCLUDE_REALIGNER.I_S2MM_REALIGNER/GEN_INCLUDE_SCATTER.I_S2MM_SCATTER/I_MSSAI_SKID_BUF/sig_data_reg_out_reg[24]/C
  -------------------------------------------------------------------    -------------------
    SLICE_X48Y117        FDRE (Prop_DFF_SLICEL_C_Q)
                                                      0.112     3.072 r  cdc_asyn_fifo_axis_i/axi_dma_0/U0/I_PRMRY_DATAMOVER/GEN_S2MM_FULL.I_S2MM_FULL_WRAPPER/GEN_INCLUDE_REALIGNER.I_S2MM_REALIGNER/GEN_INCLUDE_SCATTER.I_S2MM_SCATTER/I_MSSAI_SKID_BUF/sig_data_reg_out_reg[24]/Q
                         net (fo=1, routed)           0.107     3.179    cdc_asyn_fifo_axis_i/axi_dma_0/U0/I_PRMRY_DATAMOVER/GEN_S2MM_FULL.I_S2MM_FULL_WRAPPER/GEN_ENABLE_INDET_BTT_SF.I_INDET_BTT/I_DATA_FIFO/BLK_MEM.I_SYNC_FIFOGEN_FIFO/xpm_fifo_instance.xpm_fifo_sync_inst/xpm_fifo_base_inst/gen_sdpram.xpm_memory_base_inst/dina[24]
    RAMB36_X1Y23         RAMB36E2                                     r  cdc_asyn_fifo_axis_i/axi_dma_0/U0/I_PRMRY_DATAMOVER/GEN_S2MM_FULL.I_S2MM_FULL_WRAPPER/GEN_ENABLE_INDET_BTT_SF.I_INDET_BTT/I_DATA_FIFO/BLK_MEM.I_SYNC_FIFOGEN_FIFO/xpm_fifo_instance.xpm_fifo_sync_inst/xpm_fifo_base_inst/gen_sdpram.xpm_memory_base_inst/gen_wr_a.gen_word_narrow.mem_reg/DINADIN[24]
  -------------------------------------------------------------------    -------------------

                         (clock clk_pl_0 rise edge)
                                                      0.000     0.000 r  
    PS8_X0Y0             PS8                          0.000     0.000 r  cdc_asyn_fifo_axis_i/zynq_ultra_ps_e_0/inst/PS8_i/PLCLK[0]
                         net (fo=1, routed)           0.229     0.229    cdc_asyn_fifo_axis_i/zynq_ultra_ps_e_0/inst/pl_clk_unbuffered[0]
    BUFG_PS_X0Y81        BUFG_PS (Prop_BUFG_PS_I_O)
                                                      0.038     0.267 r  cdc_asyn_fifo_axis_i/zynq_ultra_ps_e_0/inst/buffer_pl_clk_0.PL_CLK_0_BUFG/O
    X1Y1 (CLOCK_ROOT)    net (fo=15566, routed)       3.192     3.459    cdc_asyn_fifo_axis_i/axi_dma_0/U0/I_PRMRY_DATAMOVER/GEN_S2MM_FULL.I_S2MM_FULL_WRAPPER/GEN_ENABLE_INDET_BTT_SF.I_INDET_BTT/I_DATA_FIFO/BLK_MEM.I_SYNC_FIFOGEN_FIFO/xpm_fifo_instance.xpm_fifo_sync_inst/xpm_fifo_base_inst/gen_sdpram.xpm_memory_base_inst/clka
    RAMB36_X1Y23         RAMB36E2                                     r  cdc_asyn_fifo_axis_i/axi_dma_0/U0/I_PRMRY_DATAMOVER/GEN_S2MM_FULL.I_S2MM_FULL_WRAPPER/GEN_ENABLE_INDET_BTT_SF.I_INDET_BTT/I_DATA_FIFO/BLK_MEM.I_SYNC_FIFOGEN_FIFO/xpm_fifo_instance.xpm_fifo_sync_inst/xpm_fifo_base_inst/gen_sdpram.xpm_memory_base_inst/gen_wr_a.gen_word_narrow.mem_reg/CLKBWRCLK
                         clock pessimism             -0.244     3.215    
    RAMB36_X1Y23         RAMB36E2 (Hold_RAMB36E2_RAMB36_CLKBWRCLK_DINADIN[24])
                                                     -0.048     3.167    cdc_asyn_fifo_axis_i/axi_dma_0/U0/I_PRMRY_DATAMOVER/GEN_S2MM_FULL.I_S2MM_FULL_WRAPPER/GEN_ENABLE_INDET_BTT_SF.I_INDET_BTT/I_DATA_FIFO/BLK_MEM.I_SYNC_FIFOGEN_FIFO/xpm_fifo_instance.xpm_fifo_sync_inst/xpm_fifo_base_inst/gen_sdpram.xpm_memory_base_inst/gen_wr_a.gen_word_narrow.mem_reg
  -------------------------------------------------------------------
                         required time                         -3.167    
                         arrival time                           3.179    
  -------------------------------------------------------------------
                         slack                                  0.013    

Slack (MET) :             0.013ns  (arrival time - required time)
  Source:                 cdc_asyn_fifo_axis_i/smartconnect_0/inst/s00_entry_pipeline/s00_mmu/inst/aw_reg_stall/m_vector_i_reg[1083]/C
                            (rising edge-triggered cell FDRE clocked by clk_pl_0  {rise@0.000ns fall@5.156ns period=10.312ns})
  Destination:            cdc_asyn_fifo_axis_i/smartconnect_0/inst/s00_entry_pipeline/s00_transaction_regulator/inst/gen_endpoint.gen_w_multithread.w_multithread/gen_pipe.sr_acmd_reg[1083]/D
                            (rising edge-triggered cell FDRE clocked by clk_pl_0  {rise@0.000ns fall@5.156ns period=10.312ns})
  Path Group:             clk_pl_0
  Path Type:              Hold (Min at Slow Process Corner)
  Requirement:            0.000ns  (clk_pl_0 rise@0.000ns - clk_pl_0 rise@0.000ns)
  Data Path Delay:        0.334ns  (logic 0.114ns (34.132%)  route 0.220ns (65.868%))
  Logic Levels:           0  
  Clock Path Skew:        0.219ns (DCD - SCD - CPR)
    Destination Clock Delay (DCD):    3.440ns
    Source Clock Delay      (SCD):    3.035ns
    Clock Pessimism Removal (CPR):    0.186ns
  Clock Net Delay (Source):      2.819ns (routing 1.444ns, distribution 1.375ns)
  Clock Net Delay (Destination): 3.173ns (routing 1.579ns, distribution 1.594ns)

    Location             Delay type                Incr(ns)  Path(ns)    Netlist Resource(s)
  -------------------------------------------------------------------    -------------------
                         (clock clk_pl_0 rise edge)
                                                      0.000     0.000 r  
    PS8_X0Y0             PS8                          0.000     0.000 r  cdc_asyn_fifo_axis_i/zynq_ultra_ps_e_0/inst/PS8_i/PLCLK[0]
                         net (fo=1, routed)           0.181     0.181    cdc_asyn_fifo_axis_i/zynq_ultra_ps_e_0/inst/pl_clk_unbuffered[0]
    BUFG_PS_X0Y81        BUFG_PS (Prop_BUFG_PS_I_O)
                                                      0.035     0.216 r  cdc_asyn_fifo_axis_i/zynq_ultra_ps_e_0/inst/buffer_pl_clk_0.PL_CLK_0_BUFG/O
    X1Y1 (CLOCK_ROOT)    net (fo=15566, routed)       2.819     3.035    cdc_asyn_fifo_axis_i/smartconnect_0/inst/s00_entry_pipeline/s00_mmu/inst/aw_reg_stall/aclk
    SLICE_X0Y114         FDRE                                         r  cdc_asyn_fifo_axis_i/smartconnect_0/inst/s00_entry_pipeline/s00_mmu/inst/aw_reg_stall/m_vector_i_reg[1083]/C
  -------------------------------------------------------------------    -------------------
    SLICE_X0Y114         FDRE (Prop_AFF2_SLICEL_C_Q)
                                                      0.114     3.149 r  cdc_asyn_fifo_axis_i/smartconnect_0/inst/s00_entry_pipeline/s00_mmu/inst/aw_reg_stall/m_vector_i_reg[1083]/Q
                         net (fo=1, routed)           0.220     3.369    cdc_asyn_fifo_axis_i/smartconnect_0/inst/s00_entry_pipeline/s00_transaction_regulator/inst/gen_endpoint.gen_w_multithread.w_multithread/D[46]
    SLICE_X1Y127         FDRE                                         r  cdc_asyn_fifo_axis_i/smartconnect_0/inst/s00_entry_pipeline/s00_transaction_regulator/inst/gen_endpoint.gen_w_multithread.w_multithread/gen_pipe.sr_acmd_reg[1083]/D
  -------------------------------------------------------------------    -------------------

                         (clock clk_pl_0 rise edge)
                                                      0.000     0.000 r  
    PS8_X0Y0             PS8                          0.000     0.000 r  cdc_asyn_fifo_axis_i/zynq_ultra_ps_e_0/inst/PS8_i/PLCLK[0]
                         net (fo=1, routed)           0.229     0.229    cdc_asyn_fifo_axis_i/zynq_ultra_ps_e_0/inst/pl_clk_unbuffered[0]
    BUFG_PS_X0Y81        BUFG_PS (Prop_BUFG_PS_I_O)
                                                      0.038     0.267 r  cdc_asyn_fifo_axis_i/zynq_ultra_ps_e_0/inst/buffer_pl_clk_0.PL_CLK_0_BUFG/O
    X1Y1 (CLOCK_ROOT)    net (fo=15566, routed)       3.173     3.440    cdc_asyn_fifo_axis_i/smartconnect_0/inst/s00_entry_pipeline/s00_transaction_regulator/inst/gen_endpoint.gen_w_multithread.w_multithread/aclk
    SLICE_X1Y127         FDRE                                         r  cdc_asyn_fifo_axis_i/smartconnect_0/inst/s00_entry_pipeline/s00_transaction_regulator/inst/gen_endpoint.gen_w_multithread.w_multithread/gen_pipe.sr_acmd_reg[1083]/C
                         clock pessimism             -0.186     3.254    
    SLICE_X1Y127         FDRE (Hold_FFF2_SLICEM_C_D)
                                                      0.102     3.356    cdc_asyn_fifo_axis_i/smartconnect_0/inst/s00_entry_pipeline/s00_transaction_regulator/inst/gen_endpoint.gen_w_multithread.w_multithread/gen_pipe.sr_acmd_reg[1083]
  -------------------------------------------------------------------
                         required time                         -3.356    
                         arrival time                           3.369    
  -------------------------------------------------------------------
                         slack                                  0.013    

Slack (MET) :             0.014ns  (arrival time - required time)
  Source:                 cdc_asyn_fifo_axis_i/smartconnect_0/inst/m01_nodes/m01_r_node/inst/inst_mi_handler/gen_normal_area.gen_upsizer.inst_upsizer/gen_r_ch.accum_reg[bytes][9][userdata][3]/C
                            (rising edge-triggered cell FDRE clocked by clk_pl_0  {rise@0.000ns fall@5.156ns period=10.312ns})
  Destination:            cdc_asyn_fifo_axis_i/smartconnect_0/inst/m01_nodes/m01_r_node/inst/inst_mi_handler/gen_normal_area.inst_fifo_node_payld/gen_xpm_memory_fifo.inst_fifo/gen_mem_rep[0].inst_xpm_memory/xpm_memory_base_inst/gen_wr_a.gen_word_narrow.mem_reg_0_31_98_111/RAMA_D1/I
                            (rising edge-triggered cell RAMD32 clocked by clk_pl_0  {rise@0.000ns fall@5.156ns period=10.312ns})
  Path Group:             clk_pl_0
  Path Type:              Hold (Min at Slow Process Corner)
  Requirement:            0.000ns  (clk_pl_0 rise@0.000ns - clk_pl_0 rise@0.000ns)
  Data Path Delay:        0.279ns  (logic 0.112ns (40.143%)  route 0.167ns (59.857%))
  Logic Levels:           0  
  Clock Path Skew:        0.186ns (DCD - SCD - CPR)
    Destination Clock Delay (DCD):    3.435ns
    Source Clock Delay      (SCD):    3.008ns
    Clock Pessimism Removal (CPR):    0.241ns
  Clock Net Delay (Source):      2.792ns (routing 1.444ns, distribution 1.348ns)
  Clock Net Delay (Destination): 3.168ns (routing 1.579ns, distribution 1.589ns)

    Location             Delay type                Incr(ns)  Path(ns)    Netlist Resource(s)
  -------------------------------------------------------------------    -------------------
                         (clock clk_pl_0 rise edge)
                                                      0.000     0.000 r  
    PS8_X0Y0             PS8                          0.000     0.000 r  cdc_asyn_fifo_axis_i/zynq_ultra_ps_e_0/inst/PS8_i/PLCLK[0]
                         net (fo=1, routed)           0.181     0.181    cdc_asyn_fifo_axis_i/zynq_ultra_ps_e_0/inst/pl_clk_unbuffered[0]
    BUFG_PS_X0Y81        BUFG_PS (Prop_BUFG_PS_I_O)
                                                      0.035     0.216 r  cdc_asyn_fifo_axis_i/zynq_ultra_ps_e_0/inst/buffer_pl_clk_0.PL_CLK_0_BUFG/O
    X1Y1 (CLOCK_ROOT)    net (fo=15566, routed)       2.792     3.008    cdc_asyn_fifo_axis_i/smartconnect_0/inst/m01_nodes/m01_r_node/inst/inst_mi_handler/gen_normal_area.gen_upsizer.inst_upsizer/s_sc_aclk
    SLICE_X15Y86         FDRE                                         r  cdc_asyn_fifo_axis_i/smartconnect_0/inst/m01_nodes/m01_r_node/inst/inst_mi_handler/gen_normal_area.gen_upsizer.inst_upsizer/gen_r_ch.accum_reg[bytes][9][userdata][3]/C
  -------------------------------------------------------------------    -------------------
    SLICE_X15Y86         FDRE (Prop_GFF_SLICEL_C_Q)
                                                      0.112     3.120 r  cdc_asyn_fifo_axis_i/smartconnect_0/inst/m01_nodes/m01_r_node/inst/inst_mi_handler/gen_normal_area.gen_upsizer.inst_upsizer/gen_r_ch.accum_reg[bytes][9][userdata][3]/Q
                         net (fo=1, routed)           0.167     3.287    cdc_asyn_fifo_axis_i/smartconnect_0/inst/m01_nodes/m01_r_node/inst/inst_mi_handler/gen_normal_area.inst_fifo_node_payld/gen_xpm_memory_fifo.inst_fifo/gen_mem_rep[0].inst_xpm_memory/xpm_memory_base_inst/gen_wr_a.gen_word_narrow.mem_reg_0_31_98_111/DIA1
    SLICE_X13Y86         RAMD32                                       r  cdc_asyn_fifo_axis_i/smartconnect_0/inst/m01_nodes/m01_r_node/inst/inst_mi_handler/gen_normal_area.inst_fifo_node_payld/gen_xpm_memory_fifo.inst_fifo/gen_mem_rep[0].inst_xpm_memory/xpm_memory_base_inst/gen_wr_a.gen_word_narrow.mem_reg_0_31_98_111/RAMA_D1/I
  -------------------------------------------------------------------    -------------------

                         (clock clk_pl_0 rise edge)
                                                      0.000     0.000 r  
    PS8_X0Y0             PS8                          0.000     0.000 r  cdc_asyn_fifo_axis_i/zynq_ultra_ps_e_0/inst/PS8_i/PLCLK[0]
                         net (fo=1, routed)           0.229     0.229    cdc_asyn_fifo_axis_i/zynq_ultra_ps_e_0/inst/pl_clk_unbuffered[0]
    BUFG_PS_X0Y81        BUFG_PS (Prop_BUFG_PS_I_O)
                                                      0.038     0.267 r  cdc_asyn_fifo_axis_i/zynq_ultra_ps_e_0/inst/buffer_pl_clk_0.PL_CLK_0_BUFG/O
    X1Y1 (CLOCK_ROOT)    net (fo=15566, routed)       3.168     3.435    cdc_asyn_fifo_axis_i/smartconnect_0/inst/m01_nodes/m01_r_node/inst/inst_mi_handler/gen_normal_area.inst_fifo_node_payld/gen_xpm_memory_fifo.inst_fifo/gen_mem_rep[0].inst_xpm_memory/xpm_memory_base_inst/gen_wr_a.gen_word_narrow.mem_reg_0_31_98_111/WCLK
    SLICE_X13Y86         RAMD32                                       r  cdc_asyn_fifo_axis_i/smartconnect_0/inst/m01_nodes/m01_r_node/inst/inst_mi_handler/gen_normal_area.inst_fifo_node_payld/gen_xpm_memory_fifo.inst_fifo/gen_mem_rep[0].inst_xpm_memory/xpm_memory_base_inst/gen_wr_a.gen_word_narrow.mem_reg_0_31_98_111/RAMA_D1/CLK
                         clock pessimism             -0.241     3.194    
    SLICE_X13Y86         RAMD32 (Hold_A6LUT_SLICEM_CLK_I)
                                                      0.079     3.273    cdc_asyn_fifo_axis_i/smartconnect_0/inst/m01_nodes/m01_r_node/inst/inst_mi_handler/gen_normal_area.inst_fifo_node_payld/gen_xpm_memory_fifo.inst_fifo/gen_mem_rep[0].inst_xpm_memory/xpm_memory_base_inst/gen_wr_a.gen_word_narrow.mem_reg_0_31_98_111/RAMA_D1
  -------------------------------------------------------------------
                         required time                         -3.273    
                         arrival time                           3.287    
  -------------------------------------------------------------------
                         slack                                  0.014    





Pulse Width Checks
--------------------------------------------------------------------------------------
Clock Name:         clk_pl_0
Waveform(ns):       { 0.000 5.156 }
Period(ns):         10.312
Sources:            { cdc_asyn_fifo_axis_i/zynq_ultra_ps_e_0/inst/PS8_i/PLCLK[0] }

Check Type        Corner  Lib Pin             Reference Pin  Required(ns)  Actual(ns)  Slack(ns)  Location       Pin
Min Period        n/a     PS8/MAXIGP0ACLK     n/a            3.000         10.312      7.312      PS8_X0Y0       cdc_asyn_fifo_axis_i/zynq_ultra_ps_e_0/inst/PS8_i/MAXIGP0ACLK
Min Period        n/a     RAMB36E2/CLKARDCLK  n/a            1.709         10.312      8.603      RAMB36_X1Y20   cdc_asyn_fifo_axis_i/axi_dma_0/U0/I_PRMRY_DATAMOVER/GEN_MM2S_FULL.I_MM2S_FULL_WRAPPER/GEN_INCLUDE_MM2S_SF.I_RD_SF/I_DATA_FIFO/BLK_MEM.I_SYNC_FIFOGEN_FIFO/xpm_fifo_instance.xpm_fifo_sync_inst/xpm_fifo_base_inst/gen_sdpram.xpm_memory_base_inst/gen_wr_a.gen_word_narrow.mem_reg/CLKARDCLK
Min Period        n/a     RAMB36E2/CLKBWRCLK  n/a            1.709         10.312      8.603      RAMB36_X1Y20   cdc_asyn_fifo_axis_i/axi_dma_0/U0/I_PRMRY_DATAMOVER/GEN_MM2S_FULL.I_MM2S_FULL_WRAPPER/GEN_INCLUDE_MM2S_SF.I_RD_SF/I_DATA_FIFO/BLK_MEM.I_SYNC_FIFOGEN_FIFO/xpm_fifo_instance.xpm_fifo_sync_inst/xpm_fifo_base_inst/gen_sdpram.xpm_memory_base_inst/gen_wr_a.gen_word_narrow.mem_reg/CLKBWRCLK
Min Period        n/a     RAMB36E2/CLKARDCLK  n/a            1.709         10.312      8.603      RAMB36_X1Y23   cdc_asyn_fifo_axis_i/axi_dma_0/U0/I_PRMRY_DATAMOVER/GEN_S2MM_FULL.I_S2MM_FULL_WRAPPER/GEN_ENABLE_INDET_BTT_SF.I_INDET_BTT/I_DATA_FIFO/BLK_MEM.I_SYNC_FIFOGEN_FIFO/xpm_fifo_instance.xpm_fifo_sync_inst/xpm_fifo_base_inst/gen_sdpram.xpm_memory_base_inst/gen_wr_a.gen_word_narrow.mem_reg/CLKARDCLK
Min Period        n/a     RAMB36E2/CLKBWRCLK  n/a            1.709         10.312      8.603      RAMB36_X1Y23   cdc_asyn_fifo_axis_i/axi_dma_0/U0/I_PRMRY_DATAMOVER/GEN_S2MM_FULL.I_S2MM_FULL_WRAPPER/GEN_ENABLE_INDET_BTT_SF.I_INDET_BTT/I_DATA_FIFO/BLK_MEM.I_SYNC_FIFOGEN_FIFO/xpm_fifo_instance.xpm_fifo_sync_inst/xpm_fifo_base_inst/gen_sdpram.xpm_memory_base_inst/gen_wr_a.gen_word_narrow.mem_reg/CLKBWRCLK
Min Period        n/a     RAMB36E2/CLKBWRCLK  n/a            1.709         10.312      8.603      RAMB36_X1Y21   cdc_asyn_fifo_axis_i/axis_data_fifo_0/inst/gen_fifo.xpm_fifo_axis_inst/xpm_fifo_base_inst/gen_sdpram.xpm_memory_base_inst/gen_wr_a.gen_word_narrow.mem_reg/CLKBWRCLK
Min Period        n/a     RAMB36E2/CLKARDCLK  n/a            1.709         10.312      8.603      RAMB36_X1Y22   cdc_asyn_fifo_axis_i/axis_data_fifo_1/inst/gen_fifo.xpm_fifo_axis_inst/xpm_fifo_base_inst/gen_sdpram.xpm_memory_base_inst/gen_wr_a.gen_word_narrow.mem_reg/CLKARDCLK
Min Period        n/a     RAMB36E2/CLKARDCLK  n/a            1.709         10.312      8.603      RAMB36_X2Y10   cdc_asyn_fifo_axis_i/blk_mem_gen_0/U0/inst_blk_mem_gen/gnbram.gnative_mem_map_bmg.native_mem_map_blk_mem_gen/valid.cstr/ramloop[0].ram.r/prim_noinit.ram/DEVICE_8SERIES.WITH_BMM_INFO.SP.CASCADED_PRIM36.ram_B/CLKARDCLK
Min Period        n/a     RAMB36E2/CLKBWRCLK  n/a            1.709         10.312      8.603      RAMB36_X2Y10   cdc_asyn_fifo_axis_i/blk_mem_gen_0/U0/inst_blk_mem_gen/gnbram.gnative_mem_map_bmg.native_mem_map_blk_mem_gen/valid.cstr/ramloop[0].ram.r/prim_noinit.ram/DEVICE_8SERIES.WITH_BMM_INFO.SP.CASCADED_PRIM36.ram_B/CLKBWRCLK
Min Period        n/a     RAMB36E2/CLKARDCLK  n/a            1.709         10.312      8.603      RAMB36_X2Y11   cdc_asyn_fifo_axis_i/blk_mem_gen_0/U0/inst_blk_mem_gen/gnbram.gnative_mem_map_bmg.native_mem_map_blk_mem_gen/valid.cstr/ramloop[0].ram.r/prim_noinit.ram/DEVICE_8SERIES.WITH_BMM_INFO.SP.CASCADED_PRIM36.ram_T/CLKARDCLK
Low Pulse Width   Slow    PS8/MAXIGP0ACLK     n/a            1.500         5.156       3.656      PS8_X0Y0       cdc_asyn_fifo_axis_i/zynq_ultra_ps_e_0/inst/PS8_i/MAXIGP0ACLK
Low Pulse Width   Fast    PS8/MAXIGP0ACLK     n/a            1.500         5.156       3.656      PS8_X0Y0       cdc_asyn_fifo_axis_i/zynq_ultra_ps_e_0/inst/PS8_i/MAXIGP0ACLK
Low Pulse Width   Slow    SRL16E/CLK          n/a            0.762         5.156       4.394      SLICE_X25Y108  cdc_asyn_fifo_axis_i/axi_dma_0/U0/I_PRMRY_DATAMOVER/GEN_MM2S_FULL.I_MM2S_FULL_WRAPPER/I_ADDR_CNTL/GEN_ADDR_FIFO.I_ADDR_QUAL_FIFO/USE_SRL_FIFO.I_SYNC_FIFO/I_SRL_FIFO_RBU_F/DYNSHREG_F_I/INFERRED_GEN.data_reg[3][11]_srl4/CLK
Low Pulse Width   Fast    SRL16E/CLK          n/a            0.762         5.156       4.394      SLICE_X25Y108  cdc_asyn_fifo_axis_i/axi_dma_0/U0/I_PRMRY_DATAMOVER/GEN_MM2S_FULL.I_MM2S_FULL_WRAPPER/I_ADDR_CNTL/GEN_ADDR_FIFO.I_ADDR_QUAL_FIFO/USE_SRL_FIFO.I_SYNC_FIFO/I_SRL_FIFO_RBU_F/DYNSHREG_F_I/INFERRED_GEN.data_reg[3][11]_srl4/CLK
Low Pulse Width   Slow    SRL16E/CLK          n/a            0.762         5.156       4.394      SLICE_X25Y108  cdc_asyn_fifo_axis_i/axi_dma_0/U0/I_PRMRY_DATAMOVER/GEN_MM2S_FULL.I_MM2S_FULL_WRAPPER/I_ADDR_CNTL/GEN_ADDR_FIFO.I_ADDR_QUAL_FIFO/USE_SRL_FIFO.I_SYNC_FIFO/I_SRL_FIFO_RBU_F/DYNSHREG_F_I/INFERRED_GEN.data_reg[3][13]_srl4/CLK
Low Pulse Width   Fast    SRL16E/CLK          n/a            0.762         5.156       4.394      SLICE_X25Y108  cdc_asyn_fifo_axis_i/axi_dma_0/U0/I_PRMRY_DATAMOVER/GEN_MM2S_FULL.I_MM2S_FULL_WRAPPER/I_ADDR_CNTL/GEN_ADDR_FIFO.I_ADDR_QUAL_FIFO/USE_SRL_FIFO.I_SYNC_FIFO/I_SRL_FIFO_RBU_F/DYNSHREG_F_I/INFERRED_GEN.data_reg[3][13]_srl4/CLK
Low Pulse Width   Slow    SRL16E/CLK          n/a            0.762         5.156       4.394      SLICE_X25Y108  cdc_asyn_fifo_axis_i/axi_dma_0/U0/I_PRMRY_DATAMOVER/GEN_MM2S_FULL.I_MM2S_FULL_WRAPPER/I_ADDR_CNTL/GEN_ADDR_FIFO.I_ADDR_QUAL_FIFO/USE_SRL_FIFO.I_SYNC_FIFO/I_SRL_FIFO_RBU_F/DYNSHREG_F_I/INFERRED_GEN.data_reg[3][19]_srl4/CLK
Low Pulse Width   Fast    SRL16E/CLK          n/a            0.762         5.156       4.394      SLICE_X25Y108  cdc_asyn_fifo_axis_i/axi_dma_0/U0/I_PRMRY_DATAMOVER/GEN_MM2S_FULL.I_MM2S_FULL_WRAPPER/I_ADDR_CNTL/GEN_ADDR_FIFO.I_ADDR_QUAL_FIFO/USE_SRL_FIFO.I_SYNC_FIFO/I_SRL_FIFO_RBU_F/DYNSHREG_F_I/INFERRED_GEN.data_reg[3][19]_srl4/CLK
Low Pulse Width   Slow    SRL16E/CLK          n/a            0.762         5.156       4.394      SLICE_X25Y108  cdc_asyn_fifo_axis_i/axi_dma_0/U0/I_PRMRY_DATAMOVER/GEN_MM2S_FULL.I_MM2S_FULL_WRAPPER/I_ADDR_CNTL/GEN_ADDR_FIFO.I_ADDR_QUAL_FIFO/USE_SRL_FIFO.I_SYNC_FIFO/I_SRL_FIFO_RBU_F/DYNSHREG_F_I/INFERRED_GEN.data_reg[3][20]_srl4/CLK
Low Pulse Width   Fast    SRL16E/CLK          n/a            0.762         5.156       4.394      SLICE_X25Y108  cdc_asyn_fifo_axis_i/axi_dma_0/U0/I_PRMRY_DATAMOVER/GEN_MM2S_FULL.I_MM2S_FULL_WRAPPER/I_ADDR_CNTL/GEN_ADDR_FIFO.I_ADDR_QUAL_FIFO/USE_SRL_FIFO.I_SYNC_FIFO/I_SRL_FIFO_RBU_F/DYNSHREG_F_I/INFERRED_GEN.data_reg[3][20]_srl4/CLK
High Pulse Width  Slow    PS8/MAXIGP0ACLK     n/a            1.500         5.156       3.656      PS8_X0Y0       cdc_asyn_fifo_axis_i/zynq_ultra_ps_e_0/inst/PS8_i/MAXIGP0ACLK
High Pulse Width  Fast    PS8/MAXIGP0ACLK     n/a            1.500         5.156       3.656      PS8_X0Y0       cdc_asyn_fifo_axis_i/zynq_ultra_ps_e_0/inst/PS8_i/MAXIGP0ACLK
High Pulse Width  Slow    SRL16E/CLK          n/a            0.762         5.156       4.394      SLICE_X25Y108  cdc_asyn_fifo_axis_i/axi_dma_0/U0/I_PRMRY_DATAMOVER/GEN_MM2S_FULL.I_MM2S_FULL_WRAPPER/I_ADDR_CNTL/GEN_ADDR_FIFO.I_ADDR_QUAL_FIFO/USE_SRL_FIFO.I_SYNC_FIFO/I_SRL_FIFO_RBU_F/DYNSHREG_F_I/INFERRED_GEN.data_reg[3][11]_srl4/CLK
High Pulse Width  Fast    SRL16E/CLK          n/a            0.762         5.156       4.394      SLICE_X25Y108  cdc_asyn_fifo_axis_i/axi_dma_0/U0/I_PRMRY_DATAMOVER/GEN_MM2S_FULL.I_MM2S_FULL_WRAPPER/I_ADDR_CNTL/GEN_ADDR_FIFO.I_ADDR_QUAL_FIFO/USE_SRL_FIFO.I_SYNC_FIFO/I_SRL_FIFO_RBU_F/DYNSHREG_F_I/INFERRED_GEN.data_reg[3][11]_srl4/CLK
High Pulse Width  Slow    SRL16E/CLK          n/a            0.762         5.156       4.394      SLICE_X25Y108  cdc_asyn_fifo_axis_i/axi_dma_0/U0/I_PRMRY_DATAMOVER/GEN_MM2S_FULL.I_MM2S_FULL_WRAPPER/I_ADDR_CNTL/GEN_ADDR_FIFO.I_ADDR_QUAL_FIFO/USE_SRL_FIFO.I_SYNC_FIFO/I_SRL_FIFO_RBU_F/DYNSHREG_F_I/INFERRED_GEN.data_reg[3][13]_srl4/CLK
High Pulse Width  Fast    SRL16E/CLK          n/a            0.762         5.156       4.394      SLICE_X25Y108  cdc_asyn_fifo_axis_i/axi_dma_0/U0/I_PRMRY_DATAMOVER/GEN_MM2S_FULL.I_MM2S_FULL_WRAPPER/I_ADDR_CNTL/GEN_ADDR_FIFO.I_ADDR_QUAL_FIFO/USE_SRL_FIFO.I_SYNC_FIFO/I_SRL_FIFO_RBU_F/DYNSHREG_F_I/INFERRED_GEN.data_reg[3][13]_srl4/CLK
High Pulse Width  Slow    SRL16E/CLK          n/a            0.762         5.156       4.394      SLICE_X25Y108  cdc_asyn_fifo_axis_i/axi_dma_0/U0/I_PRMRY_DATAMOVER/GEN_MM2S_FULL.I_MM2S_FULL_WRAPPER/I_ADDR_CNTL/GEN_ADDR_FIFO.I_ADDR_QUAL_FIFO/USE_SRL_FIFO.I_SYNC_FIFO/I_SRL_FIFO_RBU_F/DYNSHREG_F_I/INFERRED_GEN.data_reg[3][19]_srl4/CLK
High Pulse Width  Fast    SRL16E/CLK          n/a            0.762         5.156       4.394      SLICE_X25Y108  cdc_asyn_fifo_axis_i/axi_dma_0/U0/I_PRMRY_DATAMOVER/GEN_MM2S_FULL.I_MM2S_FULL_WRAPPER/I_ADDR_CNTL/GEN_ADDR_FIFO.I_ADDR_QUAL_FIFO/USE_SRL_FIFO.I_SYNC_FIFO/I_SRL_FIFO_RBU_F/DYNSHREG_F_I/INFERRED_GEN.data_reg[3][19]_srl4/CLK
High Pulse Width  Slow    SRL16E/CLK          n/a            0.762         5.156       4.394      SLICE_X25Y108  cdc_asyn_fifo_axis_i/axi_dma_0/U0/I_PRMRY_DATAMOVER/GEN_MM2S_FULL.I_MM2S_FULL_WRAPPER/I_ADDR_CNTL/GEN_ADDR_FIFO.I_ADDR_QUAL_FIFO/USE_SRL_FIFO.I_SYNC_FIFO/I_SRL_FIFO_RBU_F/DYNSHREG_F_I/INFERRED_GEN.data_reg[3][20]_srl4/CLK
High Pulse Width  Fast    SRL16E/CLK          n/a            0.762         5.156       4.394      SLICE_X25Y108  cdc_asyn_fifo_axis_i/axi_dma_0/U0/I_PRMRY_DATAMOVER/GEN_MM2S_FULL.I_MM2S_FULL_WRAPPER/I_ADDR_CNTL/GEN_ADDR_FIFO.I_ADDR_QUAL_FIFO/USE_SRL_FIFO.I_SYNC_FIFO/I_SRL_FIFO_RBU_F/DYNSHREG_F_I/INFERRED_GEN.data_reg[3][20]_srl4/CLK



---------------------------------------------------------------------------------------------------
From Clock:  clk_pl_0
  To Clock:  clk_out1_cdc_asyn_fifo_axis_clk_wiz_0_0

Setup :            0  Failing Endpoints,  Worst Slack        9.373ns,  Total Violation        0.000ns
Hold  :           NA  Failing Endpoints,  Worst Slack           NA  ,  Total Violation           NA
---------------------------------------------------------------------------------------------------


Max Delay Paths
--------------------------------------------------------------------------------------
Slack (MET) :             9.373ns  (required time - arrival time)
  Source:                 cdc_asyn_fifo_axis_i/axis_data_fifo_0/inst/gen_fifo.xpm_fifo_axis_inst/xpm_fifo_base_inst/gen_cdc_pntr.wr_pntr_cdc_inst/src_gray_ff_reg[3]/C
                            (rising edge-triggered cell FDRE clocked by clk_pl_0  {rise@0.000ns fall@5.156ns period=10.312ns})
  Destination:            cdc_asyn_fifo_axis_i/axis_data_fifo_0/inst/gen_fifo.xpm_fifo_axis_inst/xpm_fifo_base_inst/gen_cdc_pntr.wr_pntr_cdc_inst/dest_graysync_ff_reg[0][3]/D
                            (rising edge-triggered cell FDRE clocked by clk_out1_cdc_asyn_fifo_axis_clk_wiz_0_0  {rise@0.000ns fall@2.500ns period=5.000ns})
  Path Group:             clk_out1_cdc_asyn_fifo_axis_clk_wiz_0_0
  Path Type:              Setup (Max at Slow Process Corner)
  Requirement:            10.312ns  (MaxDelay Path 10.312ns)
  Data Path Delay:        0.985ns  (logic 0.115ns (11.675%)  route 0.870ns (88.325%))
  Logic Levels:           0  
  Timing Exception:       MaxDelay Path 10.312ns -datapath_only

    Location             Delay type                Incr(ns)  Path(ns)    Netlist Resource(s)
  -------------------------------------------------------------------    -------------------
    SLICE_X49Y106                                     0.000     0.000 r  cdc_asyn_fifo_axis_i/axis_data_fifo_0/inst/gen_fifo.xpm_fifo_axis_inst/xpm_fifo_base_inst/gen_cdc_pntr.wr_pntr_cdc_inst/src_gray_ff_reg[3]/C
    SLICE_X49Y106        FDRE (Prop_HFF2_SLICEL_C_Q)
                                                      0.115     0.115 r  cdc_asyn_fifo_axis_i/axis_data_fifo_0/inst/gen_fifo.xpm_fifo_axis_inst/xpm_fifo_base_inst/gen_cdc_pntr.wr_pntr_cdc_inst/src_gray_ff_reg[3]/Q
                         net (fo=1, routed)           0.870     0.985    cdc_asyn_fifo_axis_i/axis_data_fifo_0/inst/gen_fifo.xpm_fifo_axis_inst/xpm_fifo_base_inst/gen_cdc_pntr.wr_pntr_cdc_inst/async_path[3]
    SLICE_X44Y107        FDRE                                         r  cdc_asyn_fifo_axis_i/axis_data_fifo_0/inst/gen_fifo.xpm_fifo_axis_inst/xpm_fifo_base_inst/gen_cdc_pntr.wr_pntr_cdc_inst/dest_graysync_ff_reg[0][3]/D
  -------------------------------------------------------------------    -------------------

                         max delay                   10.312    10.312    
    SLICE_X44Y107        FDRE (Setup_HFF2_SLICEL_C_D)
                                                      0.046    10.358    cdc_asyn_fifo_axis_i/axis_data_fifo_0/inst/gen_fifo.xpm_fifo_axis_inst/xpm_fifo_base_inst/gen_cdc_pntr.wr_pntr_cdc_inst/dest_graysync_ff_reg[0][3]
  -------------------------------------------------------------------
                         required time                         10.358    
                         arrival time                          -0.985    
  -------------------------------------------------------------------
                         slack                                  9.373    

Slack (MET) :             9.522ns  (required time - arrival time)
  Source:                 cdc_asyn_fifo_axis_i/axis_data_fifo_1/inst/gen_fifo.xpm_fifo_axis_inst/xpm_fifo_base_inst/gen_cdc_pntr.rd_pntr_cdc_inst/src_gray_ff_reg[5]/C
                            (rising edge-triggered cell FDRE clocked by clk_pl_0  {rise@0.000ns fall@5.156ns period=10.312ns})
  Destination:            cdc_asyn_fifo_axis_i/axis_data_fifo_1/inst/gen_fifo.xpm_fifo_axis_inst/xpm_fifo_base_inst/gen_cdc_pntr.rd_pntr_cdc_inst/dest_graysync_ff_reg[0][5]/D
                            (rising edge-triggered cell FDRE clocked by clk_out1_cdc_asyn_fifo_axis_clk_wiz_0_0  {rise@0.000ns fall@2.500ns period=5.000ns})
  Path Group:             clk_out1_cdc_asyn_fifo_axis_clk_wiz_0_0
  Path Type:              Setup (Max at Slow Process Corner)
  Requirement:            10.312ns  (MaxDelay Path 10.312ns)
  Data Path Delay:        0.836ns  (logic 0.115ns (13.756%)  route 0.721ns (86.244%))
  Logic Levels:           0  
  Timing Exception:       MaxDelay Path 10.312ns -datapath_only

    Location             Delay type                Incr(ns)  Path(ns)    Netlist Resource(s)
  -------------------------------------------------------------------    -------------------
    SLICE_X47Y114                                     0.000     0.000 r  cdc_asyn_fifo_axis_i/axis_data_fifo_1/inst/gen_fifo.xpm_fifo_axis_inst/xpm_fifo_base_inst/gen_cdc_pntr.rd_pntr_cdc_inst/src_gray_ff_reg[5]/C
    SLICE_X47Y114        FDRE (Prop_DFF2_SLICEL_C_Q)
                                                      0.115     0.115 r  cdc_asyn_fifo_axis_i/axis_data_fifo_1/inst/gen_fifo.xpm_fifo_axis_inst/xpm_fifo_base_inst/gen_cdc_pntr.rd_pntr_cdc_inst/src_gray_ff_reg[5]/Q
                         net (fo=1, routed)           0.721     0.836    cdc_asyn_fifo_axis_i/axis_data_fifo_1/inst/gen_fifo.xpm_fifo_axis_inst/xpm_fifo_base_inst/gen_cdc_pntr.rd_pntr_cdc_inst/async_path[5]
    SLICE_X50Y114        FDRE                                         r  cdc_asyn_fifo_axis_i/axis_data_fifo_1/inst/gen_fifo.xpm_fifo_axis_inst/xpm_fifo_base_inst/gen_cdc_pntr.rd_pntr_cdc_inst/dest_graysync_ff_reg[0][5]/D
  -------------------------------------------------------------------    -------------------

                         max delay                   10.312    10.312    
    SLICE_X50Y114        FDRE (Setup_DFF2_SLICEL_C_D)
                                                      0.046    10.358    cdc_asyn_fifo_axis_i/axis_data_fifo_1/inst/gen_fifo.xpm_fifo_axis_inst/xpm_fifo_base_inst/gen_cdc_pntr.rd_pntr_cdc_inst/dest_graysync_ff_reg[0][5]
  -------------------------------------------------------------------
                         required time                         10.358    
                         arrival time                          -0.836    
  -------------------------------------------------------------------
                         slack                                  9.522    

Slack (MET) :             9.550ns  (required time - arrival time)
  Source:                 cdc_asyn_fifo_axis_i/axis_data_fifo_1/inst/gen_fifo.xpm_fifo_axis_inst/xpm_fifo_base_inst/gen_cdc_pntr.rd_pntr_cdc_inst/src_gray_ff_reg[6]/C
                            (rising edge-triggered cell FDRE clocked by clk_pl_0  {rise@0.000ns fall@5.156ns period=10.312ns})
  Destination:            cdc_asyn_fifo_axis_i/axis_data_fifo_1/inst/gen_fifo.xpm_fifo_axis_inst/xpm_fifo_base_inst/gen_cdc_pntr.rd_pntr_cdc_inst/dest_graysync_ff_reg[0][6]/D
                            (rising edge-triggered cell FDRE clocked by clk_out1_cdc_asyn_fifo_axis_clk_wiz_0_0  {rise@0.000ns fall@2.500ns period=5.000ns})
  Path Group:             clk_out1_cdc_asyn_fifo_axis_clk_wiz_0_0
  Path Type:              Setup (Max at Slow Process Corner)
  Requirement:            10.312ns  (MaxDelay Path 10.312ns)
  Data Path Delay:        0.808ns  (logic 0.114ns (14.109%)  route 0.694ns (85.891%))
  Logic Levels:           0  
  Timing Exception:       MaxDelay Path 10.312ns -datapath_only

    Location             Delay type                Incr(ns)  Path(ns)    Netlist Resource(s)
  -------------------------------------------------------------------    -------------------
    SLICE_X48Y114                                     0.000     0.000 r  cdc_asyn_fifo_axis_i/axis_data_fifo_1/inst/gen_fifo.xpm_fifo_axis_inst/xpm_fifo_base_inst/gen_cdc_pntr.rd_pntr_cdc_inst/src_gray_ff_reg[6]/C
    SLICE_X48Y114        FDRE (Prop_DFF_SLICEL_C_Q)
                                                      0.114     0.114 r  cdc_asyn_fifo_axis_i/axis_data_fifo_1/inst/gen_fifo.xpm_fifo_axis_inst/xpm_fifo_base_inst/gen_cdc_pntr.rd_pntr_cdc_inst/src_gray_ff_reg[6]/Q
                         net (fo=1, routed)           0.694     0.808    cdc_asyn_fifo_axis_i/axis_data_fifo_1/inst/gen_fifo.xpm_fifo_axis_inst/xpm_fifo_base_inst/gen_cdc_pntr.rd_pntr_cdc_inst/async_path[6]
    SLICE_X50Y114        FDRE                                         r  cdc_asyn_fifo_axis_i/axis_data_fifo_1/inst/gen_fifo.xpm_fifo_axis_inst/xpm_fifo_base_inst/gen_cdc_pntr.rd_pntr_cdc_inst/dest_graysync_ff_reg[0][6]/D
  -------------------------------------------------------------------    -------------------

                         max delay                   10.312    10.312    
    SLICE_X50Y114        FDRE (Setup_HFF2_SLICEL_C_D)
                                                      0.046    10.358    cdc_asyn_fifo_axis_i/axis_data_fifo_1/inst/gen_fifo.xpm_fifo_axis_inst/xpm_fifo_base_inst/gen_cdc_pntr.rd_pntr_cdc_inst/dest_graysync_ff_reg[0][6]
  -------------------------------------------------------------------
                         required time                         10.358    
                         arrival time                          -0.808    
  -------------------------------------------------------------------
                         slack                                  9.550    

Slack (MET) :             9.591ns  (required time - arrival time)
  Source:                 cdc_asyn_fifo_axis_i/axis_data_fifo_1/inst/gen_fifo.xpm_fifo_axis_inst/xpm_fifo_base_inst/gen_cdc_pntr.rd_pntr_cdc_inst/src_gray_ff_reg[0]/C
                            (rising edge-triggered cell FDRE clocked by clk_pl_0  {rise@0.000ns fall@5.156ns period=10.312ns})
  Destination:            cdc_asyn_fifo_axis_i/axis_data_fifo_1/inst/gen_fifo.xpm_fifo_axis_inst/xpm_fifo_base_inst/gen_cdc_pntr.rd_pntr_cdc_inst/dest_graysync_ff_reg[0][0]/D
                            (rising edge-triggered cell FDRE clocked by clk_out1_cdc_asyn_fifo_axis_clk_wiz_0_0  {rise@0.000ns fall@2.500ns period=5.000ns})
  Path Group:             clk_out1_cdc_asyn_fifo_axis_clk_wiz_0_0
  Path Type:              Setup (Max at Slow Process Corner)
  Requirement:            10.312ns  (MaxDelay Path 10.312ns)
  Data Path Delay:        0.767ns  (logic 0.114ns (14.863%)  route 0.653ns (85.137%))
  Logic Levels:           0  
  Timing Exception:       MaxDelay Path 10.312ns -datapath_only

    Location             Delay type                Incr(ns)  Path(ns)    Netlist Resource(s)
  -------------------------------------------------------------------    -------------------
    SLICE_X47Y113                                     0.000     0.000 r  cdc_asyn_fifo_axis_i/axis_data_fifo_1/inst/gen_fifo.xpm_fifo_axis_inst/xpm_fifo_base_inst/gen_cdc_pntr.rd_pntr_cdc_inst/src_gray_ff_reg[0]/C
    SLICE_X47Y113        FDRE (Prop_DFF_SLICEL_C_Q)
                                                      0.114     0.114 r  cdc_asyn_fifo_axis_i/axis_data_fifo_1/inst/gen_fifo.xpm_fifo_axis_inst/xpm_fifo_base_inst/gen_cdc_pntr.rd_pntr_cdc_inst/src_gray_ff_reg[0]/Q
                         net (fo=1, routed)           0.653     0.767    cdc_asyn_fifo_axis_i/axis_data_fifo_1/inst/gen_fifo.xpm_fifo_axis_inst/xpm_fifo_base_inst/gen_cdc_pntr.rd_pntr_cdc_inst/async_path[0]
    SLICE_X51Y113        FDRE                                         r  cdc_asyn_fifo_axis_i/axis_data_fifo_1/inst/gen_fifo.xpm_fifo_axis_inst/xpm_fifo_base_inst/gen_cdc_pntr.rd_pntr_cdc_inst/dest_graysync_ff_reg[0][0]/D
  -------------------------------------------------------------------    -------------------

                         max delay                   10.312    10.312    
    SLICE_X51Y113        FDRE (Setup_DFF2_SLICEL_C_D)
                                                      0.046    10.358    cdc_asyn_fifo_axis_i/axis_data_fifo_1/inst/gen_fifo.xpm_fifo_axis_inst/xpm_fifo_base_inst/gen_cdc_pntr.rd_pntr_cdc_inst/dest_graysync_ff_reg[0][0]
  -------------------------------------------------------------------
                         required time                         10.358    
                         arrival time                          -0.767    
  -------------------------------------------------------------------
                         slack                                  9.591    

Slack (MET) :             9.644ns  (required time - arrival time)
  Source:                 cdc_asyn_fifo_axis_i/axis_data_fifo_1/inst/gen_fifo.xpm_fifo_axis_inst/xpm_fifo_base_inst/gen_cdc_pntr.rd_pntr_cdc_inst/src_gray_ff_reg[3]/C
                            (rising edge-triggered cell FDRE clocked by clk_pl_0  {rise@0.000ns fall@5.156ns period=10.312ns})
  Destination:            cdc_asyn_fifo_axis_i/axis_data_fifo_1/inst/gen_fifo.xpm_fifo_axis_inst/xpm_fifo_base_inst/gen_cdc_pntr.rd_pntr_cdc_inst/dest_graysync_ff_reg[0][3]/D
                            (rising edge-triggered cell FDRE clocked by clk_out1_cdc_asyn_fifo_axis_clk_wiz_0_0  {rise@0.000ns fall@2.500ns period=5.000ns})
  Path Group:             clk_out1_cdc_asyn_fifo_axis_clk_wiz_0_0
  Path Type:              Setup (Max at Slow Process Corner)
  Requirement:            10.312ns  (MaxDelay Path 10.312ns)
  Data Path Delay:        0.714ns  (logic 0.115ns (16.106%)  route 0.599ns (83.894%))
  Logic Levels:           0  
  Timing Exception:       MaxDelay Path 10.312ns -datapath_only

    Location             Delay type                Incr(ns)  Path(ns)    Netlist Resource(s)
  -------------------------------------------------------------------    -------------------
    SLICE_X48Y113                                     0.000     0.000 r  cdc_asyn_fifo_axis_i/axis_data_fifo_1/inst/gen_fifo.xpm_fifo_axis_inst/xpm_fifo_base_inst/gen_cdc_pntr.rd_pntr_cdc_inst/src_gray_ff_reg[3]/C
    SLICE_X48Y113        FDRE (Prop_DFF2_SLICEL_C_Q)
                                                      0.115     0.115 r  cdc_asyn_fifo_axis_i/axis_data_fifo_1/inst/gen_fifo.xpm_fifo_axis_inst/xpm_fifo_base_inst/gen_cdc_pntr.rd_pntr_cdc_inst/src_gray_ff_reg[3]/Q
                         net (fo=1, routed)           0.599     0.714    cdc_asyn_fifo_axis_i/axis_data_fifo_1/inst/gen_fifo.xpm_fifo_axis_inst/xpm_fifo_base_inst/gen_cdc_pntr.rd_pntr_cdc_inst/async_path[3]
    SLICE_X49Y114        FDRE                                         r  cdc_asyn_fifo_axis_i/axis_data_fifo_1/inst/gen_fifo.xpm_fifo_axis_inst/xpm_fifo_base_inst/gen_cdc_pntr.rd_pntr_cdc_inst/dest_graysync_ff_reg[0][3]/D
  -------------------------------------------------------------------    -------------------

                         max delay                   10.312    10.312    
    SLICE_X49Y114        FDRE (Setup_DFF2_SLICEL_C_D)
                                                      0.046    10.358    cdc_asyn_fifo_axis_i/axis_data_fifo_1/inst/gen_fifo.xpm_fifo_axis_inst/xpm_fifo_base_inst/gen_cdc_pntr.rd_pntr_cdc_inst/dest_graysync_ff_reg[0][3]
  -------------------------------------------------------------------
                         required time                         10.358    
                         arrival time                          -0.714    
  -------------------------------------------------------------------
                         slack                                  9.644    

Slack (MET) :             9.762ns  (required time - arrival time)
  Source:                 cdc_asyn_fifo_axis_i/axis_data_fifo_0/inst/gen_fifo.xpm_fifo_axis_inst/xpm_fifo_base_inst/gen_cdc_pntr.wr_pntr_cdc_inst/src_gray_ff_reg[0]/C
                            (rising edge-triggered cell FDRE clocked by clk_pl_0  {rise@0.000ns fall@5.156ns period=10.312ns})
  Destination:            cdc_asyn_fifo_axis_i/axis_data_fifo_0/inst/gen_fifo.xpm_fifo_axis_inst/xpm_fifo_base_inst/gen_cdc_pntr.wr_pntr_cdc_inst/dest_graysync_ff_reg[0][0]/D
                            (rising edge-triggered cell FDRE clocked by clk_out1_cdc_asyn_fifo_axis_clk_wiz_0_0  {rise@0.000ns fall@2.500ns period=5.000ns})
  Path Group:             clk_out1_cdc_asyn_fifo_axis_clk_wiz_0_0
  Path Type:              Setup (Max at Slow Process Corner)
  Requirement:            10.312ns  (MaxDelay Path 10.312ns)
  Data Path Delay:        0.596ns  (logic 0.114ns (19.128%)  route 0.482ns (80.872%))
  Logic Levels:           0  
  Timing Exception:       MaxDelay Path 10.312ns -datapath_only

    Location             Delay type                Incr(ns)  Path(ns)    Netlist Resource(s)
  -------------------------------------------------------------------    -------------------
    SLICE_X48Y107                                     0.000     0.000 r  cdc_asyn_fifo_axis_i/axis_data_fifo_0/inst/gen_fifo.xpm_fifo_axis_inst/xpm_fifo_base_inst/gen_cdc_pntr.wr_pntr_cdc_inst/src_gray_ff_reg[0]/C
    SLICE_X48Y107        FDRE (Prop_DFF_SLICEL_C_Q)
                                                      0.114     0.114 r  cdc_asyn_fifo_axis_i/axis_data_fifo_0/inst/gen_fifo.xpm_fifo_axis_inst/xpm_fifo_base_inst/gen_cdc_pntr.wr_pntr_cdc_inst/src_gray_ff_reg[0]/Q
                         net (fo=1, routed)           0.482     0.596    cdc_asyn_fifo_axis_i/axis_data_fifo_0/inst/gen_fifo.xpm_fifo_axis_inst/xpm_fifo_base_inst/gen_cdc_pntr.wr_pntr_cdc_inst/async_path[0]
    SLICE_X45Y107        FDRE                                         r  cdc_asyn_fifo_axis_i/axis_data_fifo_0/inst/gen_fifo.xpm_fifo_axis_inst/xpm_fifo_base_inst/gen_cdc_pntr.wr_pntr_cdc_inst/dest_graysync_ff_reg[0][0]/D
  -------------------------------------------------------------------    -------------------

                         max delay                   10.312    10.312    
    SLICE_X45Y107        FDRE (Setup_HFF2_SLICEM_C_D)
                                                      0.046    10.358    cdc_asyn_fifo_axis_i/axis_data_fifo_0/inst/gen_fifo.xpm_fifo_axis_inst/xpm_fifo_base_inst/gen_cdc_pntr.wr_pntr_cdc_inst/dest_graysync_ff_reg[0][0]
  -------------------------------------------------------------------
                         required time                         10.358    
                         arrival time                          -0.596    
  -------------------------------------------------------------------
                         slack                                  9.762    

Slack (MET) :             9.910ns  (required time - arrival time)
  Source:                 cdc_asyn_fifo_axis_i/axis_data_fifo_1/inst/gen_fifo.xpm_fifo_axis_inst/xpm_fifo_base_inst/gen_cdc_pntr.rd_pntr_cdc_inst/src_gray_ff_reg[2]/C
                            (rising edge-triggered cell FDRE clocked by clk_pl_0  {rise@0.000ns fall@5.156ns period=10.312ns})
  Destination:            cdc_asyn_fifo_axis_i/axis_data_fifo_1/inst/gen_fifo.xpm_fifo_axis_inst/xpm_fifo_base_inst/gen_cdc_pntr.rd_pntr_cdc_inst/dest_graysync_ff_reg[0][2]/D
                            (rising edge-triggered cell FDRE clocked by clk_out1_cdc_asyn_fifo_axis_clk_wiz_0_0  {rise@0.000ns fall@2.500ns period=5.000ns})
  Path Group:             clk_out1_cdc_asyn_fifo_axis_clk_wiz_0_0
  Path Type:              Setup (Max at Slow Process Corner)
  Requirement:            10.312ns  (MaxDelay Path 10.312ns)
  Data Path Delay:        0.448ns  (logic 0.114ns (25.446%)  route 0.334ns (74.554%))
  Logic Levels:           0  
  Timing Exception:       MaxDelay Path 10.312ns -datapath_only

    Location             Delay type                Incr(ns)  Path(ns)    Netlist Resource(s)
  -------------------------------------------------------------------    -------------------
    SLICE_X48Y113                                     0.000     0.000 r  cdc_asyn_fifo_axis_i/axis_data_fifo_1/inst/gen_fifo.xpm_fifo_axis_inst/xpm_fifo_base_inst/gen_cdc_pntr.rd_pntr_cdc_inst/src_gray_ff_reg[2]/C
    SLICE_X48Y113        FDRE (Prop_DFF_SLICEL_C_Q)
                                                      0.114     0.114 r  cdc_asyn_fifo_axis_i/axis_data_fifo_1/inst/gen_fifo.xpm_fifo_axis_inst/xpm_fifo_base_inst/gen_cdc_pntr.rd_pntr_cdc_inst/src_gray_ff_reg[2]/Q
                         net (fo=1, routed)           0.334     0.448    cdc_asyn_fifo_axis_i/axis_data_fifo_1/inst/gen_fifo.xpm_fifo_axis_inst/xpm_fifo_base_inst/gen_cdc_pntr.rd_pntr_cdc_inst/async_path[2]
    SLICE_X48Y113        FDRE                                         r  cdc_asyn_fifo_axis_i/axis_data_fifo_1/inst/gen_fifo.xpm_fifo_axis_inst/xpm_fifo_base_inst/gen_cdc_pntr.rd_pntr_cdc_inst/dest_graysync_ff_reg[0][2]/D
  -------------------------------------------------------------------    -------------------

                         max delay                   10.312    10.312    
    SLICE_X48Y113        FDRE (Setup_GFF2_SLICEL_C_D)
                                                      0.046    10.358    cdc_asyn_fifo_axis_i/axis_data_fifo_1/inst/gen_fifo.xpm_fifo_axis_inst/xpm_fifo_base_inst/gen_cdc_pntr.rd_pntr_cdc_inst/dest_graysync_ff_reg[0][2]
  -------------------------------------------------------------------
                         required time                         10.358    
                         arrival time                          -0.448    
  -------------------------------------------------------------------
                         slack                                  9.910    

Slack (MET) :             9.917ns  (required time - arrival time)
  Source:                 cdc_asyn_fifo_axis_i/axis_data_fifo_0/inst/gen_fifo.xpm_fifo_axis_inst/xpm_fifo_base_inst/gen_cdc_pntr.wr_pntr_cdc_inst/src_gray_ff_reg[1]/C
                            (rising edge-triggered cell FDRE clocked by clk_pl_0  {rise@0.000ns fall@5.156ns period=10.312ns})
  Destination:            cdc_asyn_fifo_axis_i/axis_data_fifo_0/inst/gen_fifo.xpm_fifo_axis_inst/xpm_fifo_base_inst/gen_cdc_pntr.wr_pntr_cdc_inst/dest_graysync_ff_reg[0][1]/D
                            (rising edge-triggered cell FDRE clocked by clk_out1_cdc_asyn_fifo_axis_clk_wiz_0_0  {rise@0.000ns fall@2.500ns period=5.000ns})
  Path Group:             clk_out1_cdc_asyn_fifo_axis_clk_wiz_0_0
  Path Type:              Setup (Max at Slow Process Corner)
  Requirement:            10.312ns  (MaxDelay Path 10.312ns)
  Data Path Delay:        0.441ns  (logic 0.115ns (26.077%)  route 0.326ns (73.923%))
  Logic Levels:           0  
  Timing Exception:       MaxDelay Path 10.312ns -datapath_only

    Location             Delay type                Incr(ns)  Path(ns)    Netlist Resource(s)
  -------------------------------------------------------------------    -------------------
    SLICE_X48Y107                                     0.000     0.000 r  cdc_asyn_fifo_axis_i/axis_data_fifo_0/inst/gen_fifo.xpm_fifo_axis_inst/xpm_fifo_base_inst/gen_cdc_pntr.wr_pntr_cdc_inst/src_gray_ff_reg[1]/C
    SLICE_X48Y107        FDRE (Prop_DFF2_SLICEL_C_Q)
                                                      0.115     0.115 r  cdc_asyn_fifo_axis_i/axis_data_fifo_0/inst/gen_fifo.xpm_fifo_axis_inst/xpm_fifo_base_inst/gen_cdc_pntr.wr_pntr_cdc_inst/src_gray_ff_reg[1]/Q
                         net (fo=1, routed)           0.326     0.441    cdc_asyn_fifo_axis_i/axis_data_fifo_0/inst/gen_fifo.xpm_fifo_axis_inst/xpm_fifo_base_inst/gen_cdc_pntr.wr_pntr_cdc_inst/async_path[1]
    SLICE_X47Y106        FDRE                                         r  cdc_asyn_fifo_axis_i/axis_data_fifo_0/inst/gen_fifo.xpm_fifo_axis_inst/xpm_fifo_base_inst/gen_cdc_pntr.wr_pntr_cdc_inst/dest_graysync_ff_reg[0][1]/D
  -------------------------------------------------------------------    -------------------

                         max delay                   10.312    10.312    
    SLICE_X47Y106        FDRE (Setup_GFF2_SLICEL_C_D)
                                                      0.046    10.358    cdc_asyn_fifo_axis_i/axis_data_fifo_0/inst/gen_fifo.xpm_fifo_axis_inst/xpm_fifo_base_inst/gen_cdc_pntr.wr_pntr_cdc_inst/dest_graysync_ff_reg[0][1]
  -------------------------------------------------------------------
                         required time                         10.358    
                         arrival time                          -0.441    
  -------------------------------------------------------------------
                         slack                                  9.917    

Slack (MET) :             9.917ns  (required time - arrival time)
  Source:                 cdc_asyn_fifo_axis_i/axis_data_fifo_0/inst/gen_fifo.xpm_fifo_axis_inst/xpm_fifo_base_inst/gen_cdc_pntr.wr_pntr_cdc_inst/src_gray_ff_reg[2]/C
                            (rising edge-triggered cell FDRE clocked by clk_pl_0  {rise@0.000ns fall@5.156ns period=10.312ns})
  Destination:            cdc_asyn_fifo_axis_i/axis_data_fifo_0/inst/gen_fifo.xpm_fifo_axis_inst/xpm_fifo_base_inst/gen_cdc_pntr.wr_pntr_cdc_inst/dest_graysync_ff_reg[0][2]/D
                            (rising edge-triggered cell FDRE clocked by clk_out1_cdc_asyn_fifo_axis_clk_wiz_0_0  {rise@0.000ns fall@2.500ns period=5.000ns})
  Path Group:             clk_out1_cdc_asyn_fifo_axis_clk_wiz_0_0
  Path Type:              Setup (Max at Slow Process Corner)
  Requirement:            10.312ns  (MaxDelay Path 10.312ns)
  Data Path Delay:        0.441ns  (logic 0.113ns (25.624%)  route 0.328ns (74.376%))
  Logic Levels:           0  
  Timing Exception:       MaxDelay Path 10.312ns -datapath_only

    Location             Delay type                Incr(ns)  Path(ns)    Netlist Resource(s)
  -------------------------------------------------------------------    -------------------
    SLICE_X49Y106                                     0.000     0.000 r  cdc_asyn_fifo_axis_i/axis_data_fifo_0/inst/gen_fifo.xpm_fifo_axis_inst/xpm_fifo_base_inst/gen_cdc_pntr.wr_pntr_cdc_inst/src_gray_ff_reg[2]/C
    SLICE_X49Y106        FDRE (Prop_HFF_SLICEL_C_Q)
                                                      0.113     0.113 r  cdc_asyn_fifo_axis_i/axis_data_fifo_0/inst/gen_fifo.xpm_fifo_axis_inst/xpm_fifo_base_inst/gen_cdc_pntr.wr_pntr_cdc_inst/src_gray_ff_reg[2]/Q
                         net (fo=1, routed)           0.328     0.441    cdc_asyn_fifo_axis_i/axis_data_fifo_0/inst/gen_fifo.xpm_fifo_axis_inst/xpm_fifo_base_inst/gen_cdc_pntr.wr_pntr_cdc_inst/async_path[2]
    SLICE_X49Y106        FDRE                                         r  cdc_asyn_fifo_axis_i/axis_data_fifo_0/inst/gen_fifo.xpm_fifo_axis_inst/xpm_fifo_base_inst/gen_cdc_pntr.wr_pntr_cdc_inst/dest_graysync_ff_reg[0][2]/D
  -------------------------------------------------------------------    -------------------

                         max delay                   10.312    10.312    
    SLICE_X49Y106        FDRE (Setup_DFF2_SLICEL_C_D)
                                                      0.046    10.358    cdc_asyn_fifo_axis_i/axis_data_fifo_0/inst/gen_fifo.xpm_fifo_axis_inst/xpm_fifo_base_inst/gen_cdc_pntr.wr_pntr_cdc_inst/dest_graysync_ff_reg[0][2]
  -------------------------------------------------------------------
                         required time                         10.358    
                         arrival time                          -0.441    
  -------------------------------------------------------------------
                         slack                                  9.917    

Slack (MET) :             9.920ns  (required time - arrival time)
  Source:                 cdc_asyn_fifo_axis_i/axis_data_fifo_0/inst/gen_fifo.xpm_fifo_axis_inst/xpm_fifo_base_inst/gen_cdc_pntr.wr_pntr_cdc_inst/src_gray_ff_reg[6]/C
                            (rising edge-triggered cell FDRE clocked by clk_pl_0  {rise@0.000ns fall@5.156ns period=10.312ns})
  Destination:            cdc_asyn_fifo_axis_i/axis_data_fifo_0/inst/gen_fifo.xpm_fifo_axis_inst/xpm_fifo_base_inst/gen_cdc_pntr.wr_pntr_cdc_inst/dest_graysync_ff_reg[0][6]/D
                            (rising edge-triggered cell FDRE clocked by clk_out1_cdc_asyn_fifo_axis_clk_wiz_0_0  {rise@0.000ns fall@2.500ns period=5.000ns})
  Path Group:             clk_out1_cdc_asyn_fifo_axis_clk_wiz_0_0
  Path Type:              Setup (Max at Slow Process Corner)
  Requirement:            10.312ns  (MaxDelay Path 10.312ns)
  Data Path Delay:        0.438ns  (logic 0.114ns (26.027%)  route 0.324ns (73.973%))
  Logic Levels:           0  
  Timing Exception:       MaxDelay Path 10.312ns -datapath_only

    Location             Delay type                Incr(ns)  Path(ns)    Netlist Resource(s)
  -------------------------------------------------------------------    -------------------
    SLICE_X46Y106                                     0.000     0.000 r  cdc_asyn_fifo_axis_i/axis_data_fifo_0/inst/gen_fifo.xpm_fifo_axis_inst/xpm_fifo_base_inst/gen_cdc_pntr.wr_pntr_cdc_inst/src_gray_ff_reg[6]/C
    SLICE_X46Y106        FDRE (Prop_DFF_SLICEL_C_Q)
                                                      0.114     0.114 r  cdc_asyn_fifo_axis_i/axis_data_fifo_0/inst/gen_fifo.xpm_fifo_axis_inst/xpm_fifo_base_inst/gen_cdc_pntr.wr_pntr_cdc_inst/src_gray_ff_reg[6]/Q
                         net (fo=1, routed)           0.324     0.438    cdc_asyn_fifo_axis_i/axis_data_fifo_0/inst/gen_fifo.xpm_fifo_axis_inst/xpm_fifo_base_inst/gen_cdc_pntr.wr_pntr_cdc_inst/async_path[6]
    SLICE_X46Y107        FDRE                                         r  cdc_asyn_fifo_axis_i/axis_data_fifo_0/inst/gen_fifo.xpm_fifo_axis_inst/xpm_fifo_base_inst/gen_cdc_pntr.wr_pntr_cdc_inst/dest_graysync_ff_reg[0][6]/D
  -------------------------------------------------------------------    -------------------

                         max delay                   10.312    10.312    
    SLICE_X46Y107        FDRE (Setup_DFF2_SLICEL_C_D)
                                                      0.046    10.358    cdc_asyn_fifo_axis_i/axis_data_fifo_0/inst/gen_fifo.xpm_fifo_axis_inst/xpm_fifo_base_inst/gen_cdc_pntr.wr_pntr_cdc_inst/dest_graysync_ff_reg[0][6]
  -------------------------------------------------------------------
                         required time                         10.358    
                         arrival time                          -0.438    
  -------------------------------------------------------------------
                         slack                                  9.920    





---------------------------------------------------------------------------------------------------
From Clock:  clk_out1_cdc_asyn_fifo_axis_clk_wiz_0_0
  To Clock:  clk_pl_0

Setup :            0  Failing Endpoints,  Worst Slack        4.184ns,  Total Violation        0.000ns
Hold  :           NA  Failing Endpoints,  Worst Slack           NA  ,  Total Violation           NA
---------------------------------------------------------------------------------------------------


Max Delay Paths
--------------------------------------------------------------------------------------
Slack (MET) :             4.184ns  (required time - arrival time)
  Source:                 cdc_asyn_fifo_axis_i/axis_data_fifo_0/inst/gen_fifo.xpm_fifo_axis_inst/xpm_fifo_base_inst/gen_cdc_pntr.rd_pntr_cdc_inst/src_gray_ff_reg[1]/C
                            (rising edge-triggered cell FDRE clocked by clk_out1_cdc_asyn_fifo_axis_clk_wiz_0_0  {rise@0.000ns fall@2.500ns period=5.000ns})
  Destination:            cdc_asyn_fifo_axis_i/axis_data_fifo_0/inst/gen_fifo.xpm_fifo_axis_inst/xpm_fifo_base_inst/gen_cdc_pntr.rd_pntr_cdc_inst/dest_graysync_ff_reg[0][1]/D
                            (rising edge-triggered cell FDRE clocked by clk_pl_0  {rise@0.000ns fall@5.156ns period=10.312ns})
  Path Group:             clk_pl_0
  Path Type:              Setup (Max at Slow Process Corner)
  Requirement:            5.000ns  (MaxDelay Path 5.000ns)
  Data Path Delay:        0.862ns  (logic 0.115ns (13.341%)  route 0.747ns (86.659%))
  Logic Levels:           0  
  Timing Exception:       MaxDelay Path 5.000ns -datapath_only

    Location             Delay type                Incr(ns)  Path(ns)    Netlist Resource(s)
  -------------------------------------------------------------------    -------------------
    SLICE_X48Y107                                     0.000     0.000 r  cdc_asyn_fifo_axis_i/axis_data_fifo_0/inst/gen_fifo.xpm_fifo_axis_inst/xpm_fifo_base_inst/gen_cdc_pntr.rd_pntr_cdc_inst/src_gray_ff_reg[1]/C
    SLICE_X48Y107        FDRE (Prop_HFF2_SLICEL_C_Q)
                                                      0.115     0.115 r  cdc_asyn_fifo_axis_i/axis_data_fifo_0/inst/gen_fifo.xpm_fifo_axis_inst/xpm_fifo_base_inst/gen_cdc_pntr.rd_pntr_cdc_inst/src_gray_ff_reg[1]/Q
                         net (fo=1, routed)           0.747     0.862    cdc_asyn_fifo_axis_i/axis_data_fifo_0/inst/gen_fifo.xpm_fifo_axis_inst/xpm_fifo_base_inst/gen_cdc_pntr.rd_pntr_cdc_inst/async_path[1]
    SLICE_X49Y105        FDRE                                         r  cdc_asyn_fifo_axis_i/axis_data_fifo_0/inst/gen_fifo.xpm_fifo_axis_inst/xpm_fifo_base_inst/gen_cdc_pntr.rd_pntr_cdc_inst/dest_graysync_ff_reg[0][1]/D
  -------------------------------------------------------------------    -------------------

                         max delay                    5.000     5.000    
    SLICE_X49Y105        FDRE (Setup_HFF2_SLICEL_C_D)
                                                      0.046     5.046    cdc_asyn_fifo_axis_i/axis_data_fifo_0/inst/gen_fifo.xpm_fifo_axis_inst/xpm_fifo_base_inst/gen_cdc_pntr.rd_pntr_cdc_inst/dest_graysync_ff_reg[0][1]
  -------------------------------------------------------------------
                         required time                          5.046    
                         arrival time                          -0.862    
  -------------------------------------------------------------------
                         slack                                  4.184    

Slack (MET) :             4.305ns  (required time - arrival time)
  Source:                 cdc_asyn_fifo_axis_i/axis_data_fifo_0/inst/gen_fifo.xpm_fifo_axis_inst/xpm_fifo_base_inst/gen_cdc_pntr.rd_pntr_cdc_inst/src_gray_ff_reg[3]/C
                            (rising edge-triggered cell FDRE clocked by clk_out1_cdc_asyn_fifo_axis_clk_wiz_0_0  {rise@0.000ns fall@2.500ns period=5.000ns})
  Destination:            cdc_asyn_fifo_axis_i/axis_data_fifo_0/inst/gen_fifo.xpm_fifo_axis_inst/xpm_fifo_base_inst/gen_cdc_pntr.rd_pntr_cdc_inst/dest_graysync_ff_reg[0][3]/D
                            (rising edge-triggered cell FDRE clocked by clk_pl_0  {rise@0.000ns fall@5.156ns period=10.312ns})
  Path Group:             clk_pl_0
  Path Type:              Setup (Max at Slow Process Corner)
  Requirement:            5.000ns  (MaxDelay Path 5.000ns)
  Data Path Delay:        0.741ns  (logic 0.115ns (15.520%)  route 0.626ns (84.480%))
  Logic Levels:           0  
  Timing Exception:       MaxDelay Path 5.000ns -datapath_only

    Location             Delay type                Incr(ns)  Path(ns)    Netlist Resource(s)
  -------------------------------------------------------------------    -------------------
    SLICE_X47Y106                                     0.000     0.000 r  cdc_asyn_fifo_axis_i/axis_data_fifo_0/inst/gen_fifo.xpm_fifo_axis_inst/xpm_fifo_base_inst/gen_cdc_pntr.rd_pntr_cdc_inst/src_gray_ff_reg[3]/C
    SLICE_X47Y106        FDRE (Prop_HFF2_SLICEL_C_Q)
                                                      0.115     0.115 r  cdc_asyn_fifo_axis_i/axis_data_fifo_0/inst/gen_fifo.xpm_fifo_axis_inst/xpm_fifo_base_inst/gen_cdc_pntr.rd_pntr_cdc_inst/src_gray_ff_reg[3]/Q
                         net (fo=1, routed)           0.626     0.741    cdc_asyn_fifo_axis_i/axis_data_fifo_0/inst/gen_fifo.xpm_fifo_axis_inst/xpm_fifo_base_inst/gen_cdc_pntr.rd_pntr_cdc_inst/async_path[3]
    SLICE_X50Y107        FDRE                                         r  cdc_asyn_fifo_axis_i/axis_data_fifo_0/inst/gen_fifo.xpm_fifo_axis_inst/xpm_fifo_base_inst/gen_cdc_pntr.rd_pntr_cdc_inst/dest_graysync_ff_reg[0][3]/D
  -------------------------------------------------------------------    -------------------

                         max delay                    5.000     5.000    
    SLICE_X50Y107        FDRE (Setup_DFF2_SLICEL_C_D)
                                                      0.046     5.046    cdc_asyn_fifo_axis_i/axis_data_fifo_0/inst/gen_fifo.xpm_fifo_axis_inst/xpm_fifo_base_inst/gen_cdc_pntr.rd_pntr_cdc_inst/dest_graysync_ff_reg[0][3]
  -------------------------------------------------------------------
                         required time                          5.046    
                         arrival time                          -0.741    
  -------------------------------------------------------------------
                         slack                                  4.305    

Slack (MET) :             4.305ns  (required time - arrival time)
  Source:                 cdc_asyn_fifo_axis_i/axis_data_fifo_0/inst/gen_fifo.xpm_fifo_axis_inst/xpm_fifo_base_inst/gen_cdc_pntr.rd_pntr_cdc_inst/src_gray_ff_reg[6]/C
                            (rising edge-triggered cell FDRE clocked by clk_out1_cdc_asyn_fifo_axis_clk_wiz_0_0  {rise@0.000ns fall@2.500ns period=5.000ns})
  Destination:            cdc_asyn_fifo_axis_i/axis_data_fifo_0/inst/gen_fifo.xpm_fifo_axis_inst/xpm_fifo_base_inst/gen_cdc_pntr.rd_pntr_cdc_inst/dest_graysync_ff_reg[0][6]/D
                            (rising edge-triggered cell FDRE clocked by clk_pl_0  {rise@0.000ns fall@5.156ns period=10.312ns})
  Path Group:             clk_pl_0
  Path Type:              Setup (Max at Slow Process Corner)
  Requirement:            5.000ns  (MaxDelay Path 5.000ns)
  Data Path Delay:        0.741ns  (logic 0.113ns (15.250%)  route 0.628ns (84.750%))
  Logic Levels:           0  
  Timing Exception:       MaxDelay Path 5.000ns -datapath_only

    Location             Delay type                Incr(ns)  Path(ns)    Netlist Resource(s)
  -------------------------------------------------------------------    -------------------
    SLICE_X48Y107                                     0.000     0.000 r  cdc_asyn_fifo_axis_i/axis_data_fifo_0/inst/gen_fifo.xpm_fifo_axis_inst/xpm_fifo_base_inst/gen_cdc_pntr.rd_pntr_cdc_inst/src_gray_ff_reg[6]/C
    SLICE_X48Y107        FDRE (Prop_FFF_SLICEL_C_Q)
                                                      0.113     0.113 r  cdc_asyn_fifo_axis_i/axis_data_fifo_0/inst/gen_fifo.xpm_fifo_axis_inst/xpm_fifo_base_inst/gen_cdc_pntr.rd_pntr_cdc_inst/src_gray_ff_reg[6]/Q
                         net (fo=1, routed)           0.628     0.741    cdc_asyn_fifo_axis_i/axis_data_fifo_0/inst/gen_fifo.xpm_fifo_axis_inst/xpm_fifo_base_inst/gen_cdc_pntr.rd_pntr_cdc_inst/async_path[6]
    SLICE_X49Y106        FDRE                                         r  cdc_asyn_fifo_axis_i/axis_data_fifo_0/inst/gen_fifo.xpm_fifo_axis_inst/xpm_fifo_base_inst/gen_cdc_pntr.rd_pntr_cdc_inst/dest_graysync_ff_reg[0][6]/D
  -------------------------------------------------------------------    -------------------

                         max delay                    5.000     5.000    
    SLICE_X49Y106        FDRE (Setup_GFF2_SLICEL_C_D)
                                                      0.046     5.046    cdc_asyn_fifo_axis_i/axis_data_fifo_0/inst/gen_fifo.xpm_fifo_axis_inst/xpm_fifo_base_inst/gen_cdc_pntr.rd_pntr_cdc_inst/dest_graysync_ff_reg[0][6]
  -------------------------------------------------------------------
                         required time                          5.046    
                         arrival time                          -0.741    
  -------------------------------------------------------------------
                         slack                                  4.305    

Slack (MET) :             4.322ns  (required time - arrival time)
  Source:                 cdc_asyn_fifo_axis_i/axis_data_fifo_0/inst/gen_fifo.xpm_fifo_axis_inst/xpm_fifo_base_inst/gen_cdc_pntr.rd_pntr_cdc_inst/src_gray_ff_reg[5]/C
                            (rising edge-triggered cell FDRE clocked by clk_out1_cdc_asyn_fifo_axis_clk_wiz_0_0  {rise@0.000ns fall@2.500ns period=5.000ns})
  Destination:            cdc_asyn_fifo_axis_i/axis_data_fifo_0/inst/gen_fifo.xpm_fifo_axis_inst/xpm_fifo_base_inst/gen_cdc_pntr.rd_pntr_cdc_inst/dest_graysync_ff_reg[0][5]/D
                            (rising edge-triggered cell FDRE clocked by clk_pl_0  {rise@0.000ns fall@5.156ns period=10.312ns})
  Path Group:             clk_pl_0
  Path Type:              Setup (Max at Slow Process Corner)
  Requirement:            5.000ns  (MaxDelay Path 5.000ns)
  Data Path Delay:        0.724ns  (logic 0.116ns (16.022%)  route 0.608ns (83.978%))
  Logic Levels:           0  
  Timing Exception:       MaxDelay Path 5.000ns -datapath_only

    Location             Delay type                Incr(ns)  Path(ns)    Netlist Resource(s)
  -------------------------------------------------------------------    -------------------
    SLICE_X48Y107                                     0.000     0.000 r  cdc_asyn_fifo_axis_i/axis_data_fifo_0/inst/gen_fifo.xpm_fifo_axis_inst/xpm_fifo_base_inst/gen_cdc_pntr.rd_pntr_cdc_inst/src_gray_ff_reg[5]/C
    SLICE_X48Y107        FDRE (Prop_GFF2_SLICEL_C_Q)
                                                      0.116     0.116 r  cdc_asyn_fifo_axis_i/axis_data_fifo_0/inst/gen_fifo.xpm_fifo_axis_inst/xpm_fifo_base_inst/gen_cdc_pntr.rd_pntr_cdc_inst/src_gray_ff_reg[5]/Q
                         net (fo=1, routed)           0.608     0.724    cdc_asyn_fifo_axis_i/axis_data_fifo_0/inst/gen_fifo.xpm_fifo_axis_inst/xpm_fifo_base_inst/gen_cdc_pntr.rd_pntr_cdc_inst/async_path[5]
    SLICE_X50Y108        FDRE                                         r  cdc_asyn_fifo_axis_i/axis_data_fifo_0/inst/gen_fifo.xpm_fifo_axis_inst/xpm_fifo_base_inst/gen_cdc_pntr.rd_pntr_cdc_inst/dest_graysync_ff_reg[0][5]/D
  -------------------------------------------------------------------    -------------------

                         max delay                    5.000     5.000    
    SLICE_X50Y108        FDRE (Setup_DFF2_SLICEL_C_D)
                                                      0.046     5.046    cdc_asyn_fifo_axis_i/axis_data_fifo_0/inst/gen_fifo.xpm_fifo_axis_inst/xpm_fifo_base_inst/gen_cdc_pntr.rd_pntr_cdc_inst/dest_graysync_ff_reg[0][5]
  -------------------------------------------------------------------
                         required time                          5.046    
                         arrival time                          -0.724    
  -------------------------------------------------------------------
                         slack                                  4.322    

Slack (MET) :             4.490ns  (required time - arrival time)
  Source:                 cdc_asyn_fifo_axis_i/axis_data_fifo_0/inst/gen_fifo.xpm_fifo_axis_inst/xpm_fifo_base_inst/gen_cdc_pntr.rd_pntr_cdc_inst/src_gray_ff_reg[8]/C
                            (rising edge-triggered cell FDRE clocked by clk_out1_cdc_asyn_fifo_axis_clk_wiz_0_0  {rise@0.000ns fall@2.500ns period=5.000ns})
  Destination:            cdc_asyn_fifo_axis_i/axis_data_fifo_0/inst/gen_fifo.xpm_fifo_axis_inst/xpm_fifo_base_inst/gen_cdc_pntr.rd_pntr_cdc_inst/dest_graysync_ff_reg[0][8]/D
                            (rising edge-triggered cell FDRE clocked by clk_pl_0  {rise@0.000ns fall@5.156ns period=10.312ns})
  Path Group:             clk_pl_0
  Path Type:              Setup (Max at Slow Process Corner)
  Requirement:            5.000ns  (MaxDelay Path 5.000ns)
  Data Path Delay:        0.556ns  (logic 0.114ns (20.504%)  route 0.442ns (79.496%))
  Logic Levels:           0  
  Timing Exception:       MaxDelay Path 5.000ns -datapath_only

    Location             Delay type                Incr(ns)  Path(ns)    Netlist Resource(s)
  -------------------------------------------------------------------    -------------------
    SLICE_X52Y108                                     0.000     0.000 r  cdc_asyn_fifo_axis_i/axis_data_fifo_0/inst/gen_fifo.xpm_fifo_axis_inst/xpm_fifo_base_inst/gen_cdc_pntr.rd_pntr_cdc_inst/src_gray_ff_reg[8]/C
    SLICE_X52Y108        FDRE (Prop_EFF_SLICEL_C_Q)
                                                      0.114     0.114 r  cdc_asyn_fifo_axis_i/axis_data_fifo_0/inst/gen_fifo.xpm_fifo_axis_inst/xpm_fifo_base_inst/gen_cdc_pntr.rd_pntr_cdc_inst/src_gray_ff_reg[8]/Q
                         net (fo=1, routed)           0.442     0.556    cdc_asyn_fifo_axis_i/axis_data_fifo_0/inst/gen_fifo.xpm_fifo_axis_inst/xpm_fifo_base_inst/gen_cdc_pntr.rd_pntr_cdc_inst/async_path[8]
    SLICE_X52Y108        FDRE                                         r  cdc_asyn_fifo_axis_i/axis_data_fifo_0/inst/gen_fifo.xpm_fifo_axis_inst/xpm_fifo_base_inst/gen_cdc_pntr.rd_pntr_cdc_inst/dest_graysync_ff_reg[0][8]/D
  -------------------------------------------------------------------    -------------------

                         max delay                    5.000     5.000    
    SLICE_X52Y108        FDRE (Setup_DFF2_SLICEL_C_D)
                                                      0.046     5.046    cdc_asyn_fifo_axis_i/axis_data_fifo_0/inst/gen_fifo.xpm_fifo_axis_inst/xpm_fifo_base_inst/gen_cdc_pntr.rd_pntr_cdc_inst/dest_graysync_ff_reg[0][8]
  -------------------------------------------------------------------
                         required time                          5.046    
                         arrival time                          -0.556    
  -------------------------------------------------------------------
                         slack                                  4.490    

Slack (MET) :             4.567ns  (required time - arrival time)
  Source:                 cdc_asyn_fifo_axis_i/axis_data_fifo_1/inst/gen_fifo.xpm_fifo_axis_inst/xpm_fifo_base_inst/gen_cdc_pntr.wr_pntr_cdc_inst/src_gray_ff_reg[2]/C
                            (rising edge-triggered cell FDRE clocked by clk_out1_cdc_asyn_fifo_axis_clk_wiz_0_0  {rise@0.000ns fall@2.500ns period=5.000ns})
  Destination:            cdc_asyn_fifo_axis_i/axis_data_fifo_1/inst/gen_fifo.xpm_fifo_axis_inst/xpm_fifo_base_inst/gen_cdc_pntr.wr_pntr_cdc_inst/dest_graysync_ff_reg[0][2]/D
                            (rising edge-triggered cell FDRE clocked by clk_pl_0  {rise@0.000ns fall@5.156ns period=10.312ns})
  Path Group:             clk_pl_0
  Path Type:              Setup (Max at Slow Process Corner)
  Requirement:            5.000ns  (MaxDelay Path 5.000ns)
  Data Path Delay:        0.479ns  (logic 0.113ns (23.591%)  route 0.366ns (76.409%))
  Logic Levels:           0  
  Timing Exception:       MaxDelay Path 5.000ns -datapath_only

    Location             Delay type                Incr(ns)  Path(ns)    Netlist Resource(s)
  -------------------------------------------------------------------    -------------------
    SLICE_X48Y113                                     0.000     0.000 r  cdc_asyn_fifo_axis_i/axis_data_fifo_1/inst/gen_fifo.xpm_fifo_axis_inst/xpm_fifo_base_inst/gen_cdc_pntr.wr_pntr_cdc_inst/src_gray_ff_reg[2]/C
    SLICE_X48Y113        FDRE (Prop_HFF_SLICEL_C_Q)
                                                      0.113     0.113 r  cdc_asyn_fifo_axis_i/axis_data_fifo_1/inst/gen_fifo.xpm_fifo_axis_inst/xpm_fifo_base_inst/gen_cdc_pntr.wr_pntr_cdc_inst/src_gray_ff_reg[2]/Q
                         net (fo=1, routed)           0.366     0.479    cdc_asyn_fifo_axis_i/axis_data_fifo_1/inst/gen_fifo.xpm_fifo_axis_inst/xpm_fifo_base_inst/gen_cdc_pntr.wr_pntr_cdc_inst/async_path[2]
    SLICE_X46Y112        FDRE                                         r  cdc_asyn_fifo_axis_i/axis_data_fifo_1/inst/gen_fifo.xpm_fifo_axis_inst/xpm_fifo_base_inst/gen_cdc_pntr.wr_pntr_cdc_inst/dest_graysync_ff_reg[0][2]/D
  -------------------------------------------------------------------    -------------------

                         max delay                    5.000     5.000    
    SLICE_X46Y112        FDRE (Setup_HFF2_SLICEL_C_D)
                                                      0.046     5.046    cdc_asyn_fifo_axis_i/axis_data_fifo_1/inst/gen_fifo.xpm_fifo_axis_inst/xpm_fifo_base_inst/gen_cdc_pntr.wr_pntr_cdc_inst/dest_graysync_ff_reg[0][2]
  -------------------------------------------------------------------
                         required time                          5.046    
                         arrival time                          -0.479    
  -------------------------------------------------------------------
                         slack                                  4.567    

Slack (MET) :             4.586ns  (required time - arrival time)
  Source:                 cdc_asyn_fifo_axis_i/axis_data_fifo_1/inst/gen_fifo.xpm_fifo_axis_inst/xpm_fifo_base_inst/gen_cdc_pntr.wr_pntr_cdc_inst/src_gray_ff_reg[3]/C
                            (rising edge-triggered cell FDRE clocked by clk_out1_cdc_asyn_fifo_axis_clk_wiz_0_0  {rise@0.000ns fall@2.500ns period=5.000ns})
  Destination:            cdc_asyn_fifo_axis_i/axis_data_fifo_1/inst/gen_fifo.xpm_fifo_axis_inst/xpm_fifo_base_inst/gen_cdc_pntr.wr_pntr_cdc_inst/dest_graysync_ff_reg[0][3]/D
                            (rising edge-triggered cell FDRE clocked by clk_pl_0  {rise@0.000ns fall@5.156ns period=10.312ns})
  Path Group:             clk_pl_0
  Path Type:              Setup (Max at Slow Process Corner)
  Requirement:            5.000ns  (MaxDelay Path 5.000ns)
  Data Path Delay:        0.460ns  (logic 0.115ns (25.000%)  route 0.345ns (75.000%))
  Logic Levels:           0  
  Timing Exception:       MaxDelay Path 5.000ns -datapath_only

    Location             Delay type                Incr(ns)  Path(ns)    Netlist Resource(s)
  -------------------------------------------------------------------    -------------------
    SLICE_X48Y113                                     0.000     0.000 r  cdc_asyn_fifo_axis_i/axis_data_fifo_1/inst/gen_fifo.xpm_fifo_axis_inst/xpm_fifo_base_inst/gen_cdc_pntr.wr_pntr_cdc_inst/src_gray_ff_reg[3]/C
    SLICE_X48Y113        FDRE (Prop_HFF2_SLICEL_C_Q)
                                                      0.115     0.115 r  cdc_asyn_fifo_axis_i/axis_data_fifo_1/inst/gen_fifo.xpm_fifo_axis_inst/xpm_fifo_base_inst/gen_cdc_pntr.wr_pntr_cdc_inst/src_gray_ff_reg[3]/Q
                         net (fo=1, routed)           0.345     0.460    cdc_asyn_fifo_axis_i/axis_data_fifo_1/inst/gen_fifo.xpm_fifo_axis_inst/xpm_fifo_base_inst/gen_cdc_pntr.wr_pntr_cdc_inst/async_path[3]
    SLICE_X47Y117        FDRE                                         r  cdc_asyn_fifo_axis_i/axis_data_fifo_1/inst/gen_fifo.xpm_fifo_axis_inst/xpm_fifo_base_inst/gen_cdc_pntr.wr_pntr_cdc_inst/dest_graysync_ff_reg[0][3]/D
  -------------------------------------------------------------------    -------------------

                         max delay                    5.000     5.000    
    SLICE_X47Y117        FDRE (Setup_HFF2_SLICEL_C_D)
                                                      0.046     5.046    cdc_asyn_fifo_axis_i/axis_data_fifo_1/inst/gen_fifo.xpm_fifo_axis_inst/xpm_fifo_base_inst/gen_cdc_pntr.wr_pntr_cdc_inst/dest_graysync_ff_reg[0][3]
  -------------------------------------------------------------------
                         required time                          5.046    
                         arrival time                          -0.460    
  -------------------------------------------------------------------
                         slack                                  4.586    

Slack (MET) :             4.591ns  (required time - arrival time)
  Source:                 cdc_asyn_fifo_axis_i/axis_data_fifo_0/inst/gen_fifo.xpm_fifo_axis_inst/xpm_fifo_base_inst/gen_cdc_pntr.rd_pntr_cdc_inst/src_gray_ff_reg[7]/C
                            (rising edge-triggered cell FDRE clocked by clk_out1_cdc_asyn_fifo_axis_clk_wiz_0_0  {rise@0.000ns fall@2.500ns period=5.000ns})
  Destination:            cdc_asyn_fifo_axis_i/axis_data_fifo_0/inst/gen_fifo.xpm_fifo_axis_inst/xpm_fifo_base_inst/gen_cdc_pntr.rd_pntr_cdc_inst/dest_graysync_ff_reg[0][7]/D
                            (rising edge-triggered cell FDRE clocked by clk_pl_0  {rise@0.000ns fall@5.156ns period=10.312ns})
  Path Group:             clk_pl_0
  Path Type:              Setup (Max at Slow Process Corner)
  Requirement:            5.000ns  (MaxDelay Path 5.000ns)
  Data Path Delay:        0.455ns  (logic 0.117ns (25.714%)  route 0.338ns (74.286%))
  Logic Levels:           0  
  Timing Exception:       MaxDelay Path 5.000ns -datapath_only

    Location             Delay type                Incr(ns)  Path(ns)    Netlist Resource(s)
  -------------------------------------------------------------------    -------------------
    SLICE_X48Y107                                     0.000     0.000 r  cdc_asyn_fifo_axis_i/axis_data_fifo_0/inst/gen_fifo.xpm_fifo_axis_inst/xpm_fifo_base_inst/gen_cdc_pntr.rd_pntr_cdc_inst/src_gray_ff_reg[7]/C
    SLICE_X48Y107        FDRE (Prop_FFF2_SLICEL_C_Q)
                                                      0.117     0.117 r  cdc_asyn_fifo_axis_i/axis_data_fifo_0/inst/gen_fifo.xpm_fifo_axis_inst/xpm_fifo_base_inst/gen_cdc_pntr.rd_pntr_cdc_inst/src_gray_ff_reg[7]/Q
                         net (fo=1, routed)           0.338     0.455    cdc_asyn_fifo_axis_i/axis_data_fifo_0/inst/gen_fifo.xpm_fifo_axis_inst/xpm_fifo_base_inst/gen_cdc_pntr.rd_pntr_cdc_inst/async_path[7]
    SLICE_X48Y107        FDRE                                         r  cdc_asyn_fifo_axis_i/axis_data_fifo_0/inst/gen_fifo.xpm_fifo_axis_inst/xpm_fifo_base_inst/gen_cdc_pntr.rd_pntr_cdc_inst/dest_graysync_ff_reg[0][7]/D
  -------------------------------------------------------------------    -------------------

                         max delay                    5.000     5.000    
    SLICE_X48Y107        FDRE (Setup_CFF2_SLICEL_C_D)
                                                      0.046     5.046    cdc_asyn_fifo_axis_i/axis_data_fifo_0/inst/gen_fifo.xpm_fifo_axis_inst/xpm_fifo_base_inst/gen_cdc_pntr.rd_pntr_cdc_inst/dest_graysync_ff_reg[0][7]
  -------------------------------------------------------------------
                         required time                          5.046    
                         arrival time                          -0.455    
  -------------------------------------------------------------------
                         slack                                  4.591    

Slack (MET) :             4.601ns  (required time - arrival time)
  Source:                 cdc_asyn_fifo_axis_i/axis_data_fifo_0/inst/gen_fifo.xpm_fifo_axis_inst/xpm_fifo_base_inst/gen_cdc_pntr.rd_pntr_cdc_inst/src_gray_ff_reg[2]/C
                            (rising edge-triggered cell FDRE clocked by clk_out1_cdc_asyn_fifo_axis_clk_wiz_0_0  {rise@0.000ns fall@2.500ns period=5.000ns})
  Destination:            cdc_asyn_fifo_axis_i/axis_data_fifo_0/inst/gen_fifo.xpm_fifo_axis_inst/xpm_fifo_base_inst/gen_cdc_pntr.rd_pntr_cdc_inst/dest_graysync_ff_reg[0][2]/D
                            (rising edge-triggered cell FDRE clocked by clk_pl_0  {rise@0.000ns fall@5.156ns period=10.312ns})
  Path Group:             clk_pl_0
  Path Type:              Setup (Max at Slow Process Corner)
  Requirement:            5.000ns  (MaxDelay Path 5.000ns)
  Data Path Delay:        0.445ns  (logic 0.113ns (25.393%)  route 0.332ns (74.607%))
  Logic Levels:           0  
  Timing Exception:       MaxDelay Path 5.000ns -datapath_only

    Location             Delay type                Incr(ns)  Path(ns)    Netlist Resource(s)
  -------------------------------------------------------------------    -------------------
    SLICE_X47Y106                                     0.000     0.000 r  cdc_asyn_fifo_axis_i/axis_data_fifo_0/inst/gen_fifo.xpm_fifo_axis_inst/xpm_fifo_base_inst/gen_cdc_pntr.rd_pntr_cdc_inst/src_gray_ff_reg[2]/C
    SLICE_X47Y106        FDRE (Prop_HFF_SLICEL_C_Q)
                                                      0.113     0.113 r  cdc_asyn_fifo_axis_i/axis_data_fifo_0/inst/gen_fifo.xpm_fifo_axis_inst/xpm_fifo_base_inst/gen_cdc_pntr.rd_pntr_cdc_inst/src_gray_ff_reg[2]/Q
                         net (fo=1, routed)           0.332     0.445    cdc_asyn_fifo_axis_i/axis_data_fifo_0/inst/gen_fifo.xpm_fifo_axis_inst/xpm_fifo_base_inst/gen_cdc_pntr.rd_pntr_cdc_inst/async_path[2]
    SLICE_X47Y102        FDRE                                         r  cdc_asyn_fifo_axis_i/axis_data_fifo_0/inst/gen_fifo.xpm_fifo_axis_inst/xpm_fifo_base_inst/gen_cdc_pntr.rd_pntr_cdc_inst/dest_graysync_ff_reg[0][2]/D
  -------------------------------------------------------------------    -------------------

                         max delay                    5.000     5.000    
    SLICE_X47Y102        FDRE (Setup_DFF2_SLICEL_C_D)
                                                      0.046     5.046    cdc_asyn_fifo_axis_i/axis_data_fifo_0/inst/gen_fifo.xpm_fifo_axis_inst/xpm_fifo_base_inst/gen_cdc_pntr.rd_pntr_cdc_inst/dest_graysync_ff_reg[0][2]
  -------------------------------------------------------------------
                         required time                          5.046    
                         arrival time                          -0.445    
  -------------------------------------------------------------------
                         slack                                  4.601    

Slack (MET) :             4.606ns  (required time - arrival time)
  Source:                 cdc_asyn_fifo_axis_i/axis_data_fifo_0/inst/gen_fifo.xpm_fifo_axis_inst/xpm_fifo_base_inst/gen_cdc_pntr.rd_pntr_cdc_inst/src_gray_ff_reg[4]/C
                            (rising edge-triggered cell FDRE clocked by clk_out1_cdc_asyn_fifo_axis_clk_wiz_0_0  {rise@0.000ns fall@2.500ns period=5.000ns})
  Destination:            cdc_asyn_fifo_axis_i/axis_data_fifo_0/inst/gen_fifo.xpm_fifo_axis_inst/xpm_fifo_base_inst/gen_cdc_pntr.rd_pntr_cdc_inst/dest_graysync_ff_reg[0][4]/D
                            (rising edge-triggered cell FDRE clocked by clk_pl_0  {rise@0.000ns fall@5.156ns period=10.312ns})
  Path Group:             clk_pl_0
  Path Type:              Setup (Max at Slow Process Corner)
  Requirement:            5.000ns  (MaxDelay Path 5.000ns)
  Data Path Delay:        0.440ns  (logic 0.114ns (25.909%)  route 0.326ns (74.091%))
  Logic Levels:           0  
  Timing Exception:       MaxDelay Path 5.000ns -datapath_only

    Location             Delay type                Incr(ns)  Path(ns)    Netlist Resource(s)
  -------------------------------------------------------------------    -------------------
    SLICE_X48Y107                                     0.000     0.000 r  cdc_asyn_fifo_axis_i/axis_data_fifo_0/inst/gen_fifo.xpm_fifo_axis_inst/xpm_fifo_base_inst/gen_cdc_pntr.rd_pntr_cdc_inst/src_gray_ff_reg[4]/C
    SLICE_X48Y107        FDRE (Prop_GFF_SLICEL_C_Q)
                                                      0.114     0.114 r  cdc_asyn_fifo_axis_i/axis_data_fifo_0/inst/gen_fifo.xpm_fifo_axis_inst/xpm_fifo_base_inst/gen_cdc_pntr.rd_pntr_cdc_inst/src_gray_ff_reg[4]/Q
                         net (fo=1, routed)           0.326     0.440    cdc_asyn_fifo_axis_i/axis_data_fifo_0/inst/gen_fifo.xpm_fifo_axis_inst/xpm_fifo_base_inst/gen_cdc_pntr.rd_pntr_cdc_inst/async_path[4]
    SLICE_X48Y109        FDRE                                         r  cdc_asyn_fifo_axis_i/axis_data_fifo_0/inst/gen_fifo.xpm_fifo_axis_inst/xpm_fifo_base_inst/gen_cdc_pntr.rd_pntr_cdc_inst/dest_graysync_ff_reg[0][4]/D
  -------------------------------------------------------------------    -------------------

                         max delay                    5.000     5.000    
    SLICE_X48Y109        FDRE (Setup_HFF2_SLICEL_C_D)
                                                      0.046     5.046    cdc_asyn_fifo_axis_i/axis_data_fifo_0/inst/gen_fifo.xpm_fifo_axis_inst/xpm_fifo_base_inst/gen_cdc_pntr.rd_pntr_cdc_inst/dest_graysync_ff_reg[0][4]
  -------------------------------------------------------------------
                         required time                          5.046    
                         arrival time                          -0.440    
  -------------------------------------------------------------------
                         slack                                  4.606    





--------------------------------------------------------------------------------------
Path Group:  (none)
From Clock:  
  To Clock:  clk_out1_cdc_asyn_fifo_axis_clk_wiz_0_0

Max Delay             1 Endpoint
Min Delay             1 Endpoint
--------------------------------------------------------------------------------------


Max Delay Paths
--------------------------------------------------------------------------------------
Slack:                    inf
  Source:                 cdc_asyn_fifo_axis_i/zynq_ultra_ps_e_0/inst/PS8_i/EMIOGPIOO[95]
                            (internal pin)
  Destination:            cdc_asyn_fifo_axis_i/proc_sys_reset_1/U0/EXT_LPF/ACTIVE_LOW_EXT.ACT_LO_EXT/GENERATE_LEVEL_P_S_CDC.SINGLE_BIT.CROSS_PLEVEL_IN2SCNDRY_IN_cdc_to/D
                            (rising edge-triggered cell FDRE clocked by clk_out1_cdc_asyn_fifo_axis_clk_wiz_0_0  {rise@0.000ns fall@2.500ns period=5.000ns})
  Path Group:             (none)
  Path Type:              Setup (Max at Slow Process Corner)
  Data Path Delay:        2.910ns  (logic 0.136ns (4.674%)  route 2.774ns (95.326%))
  Logic Levels:           1  (LUT1=1)
  Clock Uncertainty:      0.366ns  ((TSJ^2 + DJ^2)^1/2) / 2 + PE
    Total System Jitter     (TSJ):    0.050ns
    Discrete Jitter          (DJ):    0.217ns
    Phase Error              (PE):    0.255ns
  Clock Net Delay (Destination): 2.122ns (routing 1.133ns, distribution 0.989ns)
  Timing Exception:       False Path

    Location             Delay type                Incr(ns)  Path(ns)    Netlist Resource(s)
  -------------------------------------------------------------------    -------------------
    PS8_X0Y0             PS8                          0.000     0.000 f  cdc_asyn_fifo_axis_i/zynq_ultra_ps_e_0/inst/PS8_i/EMIOGPIOO[95]
                         net (fo=2, routed)           2.489     2.489    cdc_asyn_fifo_axis_i/proc_sys_reset_1/U0/EXT_LPF/ACTIVE_LOW_EXT.ACT_LO_EXT/ext_reset_in
    SLICE_X36Y121        LUT1 (Prop_C6LUT_SLICEL_I0_O)
                                                      0.136     2.625 r  cdc_asyn_fifo_axis_i/proc_sys_reset_1/U0/EXT_LPF/ACTIVE_LOW_EXT.ACT_LO_EXT/GENERATE_LEVEL_P_S_CDC.SINGLE_BIT.CROSS_PLEVEL_IN2SCNDRY_IN_cdc_to_i_1/O
                         net (fo=1, routed)           0.285     2.910    cdc_asyn_fifo_axis_i/proc_sys_reset_1/U0/EXT_LPF/ACTIVE_LOW_EXT.ACT_LO_EXT/exr_d1
    SLICE_X36Y120        FDRE                                         r  cdc_asyn_fifo_axis_i/proc_sys_reset_1/U0/EXT_LPF/ACTIVE_LOW_EXT.ACT_LO_EXT/GENERATE_LEVEL_P_S_CDC.SINGLE_BIT.CROSS_PLEVEL_IN2SCNDRY_IN_cdc_to/D
  -------------------------------------------------------------------    -------------------

                         (clock clk_out1_cdc_asyn_fifo_axis_clk_wiz_0_0 rise edge)
                                                      0.000     0.000 r  
    BUFG_PS_X0Y81        BUFG_PS                      0.000     0.000 r  cdc_asyn_fifo_axis_i/zynq_ultra_ps_e_0/inst/buffer_pl_clk_0.PL_CLK_0_BUFG/O
                         net (fo=15566, routed)       2.483     2.483    cdc_asyn_fifo_axis_i/clk_wiz_0/inst/clk_in1
    MMCM_X0Y3            MMCME4_ADV (Prop_MMCM_CLKIN1_CLKOUT0)
                                                      0.739     3.222 r  cdc_asyn_fifo_axis_i/clk_wiz_0/inst/mmcme4_adv_inst/CLKOUT0
                         net (fo=1, routed)           0.307     3.529    cdc_asyn_fifo_axis_i/clk_wiz_0/inst/clk_out1_cdc_asyn_fifo_axis_clk_wiz_0_0
    BUFGCE_X0Y76         BUFGCE (Prop_BUFCE_BUFGCE_I_O)
                                                      0.039     3.568 r  cdc_asyn_fifo_axis_i/clk_wiz_0/inst/clkout1_buf/O
    X1Y1 (CLOCK_ROOT)    net (fo=193, routed)         2.122     5.690    cdc_asyn_fifo_axis_i/proc_sys_reset_1/U0/EXT_LPF/ACTIVE_LOW_EXT.ACT_LO_EXT/slowest_sync_clk
    SLICE_X36Y120        FDRE                                         r  cdc_asyn_fifo_axis_i/proc_sys_reset_1/U0/EXT_LPF/ACTIVE_LOW_EXT.ACT_LO_EXT/GENERATE_LEVEL_P_S_CDC.SINGLE_BIT.CROSS_PLEVEL_IN2SCNDRY_IN_cdc_to/C





Min Delay Paths
--------------------------------------------------------------------------------------
Slack:                    inf
  Source:                 cdc_asyn_fifo_axis_i/zynq_ultra_ps_e_0/inst/PS8_i/EMIOGPIOO[95]
                            (internal pin)
  Destination:            cdc_asyn_fifo_axis_i/proc_sys_reset_1/U0/EXT_LPF/ACTIVE_LOW_EXT.ACT_LO_EXT/GENERATE_LEVEL_P_S_CDC.SINGLE_BIT.CROSS_PLEVEL_IN2SCNDRY_IN_cdc_to/D
                            (rising edge-triggered cell FDRE clocked by clk_out1_cdc_asyn_fifo_axis_clk_wiz_0_0  {rise@0.000ns fall@2.500ns period=5.000ns})
  Path Group:             (none)
  Path Type:              Hold (Min at Fast Process Corner)
  Data Path Delay:        1.210ns  (logic 0.067ns (5.537%)  route 1.143ns (94.463%))
  Logic Levels:           1  (LUT1=1)
  Clock Uncertainty:      0.366ns  ((TSJ^2 + DJ^2)^1/2) / 2 + PE
    Total System Jitter     (TSJ):    0.050ns
    Discrete Jitter          (DJ):    0.217ns
    Phase Error              (PE):    0.255ns
  Clock Net Delay (Destination): 1.409ns (routing 0.738ns, distribution 0.671ns)
  Timing Exception:       False Path

    Location             Delay type                Incr(ns)  Path(ns)    Netlist Resource(s)
  -------------------------------------------------------------------    -------------------
    PS8_X0Y0             PS8                          0.000     0.000 f  cdc_asyn_fifo_axis_i/zynq_ultra_ps_e_0/inst/PS8_i/EMIOGPIOO[95]
                         net (fo=2, routed)           1.059     1.059    cdc_asyn_fifo_axis_i/proc_sys_reset_1/U0/EXT_LPF/ACTIVE_LOW_EXT.ACT_LO_EXT/ext_reset_in
    SLICE_X36Y121        LUT1 (Prop_C6LUT_SLICEL_I0_O)
                                                      0.067     1.126 r  cdc_asyn_fifo_axis_i/proc_sys_reset_1/U0/EXT_LPF/ACTIVE_LOW_EXT.ACT_LO_EXT/GENERATE_LEVEL_P_S_CDC.SINGLE_BIT.CROSS_PLEVEL_IN2SCNDRY_IN_cdc_to_i_1/O
                         net (fo=1, routed)           0.084     1.210    cdc_asyn_fifo_axis_i/proc_sys_reset_1/U0/EXT_LPF/ACTIVE_LOW_EXT.ACT_LO_EXT/exr_d1
    SLICE_X36Y120        FDRE                                         r  cdc_asyn_fifo_axis_i/proc_sys_reset_1/U0/EXT_LPF/ACTIVE_LOW_EXT.ACT_LO_EXT/GENERATE_LEVEL_P_S_CDC.SINGLE_BIT.CROSS_PLEVEL_IN2SCNDRY_IN_cdc_to/D
  -------------------------------------------------------------------    -------------------

                         (clock clk_out1_cdc_asyn_fifo_axis_clk_wiz_0_0 rise edge)
                                                      0.000     0.000 r  
    BUFG_PS_X0Y81        BUFG_PS                      0.000     0.000 r  cdc_asyn_fifo_axis_i/zynq_ultra_ps_e_0/inst/buffer_pl_clk_0.PL_CLK_0_BUFG/O
                         net (fo=15566, routed)       1.636     1.636    cdc_asyn_fifo_axis_i/clk_wiz_0/inst/clk_in1
    MMCM_X0Y3            MMCME4_ADV (Prop_MMCM_CLKIN1_CLKOUT0)
                                                     -0.079     1.557 r  cdc_asyn_fifo_axis_i/clk_wiz_0/inst/mmcme4_adv_inst/CLKOUT0
                         net (fo=1, routed)           0.204     1.761    cdc_asyn_fifo_axis_i/clk_wiz_0/inst/clk_out1_cdc_asyn_fifo_axis_clk_wiz_0_0
    BUFGCE_X0Y76         BUFGCE (Prop_BUFCE_BUFGCE_I_O)
                                                      0.026     1.787 r  cdc_asyn_fifo_axis_i/clk_wiz_0/inst/clkout1_buf/O
    X1Y1 (CLOCK_ROOT)    net (fo=193, routed)         1.409     3.196    cdc_asyn_fifo_axis_i/proc_sys_reset_1/U0/EXT_LPF/ACTIVE_LOW_EXT.ACT_LO_EXT/slowest_sync_clk
    SLICE_X36Y120        FDRE                                         r  cdc_asyn_fifo_axis_i/proc_sys_reset_1/U0/EXT_LPF/ACTIVE_LOW_EXT.ACT_LO_EXT/GENERATE_LEVEL_P_S_CDC.SINGLE_BIT.CROSS_PLEVEL_IN2SCNDRY_IN_cdc_to/C





--------------------------------------------------------------------------------------
Path Group:  (none)
From Clock:  clk_out1_cdc_asyn_fifo_axis_clk_wiz_0_0
  To Clock:  clk_out1_cdc_asyn_fifo_axis_clk_wiz_0_0

Max Delay             1 Endpoint
Min Delay             1 Endpoint
--------------------------------------------------------------------------------------


Max Delay Paths
--------------------------------------------------------------------------------------
Slack:                    inf
  Source:                 cdc_asyn_fifo_axis_i/proc_sys_reset_1/U0/ACTIVE_LOW_PR_OUT_DFF[0].FDRE_PER_N/C
                            (rising edge-triggered cell FDRE clocked by clk_out1_cdc_asyn_fifo_axis_clk_wiz_0_0  {rise@0.000ns fall@2.500ns period=5.000ns})
  Destination:            cdc_asyn_fifo_axis_i/axis_data_fifo_1/inst/gen_fifo.xpm_fifo_axis_inst/gaxis_rst_sync.xpm_cdc_sync_rst_inst/syncstages_ff_reg[0]/D
                            (rising edge-triggered cell FDRE clocked by clk_out1_cdc_asyn_fifo_axis_clk_wiz_0_0  {rise@0.000ns fall@2.500ns period=5.000ns})
  Path Group:             (none)
  Path Type:              Setup (Max at Slow Process Corner)
  Data Path Delay:        1.314ns  (logic 0.170ns (12.938%)  route 1.144ns (87.062%))
  Logic Levels:           1  (LUT1=1)
  Clock Path Skew:        0.321ns (DCD - SCD + CPR)
    Destination Clock Delay (DCD):    5.762ns
    Source Clock Delay      (SCD):    5.442ns
    Clock Pessimism Removal (CPR):    0.000ns
  Clock Uncertainty:      0.121ns  ((TSJ^2 + DJ^2)^1/2) / 2 + PE
    Total System Jitter     (TSJ):    0.071ns
    Discrete Jitter          (DJ):    0.231ns
    Phase Error              (PE):    0.000ns
  Clock Net Delay (Source):      2.433ns (routing 1.241ns, distribution 1.192ns)
  Clock Net Delay (Destination): 2.194ns (routing 1.133ns, distribution 1.061ns)
  Timing Exception:       False Path

    Location             Delay type                Incr(ns)  Path(ns)    Netlist Resource(s)
  -------------------------------------------------------------------    -------------------
                         (clock clk_out1_cdc_asyn_fifo_axis_clk_wiz_0_0 rise edge)
                                                      0.000     0.000 r  
    BUFG_PS_X0Y81        BUFG_PS                      0.000     0.000 r  cdc_asyn_fifo_axis_i/zynq_ultra_ps_e_0/inst/buffer_pl_clk_0.PL_CLK_0_BUFG/O
                         net (fo=15566, routed)       2.720     2.720    cdc_asyn_fifo_axis_i/clk_wiz_0/inst/clk_in1
    MMCM_X0Y3            MMCME4_ADV (Prop_MMCM_CLKIN1_CLKOUT0)
                                                     -0.103     2.617 r  cdc_asyn_fifo_axis_i/clk_wiz_0/inst/mmcme4_adv_inst/CLKOUT0
                         net (fo=1, routed)           0.348     2.965    cdc_asyn_fifo_axis_i/clk_wiz_0/inst/clk_out1_cdc_asyn_fifo_axis_clk_wiz_0_0
    BUFGCE_X0Y76         BUFGCE (Prop_BUFCE_BUFGCE_I_O)
                                                      0.044     3.009 r  cdc_asyn_fifo_axis_i/clk_wiz_0/inst/clkout1_buf/O
    X1Y1 (CLOCK_ROOT)    net (fo=193, routed)         2.433     5.442    cdc_asyn_fifo_axis_i/proc_sys_reset_1/U0/slowest_sync_clk
    SLICE_X42Y118        FDRE                                         r  cdc_asyn_fifo_axis_i/proc_sys_reset_1/U0/ACTIVE_LOW_PR_OUT_DFF[0].FDRE_PER_N/C
  -------------------------------------------------------------------    -------------------
    SLICE_X42Y118        FDRE (Prop_HFF_SLICEL_C_Q)
                                                      0.113     5.555 f  cdc_asyn_fifo_axis_i/proc_sys_reset_1/U0/ACTIVE_LOW_PR_OUT_DFF[0].FDRE_PER_N/Q
                         net (fo=1, routed)           0.929     6.484    cdc_asyn_fifo_axis_i/axis_data_fifo_1/inst/gen_fifo.xpm_fifo_axis_inst/s_aresetn
    SLICE_X48Y112        LUT1 (Prop_E6LUT_SLICEL_I0_O)
                                                      0.057     6.541 r  cdc_asyn_fifo_axis_i/axis_data_fifo_1/inst/gen_fifo.xpm_fifo_axis_inst/gaxis_rst_sync.xpm_cdc_sync_rst_inst_i_1/O
                         net (fo=1, routed)           0.215     6.756    cdc_asyn_fifo_axis_i/axis_data_fifo_1/inst/gen_fifo.xpm_fifo_axis_inst/gaxis_rst_sync.xpm_cdc_sync_rst_inst/src_rst
    SLICE_X48Y112        FDRE                                         r  cdc_asyn_fifo_axis_i/axis_data_fifo_1/inst/gen_fifo.xpm_fifo_axis_inst/gaxis_rst_sync.xpm_cdc_sync_rst_inst/syncstages_ff_reg[0]/D
  -------------------------------------------------------------------    -------------------

                         (clock clk_out1_cdc_asyn_fifo_axis_clk_wiz_0_0 rise edge)
                                                      0.000     0.000 r  
    BUFG_PS_X0Y81        BUFG_PS                      0.000     0.000 r  cdc_asyn_fifo_axis_i/zynq_ultra_ps_e_0/inst/buffer_pl_clk_0.PL_CLK_0_BUFG/O
                         net (fo=15566, routed)       2.483     2.483    cdc_asyn_fifo_axis_i/clk_wiz_0/inst/clk_in1
    MMCM_X0Y3            MMCME4_ADV (Prop_MMCM_CLKIN1_CLKOUT0)
                                                      0.739     3.222 r  cdc_asyn_fifo_axis_i/clk_wiz_0/inst/mmcme4_adv_inst/CLKOUT0
                         net (fo=1, routed)           0.307     3.529    cdc_asyn_fifo_axis_i/clk_wiz_0/inst/clk_out1_cdc_asyn_fifo_axis_clk_wiz_0_0
    BUFGCE_X0Y76         BUFGCE (Prop_BUFCE_BUFGCE_I_O)
                                                      0.039     3.568 r  cdc_asyn_fifo_axis_i/clk_wiz_0/inst/clkout1_buf/O
    X1Y1 (CLOCK_ROOT)    net (fo=193, routed)         2.194     5.762    cdc_asyn_fifo_axis_i/axis_data_fifo_1/inst/gen_fifo.xpm_fifo_axis_inst/gaxis_rst_sync.xpm_cdc_sync_rst_inst/dest_clk
    SLICE_X48Y112        FDRE                                         r  cdc_asyn_fifo_axis_i/axis_data_fifo_1/inst/gen_fifo.xpm_fifo_axis_inst/gaxis_rst_sync.xpm_cdc_sync_rst_inst/syncstages_ff_reg[0]/C





Min Delay Paths
--------------------------------------------------------------------------------------
Slack:                    inf
  Source:                 cdc_asyn_fifo_axis_i/proc_sys_reset_1/U0/ACTIVE_LOW_PR_OUT_DFF[0].FDRE_PER_N/C
                            (rising edge-triggered cell FDRE clocked by clk_out1_cdc_asyn_fifo_axis_clk_wiz_0_0  {rise@0.000ns fall@2.500ns period=5.000ns})
  Destination:            cdc_asyn_fifo_axis_i/axis_data_fifo_1/inst/gen_fifo.xpm_fifo_axis_inst/gaxis_rst_sync.xpm_cdc_sync_rst_inst/syncstages_ff_reg[0]/D
                            (rising edge-triggered cell FDRE clocked by clk_out1_cdc_asyn_fifo_axis_clk_wiz_0_0  {rise@0.000ns fall@2.500ns period=5.000ns})
  Path Group:             (none)
  Path Type:              Hold (Min at Fast Process Corner)
  Data Path Delay:        0.616ns  (logic 0.105ns (17.045%)  route 0.511ns (82.954%))
  Logic Levels:           1  (LUT1=1)
  Clock Path Skew:        -0.355ns (DCD - SCD - CPR)
    Destination Clock Delay (DCD):    3.230ns
    Source Clock Delay      (SCD):    3.586ns
    Clock Pessimism Removal (CPR):    -0.000ns
  Clock Uncertainty:      0.121ns  ((TSJ^2 + DJ^2)^1/2) / 2 + PE
    Total System Jitter     (TSJ):    0.071ns
    Discrete Jitter          (DJ):    0.231ns
    Phase Error              (PE):    0.000ns
  Clock Net Delay (Source):      1.313ns (routing 0.676ns, distribution 0.637ns)
  Clock Net Delay (Destination): 1.443ns (routing 0.738ns, distribution 0.705ns)
  Timing Exception:       False Path

    Location             Delay type                Incr(ns)  Path(ns)    Netlist Resource(s)
  -------------------------------------------------------------------    -------------------
                         (clock clk_out1_cdc_asyn_fifo_axis_clk_wiz_0_0 rise edge)
                                                      0.000     0.000 r  
    BUFG_PS_X0Y81        BUFG_PS                      0.000     0.000 r  cdc_asyn_fifo_axis_i/zynq_ultra_ps_e_0/inst/buffer_pl_clk_0.PL_CLK_0_BUFG/O
                         net (fo=15566, routed)       1.505     1.505    cdc_asyn_fifo_axis_i/clk_wiz_0/inst/clk_in1
    MMCM_X0Y3            MMCME4_ADV (Prop_MMCM_CLKIN1_CLKOUT0)
                                                      0.566     2.071 r  cdc_asyn_fifo_axis_i/clk_wiz_0/inst/mmcme4_adv_inst/CLKOUT0
                         net (fo=1, routed)           0.179     2.250    cdc_asyn_fifo_axis_i/clk_wiz_0/inst/clk_out1_cdc_asyn_fifo_axis_clk_wiz_0_0
    BUFGCE_X0Y76         BUFGCE (Prop_BUFCE_BUFGCE_I_O)
                                                      0.023     2.273 r  cdc_asyn_fifo_axis_i/clk_wiz_0/inst/clkout1_buf/O
    X1Y1 (CLOCK_ROOT)    net (fo=193, routed)         1.313     3.586    cdc_asyn_fifo_axis_i/proc_sys_reset_1/U0/slowest_sync_clk
    SLICE_X42Y118        FDRE                                         r  cdc_asyn_fifo_axis_i/proc_sys_reset_1/U0/ACTIVE_LOW_PR_OUT_DFF[0].FDRE_PER_N/C
  -------------------------------------------------------------------    -------------------
    SLICE_X42Y118        FDRE (Prop_HFF_SLICEL_C_Q)
                                                      0.084     3.670 f  cdc_asyn_fifo_axis_i/proc_sys_reset_1/U0/ACTIVE_LOW_PR_OUT_DFF[0].FDRE_PER_N/Q
                         net (fo=1, routed)           0.454     4.124    cdc_asyn_fifo_axis_i/axis_data_fifo_1/inst/gen_fifo.xpm_fifo_axis_inst/s_aresetn
    SLICE_X48Y112        LUT1 (Prop_E6LUT_SLICEL_I0_O)
                                                      0.021     4.145 r  cdc_asyn_fifo_axis_i/axis_data_fifo_1/inst/gen_fifo.xpm_fifo_axis_inst/gaxis_rst_sync.xpm_cdc_sync_rst_inst_i_1/O
                         net (fo=1, routed)           0.057     4.202    cdc_asyn_fifo_axis_i/axis_data_fifo_1/inst/gen_fifo.xpm_fifo_axis_inst/gaxis_rst_sync.xpm_cdc_sync_rst_inst/src_rst
    SLICE_X48Y112        FDRE                                         r  cdc_asyn_fifo_axis_i/axis_data_fifo_1/inst/gen_fifo.xpm_fifo_axis_inst/gaxis_rst_sync.xpm_cdc_sync_rst_inst/syncstages_ff_reg[0]/D
  -------------------------------------------------------------------    -------------------

                         (clock clk_out1_cdc_asyn_fifo_axis_clk_wiz_0_0 rise edge)
                                                      0.000     0.000 r  
    BUFG_PS_X0Y81        BUFG_PS                      0.000     0.000 r  cdc_asyn_fifo_axis_i/zynq_ultra_ps_e_0/inst/buffer_pl_clk_0.PL_CLK_0_BUFG/O
                         net (fo=15566, routed)       1.636     1.636    cdc_asyn_fifo_axis_i/clk_wiz_0/inst/clk_in1
    MMCM_X0Y3            MMCME4_ADV (Prop_MMCM_CLKIN1_CLKOUT0)
                                                     -0.079     1.557 r  cdc_asyn_fifo_axis_i/clk_wiz_0/inst/mmcme4_adv_inst/CLKOUT0
                         net (fo=1, routed)           0.204     1.761    cdc_asyn_fifo_axis_i/clk_wiz_0/inst/clk_out1_cdc_asyn_fifo_axis_clk_wiz_0_0
    BUFGCE_X0Y76         BUFGCE (Prop_BUFCE_BUFGCE_I_O)
                                                      0.026     1.787 r  cdc_asyn_fifo_axis_i/clk_wiz_0/inst/clkout1_buf/O
    X1Y1 (CLOCK_ROOT)    net (fo=193, routed)         1.443     3.230    cdc_asyn_fifo_axis_i/axis_data_fifo_1/inst/gen_fifo.xpm_fifo_axis_inst/gaxis_rst_sync.xpm_cdc_sync_rst_inst/dest_clk
    SLICE_X48Y112        FDRE                                         r  cdc_asyn_fifo_axis_i/axis_data_fifo_1/inst/gen_fifo.xpm_fifo_axis_inst/gaxis_rst_sync.xpm_cdc_sync_rst_inst/syncstages_ff_reg[0]/C





--------------------------------------------------------------------------------------
Path Group:  (none)
From Clock:  clk_pl_0
  To Clock:  clk_out1_cdc_asyn_fifo_axis_clk_wiz_0_0

Max Delay             2 Endpoints
Min Delay            20 Endpoints
--------------------------------------------------------------------------------------


Max Delay Paths
--------------------------------------------------------------------------------------
Slack:                    inf
  Source:                 cdc_asyn_fifo_axis_i/axis_data_fifo_1/inst/gen_fifo.xpm_fifo_axis_inst/xpm_fifo_base_inst/xpm_fifo_rst_inst/gen_rst_ic.fifo_rd_rst_ic_reg/C
                            (rising edge-triggered cell FDRE clocked by clk_pl_0  {rise@0.000ns fall@5.156ns period=10.312ns})
  Destination:            cdc_asyn_fifo_axis_i/axis_data_fifo_1/inst/gen_fifo.xpm_fifo_axis_inst/xpm_fifo_base_inst/xpm_fifo_rst_inst/gen_rst_ic.rrst_wr_inst/syncstages_ff_reg[0]/D
                            (rising edge-triggered cell FDRE clocked by clk_out1_cdc_asyn_fifo_axis_clk_wiz_0_0  {rise@0.000ns fall@2.500ns period=5.000ns})
  Path Group:             (none)
  Path Type:              Setup (Max at Slow Process Corner)
  Data Path Delay:        1.115ns  (logic 0.113ns (10.137%)  route 1.002ns (89.863%))
  Logic Levels:           0  
  Clock Path Skew:        2.487ns (DCD - SCD + CPR)
    Destination Clock Delay (DCD):    5.786ns
    Source Clock Delay      (SCD):    3.299ns
    Clock Pessimism Removal (CPR):    0.000ns
  Clock Uncertainty:      0.384ns  ((TSJ^2 + DJ^2)^1/2) / 2 + PE
    Total System Jitter     (TSJ):    0.071ns
    Discrete Jitter          (DJ):    0.248ns
    Phase Error              (PE):    0.255ns
  Clock Net Delay (Source):      3.032ns (routing 1.579ns, distribution 1.453ns)
  Clock Net Delay (Destination): 2.218ns (routing 1.133ns, distribution 1.085ns)
  Timing Exception:       False Path

    Location             Delay type                Incr(ns)  Path(ns)    Netlist Resource(s)
  -------------------------------------------------------------------    -------------------
                         (clock clk_pl_0 rise edge)
                                                      0.000     0.000 r  
    PS8_X0Y0             PS8                          0.000     0.000 r  cdc_asyn_fifo_axis_i/zynq_ultra_ps_e_0/inst/PS8_i/PLCLK[0]
                         net (fo=1, routed)           0.229     0.229    cdc_asyn_fifo_axis_i/zynq_ultra_ps_e_0/inst/pl_clk_unbuffered[0]
    BUFG_PS_X0Y81        BUFG_PS (Prop_BUFG_PS_I_O)
                                                      0.038     0.267 r  cdc_asyn_fifo_axis_i/zynq_ultra_ps_e_0/inst/buffer_pl_clk_0.PL_CLK_0_BUFG/O
    X1Y1 (CLOCK_ROOT)    net (fo=15566, routed)       3.032     3.299    cdc_asyn_fifo_axis_i/axis_data_fifo_1/inst/gen_fifo.xpm_fifo_axis_inst/xpm_fifo_base_inst/xpm_fifo_rst_inst/rd_clk
    SLICE_X45Y111        FDRE                                         r  cdc_asyn_fifo_axis_i/axis_data_fifo_1/inst/gen_fifo.xpm_fifo_axis_inst/xpm_fifo_base_inst/xpm_fifo_rst_inst/gen_rst_ic.fifo_rd_rst_ic_reg/C
  -------------------------------------------------------------------    -------------------
    SLICE_X45Y111        FDRE (Prop_EFF_SLICEM_C_Q)
                                                      0.113     3.412 r  cdc_asyn_fifo_axis_i/axis_data_fifo_1/inst/gen_fifo.xpm_fifo_axis_inst/xpm_fifo_base_inst/xpm_fifo_rst_inst/gen_rst_ic.fifo_rd_rst_ic_reg/Q
                         net (fo=34, routed)          1.002     4.413    cdc_asyn_fifo_axis_i/axis_data_fifo_1/inst/gen_fifo.xpm_fifo_axis_inst/xpm_fifo_base_inst/xpm_fifo_rst_inst/gen_rst_ic.rrst_wr_inst/src_rst
    SLICE_X51Y111        FDRE                                         r  cdc_asyn_fifo_axis_i/axis_data_fifo_1/inst/gen_fifo.xpm_fifo_axis_inst/xpm_fifo_base_inst/xpm_fifo_rst_inst/gen_rst_ic.rrst_wr_inst/syncstages_ff_reg[0]/D
  -------------------------------------------------------------------    -------------------

                         (clock clk_out1_cdc_asyn_fifo_axis_clk_wiz_0_0 rise edge)
                                                      0.000     0.000 r  
    BUFG_PS_X0Y81        BUFG_PS                      0.000     0.000 r  cdc_asyn_fifo_axis_i/zynq_ultra_ps_e_0/inst/buffer_pl_clk_0.PL_CLK_0_BUFG/O
                         net (fo=15566, routed)       2.483     2.483    cdc_asyn_fifo_axis_i/clk_wiz_0/inst/clk_in1
    MMCM_X0Y3            MMCME4_ADV (Prop_MMCM_CLKIN1_CLKOUT0)
                                                      0.739     3.222 r  cdc_asyn_fifo_axis_i/clk_wiz_0/inst/mmcme4_adv_inst/CLKOUT0
                         net (fo=1, routed)           0.307     3.529    cdc_asyn_fifo_axis_i/clk_wiz_0/inst/clk_out1_cdc_asyn_fifo_axis_clk_wiz_0_0
    BUFGCE_X0Y76         BUFGCE (Prop_BUFCE_BUFGCE_I_O)
                                                      0.039     3.568 r  cdc_asyn_fifo_axis_i/clk_wiz_0/inst/clkout1_buf/O
    X1Y1 (CLOCK_ROOT)    net (fo=193, routed)         2.218     5.786    cdc_asyn_fifo_axis_i/axis_data_fifo_1/inst/gen_fifo.xpm_fifo_axis_inst/xpm_fifo_base_inst/xpm_fifo_rst_inst/gen_rst_ic.rrst_wr_inst/dest_clk
    SLICE_X51Y111        FDRE                                         r  cdc_asyn_fifo_axis_i/axis_data_fifo_1/inst/gen_fifo.xpm_fifo_axis_inst/xpm_fifo_base_inst/xpm_fifo_rst_inst/gen_rst_ic.rrst_wr_inst/syncstages_ff_reg[0]/C

Slack:                    inf
  Source:                 cdc_asyn_fifo_axis_i/axis_data_fifo_0/inst/gen_fifo.xpm_fifo_axis_inst/xpm_fifo_base_inst/xpm_fifo_rst_inst/gen_rst_ic.fifo_wr_rst_ic_reg/C
                            (rising edge-triggered cell FDRE clocked by clk_pl_0  {rise@0.000ns fall@5.156ns period=10.312ns})
  Destination:            cdc_asyn_fifo_axis_i/axis_data_fifo_0/inst/gen_fifo.xpm_fifo_axis_inst/xpm_fifo_base_inst/xpm_fifo_rst_inst/gen_rst_ic.wrst_rd_inst/syncstages_ff_reg[0]/D
                            (rising edge-triggered cell FDRE clocked by clk_out1_cdc_asyn_fifo_axis_clk_wiz_0_0  {rise@0.000ns fall@2.500ns period=5.000ns})
  Path Group:             (none)
  Path Type:              Setup (Max at Slow Process Corner)
  Data Path Delay:        0.388ns  (logic 0.114ns (29.387%)  route 0.274ns (70.613%))
  Logic Levels:           0  
  Clock Path Skew:        2.446ns (DCD - SCD + CPR)
    Destination Clock Delay (DCD):    5.785ns
    Source Clock Delay      (SCD):    3.339ns
    Clock Pessimism Removal (CPR):    0.000ns
  Clock Uncertainty:      0.384ns  ((TSJ^2 + DJ^2)^1/2) / 2 + PE
    Total System Jitter     (TSJ):    0.071ns
    Discrete Jitter          (DJ):    0.248ns
    Phase Error              (PE):    0.255ns
  Clock Net Delay (Source):      3.072ns (routing 1.579ns, distribution 1.493ns)
  Clock Net Delay (Destination): 2.217ns (routing 1.133ns, distribution 1.084ns)
  Timing Exception:       False Path

    Location             Delay type                Incr(ns)  Path(ns)    Netlist Resource(s)
  -------------------------------------------------------------------    -------------------
                         (clock clk_pl_0 rise edge)
                                                      0.000     0.000 r  
    PS8_X0Y0             PS8                          0.000     0.000 r  cdc_asyn_fifo_axis_i/zynq_ultra_ps_e_0/inst/PS8_i/PLCLK[0]
                         net (fo=1, routed)           0.229     0.229    cdc_asyn_fifo_axis_i/zynq_ultra_ps_e_0/inst/pl_clk_unbuffered[0]
    BUFG_PS_X0Y81        BUFG_PS (Prop_BUFG_PS_I_O)
                                                      0.038     0.267 r  cdc_asyn_fifo_axis_i/zynq_ultra_ps_e_0/inst/buffer_pl_clk_0.PL_CLK_0_BUFG/O
    X1Y1 (CLOCK_ROOT)    net (fo=15566, routed)       3.072     3.339    cdc_asyn_fifo_axis_i/axis_data_fifo_0/inst/gen_fifo.xpm_fifo_axis_inst/xpm_fifo_base_inst/xpm_fifo_rst_inst/wr_clk
    SLICE_X52Y108        FDRE                                         r  cdc_asyn_fifo_axis_i/axis_data_fifo_0/inst/gen_fifo.xpm_fifo_axis_inst/xpm_fifo_base_inst/xpm_fifo_rst_inst/gen_rst_ic.fifo_wr_rst_ic_reg/C
  -------------------------------------------------------------------    -------------------
    SLICE_X52Y108        FDRE (Prop_DFF_SLICEL_C_Q)
                                                      0.114     3.453 r  cdc_asyn_fifo_axis_i/axis_data_fifo_0/inst/gen_fifo.xpm_fifo_axis_inst/xpm_fifo_base_inst/xpm_fifo_rst_inst/gen_rst_ic.fifo_wr_rst_ic_reg/Q
                         net (fo=2, routed)           0.274     3.727    cdc_asyn_fifo_axis_i/axis_data_fifo_0/inst/gen_fifo.xpm_fifo_axis_inst/xpm_fifo_base_inst/xpm_fifo_rst_inst/gen_rst_ic.wrst_rd_inst/src_rst
    SLICE_X52Y108        FDRE                                         r  cdc_asyn_fifo_axis_i/axis_data_fifo_0/inst/gen_fifo.xpm_fifo_axis_inst/xpm_fifo_base_inst/xpm_fifo_rst_inst/gen_rst_ic.wrst_rd_inst/syncstages_ff_reg[0]/D
  -------------------------------------------------------------------    -------------------

                         (clock clk_out1_cdc_asyn_fifo_axis_clk_wiz_0_0 rise edge)
                                                      0.000     0.000 r  
    BUFG_PS_X0Y81        BUFG_PS                      0.000     0.000 r  cdc_asyn_fifo_axis_i/zynq_ultra_ps_e_0/inst/buffer_pl_clk_0.PL_CLK_0_BUFG/O
                         net (fo=15566, routed)       2.483     2.483    cdc_asyn_fifo_axis_i/clk_wiz_0/inst/clk_in1
    MMCM_X0Y3            MMCME4_ADV (Prop_MMCM_CLKIN1_CLKOUT0)
                                                      0.739     3.222 r  cdc_asyn_fifo_axis_i/clk_wiz_0/inst/mmcme4_adv_inst/CLKOUT0
                         net (fo=1, routed)           0.307     3.529    cdc_asyn_fifo_axis_i/clk_wiz_0/inst/clk_out1_cdc_asyn_fifo_axis_clk_wiz_0_0
    BUFGCE_X0Y76         BUFGCE (Prop_BUFCE_BUFGCE_I_O)
                                                      0.039     3.568 r  cdc_asyn_fifo_axis_i/clk_wiz_0/inst/clkout1_buf/O
    X1Y1 (CLOCK_ROOT)    net (fo=193, routed)         2.217     5.785    cdc_asyn_fifo_axis_i/axis_data_fifo_0/inst/gen_fifo.xpm_fifo_axis_inst/xpm_fifo_base_inst/xpm_fifo_rst_inst/gen_rst_ic.wrst_rd_inst/dest_clk
    SLICE_X52Y108        FDRE                                         r  cdc_asyn_fifo_axis_i/axis_data_fifo_0/inst/gen_fifo.xpm_fifo_axis_inst/xpm_fifo_base_inst/xpm_fifo_rst_inst/gen_rst_ic.wrst_rd_inst/syncstages_ff_reg[0]/C





Min Delay Paths
--------------------------------------------------------------------------------------
Slack:                    inf
  Source:                 cdc_asyn_fifo_axis_i/axis_data_fifo_0/inst/gen_fifo.xpm_fifo_axis_inst/xpm_fifo_base_inst/gen_cdc_pntr.wr_pntr_cdc_inst/src_gray_ff_reg[7]/C
                            (rising edge-triggered cell FDRE clocked by clk_pl_0  {rise@0.000ns fall@5.156ns period=10.312ns})
  Destination:            cdc_asyn_fifo_axis_i/axis_data_fifo_0/inst/gen_fifo.xpm_fifo_axis_inst/xpm_fifo_base_inst/gen_cdc_pntr.wr_pntr_cdc_inst/dest_graysync_ff_reg[0][7]/D
                            (rising edge-triggered cell FDRE clocked by clk_out1_cdc_asyn_fifo_axis_clk_wiz_0_0  {rise@0.000ns fall@2.500ns period=5.000ns})
  Path Group:             (none)
  Path Type:              Hold (Min at Fast Process Corner)
  Data Path Delay:        0.141ns  (logic 0.086ns (60.993%)  route 0.055ns (39.007%))
  Logic Levels:           0  
  Clock Path Skew:        1.405ns (DCD - SCD - CPR)
    Destination Clock Delay (DCD):    3.217ns
    Source Clock Delay      (SCD):    1.812ns
    Clock Pessimism Removal (CPR):    -0.000ns
  Clock Uncertainty:      0.384ns  ((TSJ^2 + DJ^2)^1/2) / 2 + PE
    Total System Jitter     (TSJ):    0.071ns
    Discrete Jitter          (DJ):    0.248ns
    Phase Error              (PE):    0.255ns
  Clock Net Delay (Source):      1.661ns (routing 0.885ns, distribution 0.776ns)
  Clock Net Delay (Destination): 1.430ns (routing 0.738ns, distribution 0.692ns)
  Timing Exception:       False Path

    Location             Delay type                Incr(ns)  Path(ns)    Netlist Resource(s)
  -------------------------------------------------------------------    -------------------
                         (clock clk_pl_0 rise edge)
                                                      0.000     0.000 r  
    PS8_X0Y0             PS8                          0.000     0.000 r  cdc_asyn_fifo_axis_i/zynq_ultra_ps_e_0/inst/PS8_i/PLCLK[0]
                         net (fo=1, routed)           0.129     0.129    cdc_asyn_fifo_axis_i/zynq_ultra_ps_e_0/inst/pl_clk_unbuffered[0]
    BUFG_PS_X0Y81        BUFG_PS (Prop_BUFG_PS_I_O)
                                                      0.022     0.151 r  cdc_asyn_fifo_axis_i/zynq_ultra_ps_e_0/inst/buffer_pl_clk_0.PL_CLK_0_BUFG/O
    X1Y1 (CLOCK_ROOT)    net (fo=15566, routed)       1.661     1.812    cdc_asyn_fifo_axis_i/axis_data_fifo_0/inst/gen_fifo.xpm_fifo_axis_inst/xpm_fifo_base_inst/gen_cdc_pntr.wr_pntr_cdc_inst/src_clk
    SLICE_X46Y106        FDRE                                         r  cdc_asyn_fifo_axis_i/axis_data_fifo_0/inst/gen_fifo.xpm_fifo_axis_inst/xpm_fifo_base_inst/gen_cdc_pntr.wr_pntr_cdc_inst/src_gray_ff_reg[7]/C
  -------------------------------------------------------------------    -------------------
    SLICE_X46Y106        FDRE (Prop_DFF2_SLICEL_C_Q)
                                                      0.086     1.898 r  cdc_asyn_fifo_axis_i/axis_data_fifo_0/inst/gen_fifo.xpm_fifo_axis_inst/xpm_fifo_base_inst/gen_cdc_pntr.wr_pntr_cdc_inst/src_gray_ff_reg[7]/Q
                         net (fo=1, routed)           0.055     1.953    cdc_asyn_fifo_axis_i/axis_data_fifo_0/inst/gen_fifo.xpm_fifo_axis_inst/xpm_fifo_base_inst/gen_cdc_pntr.wr_pntr_cdc_inst/async_path[7]
    SLICE_X45Y106        FDRE                                         r  cdc_asyn_fifo_axis_i/axis_data_fifo_0/inst/gen_fifo.xpm_fifo_axis_inst/xpm_fifo_base_inst/gen_cdc_pntr.wr_pntr_cdc_inst/dest_graysync_ff_reg[0][7]/D
  -------------------------------------------------------------------    -------------------

                         (clock clk_out1_cdc_asyn_fifo_axis_clk_wiz_0_0 rise edge)
                                                      0.000     0.000 r  
    BUFG_PS_X0Y81        BUFG_PS                      0.000     0.000 r  cdc_asyn_fifo_axis_i/zynq_ultra_ps_e_0/inst/buffer_pl_clk_0.PL_CLK_0_BUFG/O
                         net (fo=15566, routed)       1.636     1.636    cdc_asyn_fifo_axis_i/clk_wiz_0/inst/clk_in1
    MMCM_X0Y3            MMCME4_ADV (Prop_MMCM_CLKIN1_CLKOUT0)
                                                     -0.079     1.557 r  cdc_asyn_fifo_axis_i/clk_wiz_0/inst/mmcme4_adv_inst/CLKOUT0
                         net (fo=1, routed)           0.204     1.761    cdc_asyn_fifo_axis_i/clk_wiz_0/inst/clk_out1_cdc_asyn_fifo_axis_clk_wiz_0_0
    BUFGCE_X0Y76         BUFGCE (Prop_BUFCE_BUFGCE_I_O)
                                                      0.026     1.787 r  cdc_asyn_fifo_axis_i/clk_wiz_0/inst/clkout1_buf/O
    X1Y1 (CLOCK_ROOT)    net (fo=193, routed)         1.430     3.217    cdc_asyn_fifo_axis_i/axis_data_fifo_0/inst/gen_fifo.xpm_fifo_axis_inst/xpm_fifo_base_inst/gen_cdc_pntr.wr_pntr_cdc_inst/dest_clk
    SLICE_X45Y106        FDRE                                         r  cdc_asyn_fifo_axis_i/axis_data_fifo_0/inst/gen_fifo.xpm_fifo_axis_inst/xpm_fifo_base_inst/gen_cdc_pntr.wr_pntr_cdc_inst/dest_graysync_ff_reg[0][7]/C

Slack:                    inf
  Source:                 cdc_asyn_fifo_axis_i/axis_data_fifo_0/inst/gen_fifo.xpm_fifo_axis_inst/xpm_fifo_base_inst/gen_cdc_pntr.wr_pntr_cdc_inst/src_gray_ff_reg[8]/C
                            (rising edge-triggered cell FDRE clocked by clk_pl_0  {rise@0.000ns fall@5.156ns period=10.312ns})
  Destination:            cdc_asyn_fifo_axis_i/axis_data_fifo_0/inst/gen_fifo.xpm_fifo_axis_inst/xpm_fifo_base_inst/gen_cdc_pntr.wr_pntr_cdc_inst/dest_graysync_ff_reg[0][8]/D
                            (rising edge-triggered cell FDRE clocked by clk_out1_cdc_asyn_fifo_axis_clk_wiz_0_0  {rise@0.000ns fall@2.500ns period=5.000ns})
  Path Group:             (none)
  Path Type:              Hold (Min at Fast Process Corner)
  Data Path Delay:        0.166ns  (logic 0.084ns (50.602%)  route 0.082ns (49.398%))
  Logic Levels:           0  
  Clock Path Skew:        1.424ns (DCD - SCD - CPR)
    Destination Clock Delay (DCD):    3.228ns
    Source Clock Delay      (SCD):    1.804ns
    Clock Pessimism Removal (CPR):    -0.000ns
  Clock Uncertainty:      0.384ns  ((TSJ^2 + DJ^2)^1/2) / 2 + PE
    Total System Jitter     (TSJ):    0.071ns
    Discrete Jitter          (DJ):    0.248ns
    Phase Error              (PE):    0.255ns
  Clock Net Delay (Source):      1.653ns (routing 0.885ns, distribution 0.768ns)
  Clock Net Delay (Destination): 1.441ns (routing 0.738ns, distribution 0.703ns)
  Timing Exception:       False Path

    Location             Delay type                Incr(ns)  Path(ns)    Netlist Resource(s)
  -------------------------------------------------------------------    -------------------
                         (clock clk_pl_0 rise edge)
                                                      0.000     0.000 r  
    PS8_X0Y0             PS8                          0.000     0.000 r  cdc_asyn_fifo_axis_i/zynq_ultra_ps_e_0/inst/PS8_i/PLCLK[0]
                         net (fo=1, routed)           0.129     0.129    cdc_asyn_fifo_axis_i/zynq_ultra_ps_e_0/inst/pl_clk_unbuffered[0]
    BUFG_PS_X0Y81        BUFG_PS (Prop_BUFG_PS_I_O)
                                                      0.022     0.151 r  cdc_asyn_fifo_axis_i/zynq_ultra_ps_e_0/inst/buffer_pl_clk_0.PL_CLK_0_BUFG/O
    X1Y1 (CLOCK_ROOT)    net (fo=15566, routed)       1.653     1.804    cdc_asyn_fifo_axis_i/axis_data_fifo_0/inst/gen_fifo.xpm_fifo_axis_inst/xpm_fifo_base_inst/gen_cdc_pntr.wr_pntr_cdc_inst/src_clk
    SLICE_X46Y108        FDRE                                         r  cdc_asyn_fifo_axis_i/axis_data_fifo_0/inst/gen_fifo.xpm_fifo_axis_inst/xpm_fifo_base_inst/gen_cdc_pntr.wr_pntr_cdc_inst/src_gray_ff_reg[8]/C
  -------------------------------------------------------------------    -------------------
    SLICE_X46Y108        FDRE (Prop_AFF_SLICEL_C_Q)
                                                      0.084     1.888 r  cdc_asyn_fifo_axis_i/axis_data_fifo_0/inst/gen_fifo.xpm_fifo_axis_inst/xpm_fifo_base_inst/gen_cdc_pntr.wr_pntr_cdc_inst/src_gray_ff_reg[8]/Q
                         net (fo=1, routed)           0.082     1.970    cdc_asyn_fifo_axis_i/axis_data_fifo_0/inst/gen_fifo.xpm_fifo_axis_inst/xpm_fifo_base_inst/gen_cdc_pntr.wr_pntr_cdc_inst/async_path[8]
    SLICE_X46Y108        FDRE                                         r  cdc_asyn_fifo_axis_i/axis_data_fifo_0/inst/gen_fifo.xpm_fifo_axis_inst/xpm_fifo_base_inst/gen_cdc_pntr.wr_pntr_cdc_inst/dest_graysync_ff_reg[0][8]/D
  -------------------------------------------------------------------    -------------------

                         (clock clk_out1_cdc_asyn_fifo_axis_clk_wiz_0_0 rise edge)
                                                      0.000     0.000 r  
    BUFG_PS_X0Y81        BUFG_PS                      0.000     0.000 r  cdc_asyn_fifo_axis_i/zynq_ultra_ps_e_0/inst/buffer_pl_clk_0.PL_CLK_0_BUFG/O
                         net (fo=15566, routed)       1.636     1.636    cdc_asyn_fifo_axis_i/clk_wiz_0/inst/clk_in1
    MMCM_X0Y3            MMCME4_ADV (Prop_MMCM_CLKIN1_CLKOUT0)
                                                     -0.079     1.557 r  cdc_asyn_fifo_axis_i/clk_wiz_0/inst/mmcme4_adv_inst/CLKOUT0
                         net (fo=1, routed)           0.204     1.761    cdc_asyn_fifo_axis_i/clk_wiz_0/inst/clk_out1_cdc_asyn_fifo_axis_clk_wiz_0_0
    BUFGCE_X0Y76         BUFGCE (Prop_BUFCE_BUFGCE_I_O)
                                                      0.026     1.787 r  cdc_asyn_fifo_axis_i/clk_wiz_0/inst/clkout1_buf/O
    X1Y1 (CLOCK_ROOT)    net (fo=193, routed)         1.441     3.228    cdc_asyn_fifo_axis_i/axis_data_fifo_0/inst/gen_fifo.xpm_fifo_axis_inst/xpm_fifo_base_inst/gen_cdc_pntr.wr_pntr_cdc_inst/dest_clk
    SLICE_X46Y108        FDRE                                         r  cdc_asyn_fifo_axis_i/axis_data_fifo_0/inst/gen_fifo.xpm_fifo_axis_inst/xpm_fifo_base_inst/gen_cdc_pntr.wr_pntr_cdc_inst/dest_graysync_ff_reg[0][8]/C

Slack:                    inf
  Source:                 cdc_asyn_fifo_axis_i/axis_data_fifo_1/inst/gen_fifo.xpm_fifo_axis_inst/xpm_fifo_base_inst/gen_cdc_pntr.rd_pntr_cdc_inst/src_gray_ff_reg[7]/C
                            (rising edge-triggered cell FDRE clocked by clk_pl_0  {rise@0.000ns fall@5.156ns period=10.312ns})
  Destination:            cdc_asyn_fifo_axis_i/axis_data_fifo_1/inst/gen_fifo.xpm_fifo_axis_inst/xpm_fifo_base_inst/gen_cdc_pntr.rd_pntr_cdc_inst/dest_graysync_ff_reg[0][7]/D
                            (rising edge-triggered cell FDRE clocked by clk_out1_cdc_asyn_fifo_axis_clk_wiz_0_0  {rise@0.000ns fall@2.500ns period=5.000ns})
  Path Group:             (none)
  Path Type:              Hold (Min at Fast Process Corner)
  Data Path Delay:        0.156ns  (logic 0.086ns (55.128%)  route 0.070ns (44.872%))
  Logic Levels:           0  
  Clock Path Skew:        1.415ns (DCD - SCD - CPR)
    Destination Clock Delay (DCD):    3.230ns
    Source Clock Delay      (SCD):    1.815ns
    Clock Pessimism Removal (CPR):    -0.000ns
  Clock Uncertainty:      0.384ns  ((TSJ^2 + DJ^2)^1/2) / 2 + PE
    Total System Jitter     (TSJ):    0.071ns
    Discrete Jitter          (DJ):    0.248ns
    Phase Error              (PE):    0.255ns
  Clock Net Delay (Source):      1.664ns (routing 0.885ns, distribution 0.779ns)
  Clock Net Delay (Destination): 1.443ns (routing 0.738ns, distribution 0.705ns)
  Timing Exception:       False Path

    Location             Delay type                Incr(ns)  Path(ns)    Netlist Resource(s)
  -------------------------------------------------------------------    -------------------
                         (clock clk_pl_0 rise edge)
                                                      0.000     0.000 r  
    PS8_X0Y0             PS8                          0.000     0.000 r  cdc_asyn_fifo_axis_i/zynq_ultra_ps_e_0/inst/PS8_i/PLCLK[0]
                         net (fo=1, routed)           0.129     0.129    cdc_asyn_fifo_axis_i/zynq_ultra_ps_e_0/inst/pl_clk_unbuffered[0]
    BUFG_PS_X0Y81        BUFG_PS (Prop_BUFG_PS_I_O)
                                                      0.022     0.151 r  cdc_asyn_fifo_axis_i/zynq_ultra_ps_e_0/inst/buffer_pl_clk_0.PL_CLK_0_BUFG/O
    X1Y1 (CLOCK_ROOT)    net (fo=15566, routed)       1.664     1.815    cdc_asyn_fifo_axis_i/axis_data_fifo_1/inst/gen_fifo.xpm_fifo_axis_inst/xpm_fifo_base_inst/gen_cdc_pntr.rd_pntr_cdc_inst/src_clk
    SLICE_X48Y114        FDRE                                         r  cdc_asyn_fifo_axis_i/axis_data_fifo_1/inst/gen_fifo.xpm_fifo_axis_inst/xpm_fifo_base_inst/gen_cdc_pntr.rd_pntr_cdc_inst/src_gray_ff_reg[7]/C
  -------------------------------------------------------------------    -------------------
    SLICE_X48Y114        FDRE (Prop_DFF2_SLICEL_C_Q)
                                                      0.086     1.901 r  cdc_asyn_fifo_axis_i/axis_data_fifo_1/inst/gen_fifo.xpm_fifo_axis_inst/xpm_fifo_base_inst/gen_cdc_pntr.rd_pntr_cdc_inst/src_gray_ff_reg[7]/Q
                         net (fo=1, routed)           0.070     1.971    cdc_asyn_fifo_axis_i/axis_data_fifo_1/inst/gen_fifo.xpm_fifo_axis_inst/xpm_fifo_base_inst/gen_cdc_pntr.rd_pntr_cdc_inst/async_path[7]
    SLICE_X48Y114        FDRE                                         r  cdc_asyn_fifo_axis_i/axis_data_fifo_1/inst/gen_fifo.xpm_fifo_axis_inst/xpm_fifo_base_inst/gen_cdc_pntr.rd_pntr_cdc_inst/dest_graysync_ff_reg[0][7]/D
  -------------------------------------------------------------------    -------------------

                         (clock clk_out1_cdc_asyn_fifo_axis_clk_wiz_0_0 rise edge)
                                                      0.000     0.000 r  
    BUFG_PS_X0Y81        BUFG_PS                      0.000     0.000 r  cdc_asyn_fifo_axis_i/zynq_ultra_ps_e_0/inst/buffer_pl_clk_0.PL_CLK_0_BUFG/O
                         net (fo=15566, routed)       1.636     1.636    cdc_asyn_fifo_axis_i/clk_wiz_0/inst/clk_in1
    MMCM_X0Y3            MMCME4_ADV (Prop_MMCM_CLKIN1_CLKOUT0)
                                                     -0.079     1.557 r  cdc_asyn_fifo_axis_i/clk_wiz_0/inst/mmcme4_adv_inst/CLKOUT0
                         net (fo=1, routed)           0.204     1.761    cdc_asyn_fifo_axis_i/clk_wiz_0/inst/clk_out1_cdc_asyn_fifo_axis_clk_wiz_0_0
    BUFGCE_X0Y76         BUFGCE (Prop_BUFCE_BUFGCE_I_O)
                                                      0.026     1.787 r  cdc_asyn_fifo_axis_i/clk_wiz_0/inst/clkout1_buf/O
    X1Y1 (CLOCK_ROOT)    net (fo=193, routed)         1.443     3.230    cdc_asyn_fifo_axis_i/axis_data_fifo_1/inst/gen_fifo.xpm_fifo_axis_inst/xpm_fifo_base_inst/gen_cdc_pntr.rd_pntr_cdc_inst/dest_clk
    SLICE_X48Y114        FDRE                                         r  cdc_asyn_fifo_axis_i/axis_data_fifo_1/inst/gen_fifo.xpm_fifo_axis_inst/xpm_fifo_base_inst/gen_cdc_pntr.rd_pntr_cdc_inst/dest_graysync_ff_reg[0][7]/C

Slack:                    inf
  Source:                 cdc_asyn_fifo_axis_i/axis_data_fifo_0/inst/gen_fifo.xpm_fifo_axis_inst/xpm_fifo_base_inst/gen_cdc_pntr.wr_pntr_cdc_inst/src_gray_ff_reg[4]/C
                            (rising edge-triggered cell FDRE clocked by clk_pl_0  {rise@0.000ns fall@5.156ns period=10.312ns})
  Destination:            cdc_asyn_fifo_axis_i/axis_data_fifo_0/inst/gen_fifo.xpm_fifo_axis_inst/xpm_fifo_base_inst/gen_cdc_pntr.wr_pntr_cdc_inst/dest_graysync_ff_reg[0][4]/D
                            (rising edge-triggered cell FDRE clocked by clk_out1_cdc_asyn_fifo_axis_clk_wiz_0_0  {rise@0.000ns fall@2.500ns period=5.000ns})
  Path Group:             (none)
  Path Type:              Hold (Min at Fast Process Corner)
  Data Path Delay:        0.170ns  (logic 0.084ns (49.412%)  route 0.086ns (50.588%))
  Logic Levels:           0  
  Clock Path Skew:        1.430ns (DCD - SCD - CPR)
    Destination Clock Delay (DCD):    3.234ns
    Source Clock Delay      (SCD):    1.804ns
    Clock Pessimism Removal (CPR):    -0.000ns
  Clock Uncertainty:      0.384ns  ((TSJ^2 + DJ^2)^1/2) / 2 + PE
    Total System Jitter     (TSJ):    0.071ns
    Discrete Jitter          (DJ):    0.248ns
    Phase Error              (PE):    0.255ns
  Clock Net Delay (Source):      1.653ns (routing 0.885ns, distribution 0.768ns)
  Clock Net Delay (Destination): 1.447ns (routing 0.738ns, distribution 0.709ns)
  Timing Exception:       False Path

    Location             Delay type                Incr(ns)  Path(ns)    Netlist Resource(s)
  -------------------------------------------------------------------    -------------------
                         (clock clk_pl_0 rise edge)
                                                      0.000     0.000 r  
    PS8_X0Y0             PS8                          0.000     0.000 r  cdc_asyn_fifo_axis_i/zynq_ultra_ps_e_0/inst/PS8_i/PLCLK[0]
                         net (fo=1, routed)           0.129     0.129    cdc_asyn_fifo_axis_i/zynq_ultra_ps_e_0/inst/pl_clk_unbuffered[0]
    BUFG_PS_X0Y81        BUFG_PS (Prop_BUFG_PS_I_O)
                                                      0.022     0.151 r  cdc_asyn_fifo_axis_i/zynq_ultra_ps_e_0/inst/buffer_pl_clk_0.PL_CLK_0_BUFG/O
    X1Y1 (CLOCK_ROOT)    net (fo=15566, routed)       1.653     1.804    cdc_asyn_fifo_axis_i/axis_data_fifo_0/inst/gen_fifo.xpm_fifo_axis_inst/xpm_fifo_base_inst/gen_cdc_pntr.wr_pntr_cdc_inst/src_clk
    SLICE_X46Y108        FDRE                                         r  cdc_asyn_fifo_axis_i/axis_data_fifo_0/inst/gen_fifo.xpm_fifo_axis_inst/xpm_fifo_base_inst/gen_cdc_pntr.wr_pntr_cdc_inst/src_gray_ff_reg[4]/C
  -------------------------------------------------------------------    -------------------
    SLICE_X46Y108        FDRE (Prop_DFF_SLICEL_C_Q)
                                                      0.084     1.888 r  cdc_asyn_fifo_axis_i/axis_data_fifo_0/inst/gen_fifo.xpm_fifo_axis_inst/xpm_fifo_base_inst/gen_cdc_pntr.wr_pntr_cdc_inst/src_gray_ff_reg[4]/Q
                         net (fo=1, routed)           0.086     1.974    cdc_asyn_fifo_axis_i/axis_data_fifo_0/inst/gen_fifo.xpm_fifo_axis_inst/xpm_fifo_base_inst/gen_cdc_pntr.wr_pntr_cdc_inst/async_path[4]
    SLICE_X46Y109        FDRE                                         r  cdc_asyn_fifo_axis_i/axis_data_fifo_0/inst/gen_fifo.xpm_fifo_axis_inst/xpm_fifo_base_inst/gen_cdc_pntr.wr_pntr_cdc_inst/dest_graysync_ff_reg[0][4]/D
  -------------------------------------------------------------------    -------------------

                         (clock clk_out1_cdc_asyn_fifo_axis_clk_wiz_0_0 rise edge)
                                                      0.000     0.000 r  
    BUFG_PS_X0Y81        BUFG_PS                      0.000     0.000 r  cdc_asyn_fifo_axis_i/zynq_ultra_ps_e_0/inst/buffer_pl_clk_0.PL_CLK_0_BUFG/O
                         net (fo=15566, routed)       1.636     1.636    cdc_asyn_fifo_axis_i/clk_wiz_0/inst/clk_in1
    MMCM_X0Y3            MMCME4_ADV (Prop_MMCM_CLKIN1_CLKOUT0)
                                                     -0.079     1.557 r  cdc_asyn_fifo_axis_i/clk_wiz_0/inst/mmcme4_adv_inst/CLKOUT0
                         net (fo=1, routed)           0.204     1.761    cdc_asyn_fifo_axis_i/clk_wiz_0/inst/clk_out1_cdc_asyn_fifo_axis_clk_wiz_0_0
    BUFGCE_X0Y76         BUFGCE (Prop_BUFCE_BUFGCE_I_O)
                                                      0.026     1.787 r  cdc_asyn_fifo_axis_i/clk_wiz_0/inst/clkout1_buf/O
    X1Y1 (CLOCK_ROOT)    net (fo=193, routed)         1.447     3.234    cdc_asyn_fifo_axis_i/axis_data_fifo_0/inst/gen_fifo.xpm_fifo_axis_inst/xpm_fifo_base_inst/gen_cdc_pntr.wr_pntr_cdc_inst/dest_clk
    SLICE_X46Y109        FDRE                                         r  cdc_asyn_fifo_axis_i/axis_data_fifo_0/inst/gen_fifo.xpm_fifo_axis_inst/xpm_fifo_base_inst/gen_cdc_pntr.wr_pntr_cdc_inst/dest_graysync_ff_reg[0][4]/C

Slack:                    inf
  Source:                 cdc_asyn_fifo_axis_i/axis_data_fifo_1/inst/gen_fifo.xpm_fifo_axis_inst/xpm_fifo_base_inst/gen_cdc_pntr.rd_pntr_cdc_inst/src_gray_ff_reg[1]/C
                            (rising edge-triggered cell FDRE clocked by clk_pl_0  {rise@0.000ns fall@5.156ns period=10.312ns})
  Destination:            cdc_asyn_fifo_axis_i/axis_data_fifo_1/inst/gen_fifo.xpm_fifo_axis_inst/xpm_fifo_base_inst/gen_cdc_pntr.rd_pntr_cdc_inst/dest_graysync_ff_reg[0][1]/D
                            (rising edge-triggered cell FDRE clocked by clk_out1_cdc_asyn_fifo_axis_clk_wiz_0_0  {rise@0.000ns fall@2.500ns period=5.000ns})
  Path Group:             (none)
  Path Type:              Hold (Min at Fast Process Corner)
  Data Path Delay:        0.163ns  (logic 0.086ns (52.761%)  route 0.077ns (47.239%))
  Logic Levels:           0  
  Clock Path Skew:        1.415ns (DCD - SCD - CPR)
    Destination Clock Delay (DCD):    3.232ns
    Source Clock Delay      (SCD):    1.818ns
    Clock Pessimism Removal (CPR):    -0.000ns
  Clock Uncertainty:      0.384ns  ((TSJ^2 + DJ^2)^1/2) / 2 + PE
    Total System Jitter     (TSJ):    0.071ns
    Discrete Jitter          (DJ):    0.248ns
    Phase Error              (PE):    0.255ns
  Clock Net Delay (Source):      1.667ns (routing 0.885ns, distribution 0.782ns)
  Clock Net Delay (Destination): 1.445ns (routing 0.738ns, distribution 0.707ns)
  Timing Exception:       False Path

    Location             Delay type                Incr(ns)  Path(ns)    Netlist Resource(s)
  -------------------------------------------------------------------    -------------------
                         (clock clk_pl_0 rise edge)
                                                      0.000     0.000 r  
    PS8_X0Y0             PS8                          0.000     0.000 r  cdc_asyn_fifo_axis_i/zynq_ultra_ps_e_0/inst/PS8_i/PLCLK[0]
                         net (fo=1, routed)           0.129     0.129    cdc_asyn_fifo_axis_i/zynq_ultra_ps_e_0/inst/pl_clk_unbuffered[0]
    BUFG_PS_X0Y81        BUFG_PS (Prop_BUFG_PS_I_O)
                                                      0.022     0.151 r  cdc_asyn_fifo_axis_i/zynq_ultra_ps_e_0/inst/buffer_pl_clk_0.PL_CLK_0_BUFG/O
    X1Y1 (CLOCK_ROOT)    net (fo=15566, routed)       1.667     1.818    cdc_asyn_fifo_axis_i/axis_data_fifo_1/inst/gen_fifo.xpm_fifo_axis_inst/xpm_fifo_base_inst/gen_cdc_pntr.rd_pntr_cdc_inst/src_clk
    SLICE_X47Y113        FDRE                                         r  cdc_asyn_fifo_axis_i/axis_data_fifo_1/inst/gen_fifo.xpm_fifo_axis_inst/xpm_fifo_base_inst/gen_cdc_pntr.rd_pntr_cdc_inst/src_gray_ff_reg[1]/C
  -------------------------------------------------------------------    -------------------
    SLICE_X47Y113        FDRE (Prop_DFF2_SLICEL_C_Q)
                                                      0.086     1.904 r  cdc_asyn_fifo_axis_i/axis_data_fifo_1/inst/gen_fifo.xpm_fifo_axis_inst/xpm_fifo_base_inst/gen_cdc_pntr.rd_pntr_cdc_inst/src_gray_ff_reg[1]/Q
                         net (fo=1, routed)           0.077     1.981    cdc_asyn_fifo_axis_i/axis_data_fifo_1/inst/gen_fifo.xpm_fifo_axis_inst/xpm_fifo_base_inst/gen_cdc_pntr.rd_pntr_cdc_inst/async_path[1]
    SLICE_X47Y113        FDRE                                         r  cdc_asyn_fifo_axis_i/axis_data_fifo_1/inst/gen_fifo.xpm_fifo_axis_inst/xpm_fifo_base_inst/gen_cdc_pntr.rd_pntr_cdc_inst/dest_graysync_ff_reg[0][1]/D
  -------------------------------------------------------------------    -------------------

                         (clock clk_out1_cdc_asyn_fifo_axis_clk_wiz_0_0 rise edge)
                                                      0.000     0.000 r  
    BUFG_PS_X0Y81        BUFG_PS                      0.000     0.000 r  cdc_asyn_fifo_axis_i/zynq_ultra_ps_e_0/inst/buffer_pl_clk_0.PL_CLK_0_BUFG/O
                         net (fo=15566, routed)       1.636     1.636    cdc_asyn_fifo_axis_i/clk_wiz_0/inst/clk_in1
    MMCM_X0Y3            MMCME4_ADV (Prop_MMCM_CLKIN1_CLKOUT0)
                                                     -0.079     1.557 r  cdc_asyn_fifo_axis_i/clk_wiz_0/inst/mmcme4_adv_inst/CLKOUT0
                         net (fo=1, routed)           0.204     1.761    cdc_asyn_fifo_axis_i/clk_wiz_0/inst/clk_out1_cdc_asyn_fifo_axis_clk_wiz_0_0
    BUFGCE_X0Y76         BUFGCE (Prop_BUFCE_BUFGCE_I_O)
                                                      0.026     1.787 r  cdc_asyn_fifo_axis_i/clk_wiz_0/inst/clkout1_buf/O
    X1Y1 (CLOCK_ROOT)    net (fo=193, routed)         1.445     3.232    cdc_asyn_fifo_axis_i/axis_data_fifo_1/inst/gen_fifo.xpm_fifo_axis_inst/xpm_fifo_base_inst/gen_cdc_pntr.rd_pntr_cdc_inst/dest_clk
    SLICE_X47Y113        FDRE                                         r  cdc_asyn_fifo_axis_i/axis_data_fifo_1/inst/gen_fifo.xpm_fifo_axis_inst/xpm_fifo_base_inst/gen_cdc_pntr.rd_pntr_cdc_inst/dest_graysync_ff_reg[0][1]/C

Slack:                    inf
  Source:                 cdc_asyn_fifo_axis_i/axis_data_fifo_1/inst/gen_fifo.xpm_fifo_axis_inst/xpm_fifo_base_inst/gen_cdc_pntr.rd_pntr_cdc_inst/src_gray_ff_reg[4]/C
                            (rising edge-triggered cell FDRE clocked by clk_pl_0  {rise@0.000ns fall@5.156ns period=10.312ns})
  Destination:            cdc_asyn_fifo_axis_i/axis_data_fifo_1/inst/gen_fifo.xpm_fifo_axis_inst/xpm_fifo_base_inst/gen_cdc_pntr.rd_pntr_cdc_inst/dest_graysync_ff_reg[0][4]/D
                            (rising edge-triggered cell FDRE clocked by clk_out1_cdc_asyn_fifo_axis_clk_wiz_0_0  {rise@0.000ns fall@2.500ns period=5.000ns})
  Path Group:             (none)
  Path Type:              Hold (Min at Fast Process Corner)
  Data Path Delay:        0.168ns  (logic 0.084ns (50.000%)  route 0.084ns (50.000%))
  Logic Levels:           0  
  Clock Path Skew:        1.415ns (DCD - SCD - CPR)
    Destination Clock Delay (DCD):    3.228ns
    Source Clock Delay      (SCD):    1.813ns
    Clock Pessimism Removal (CPR):    -0.000ns
  Clock Uncertainty:      0.384ns  ((TSJ^2 + DJ^2)^1/2) / 2 + PE
    Total System Jitter     (TSJ):    0.071ns
    Discrete Jitter          (DJ):    0.248ns
    Phase Error              (PE):    0.255ns
  Clock Net Delay (Source):      1.662ns (routing 0.885ns, distribution 0.777ns)
  Clock Net Delay (Destination): 1.441ns (routing 0.738ns, distribution 0.703ns)
  Timing Exception:       False Path

    Location             Delay type                Incr(ns)  Path(ns)    Netlist Resource(s)
  -------------------------------------------------------------------    -------------------
                         (clock clk_pl_0 rise edge)
                                                      0.000     0.000 r  
    PS8_X0Y0             PS8                          0.000     0.000 r  cdc_asyn_fifo_axis_i/zynq_ultra_ps_e_0/inst/PS8_i/PLCLK[0]
                         net (fo=1, routed)           0.129     0.129    cdc_asyn_fifo_axis_i/zynq_ultra_ps_e_0/inst/pl_clk_unbuffered[0]
    BUFG_PS_X0Y81        BUFG_PS (Prop_BUFG_PS_I_O)
                                                      0.022     0.151 r  cdc_asyn_fifo_axis_i/zynq_ultra_ps_e_0/inst/buffer_pl_clk_0.PL_CLK_0_BUFG/O
    X1Y1 (CLOCK_ROOT)    net (fo=15566, routed)       1.662     1.813    cdc_asyn_fifo_axis_i/axis_data_fifo_1/inst/gen_fifo.xpm_fifo_axis_inst/xpm_fifo_base_inst/gen_cdc_pntr.rd_pntr_cdc_inst/src_clk
    SLICE_X47Y114        FDRE                                         r  cdc_asyn_fifo_axis_i/axis_data_fifo_1/inst/gen_fifo.xpm_fifo_axis_inst/xpm_fifo_base_inst/gen_cdc_pntr.rd_pntr_cdc_inst/src_gray_ff_reg[4]/C
  -------------------------------------------------------------------    -------------------
    SLICE_X47Y114        FDRE (Prop_DFF_SLICEL_C_Q)
                                                      0.084     1.897 r  cdc_asyn_fifo_axis_i/axis_data_fifo_1/inst/gen_fifo.xpm_fifo_axis_inst/xpm_fifo_base_inst/gen_cdc_pntr.rd_pntr_cdc_inst/src_gray_ff_reg[4]/Q
                         net (fo=1, routed)           0.084     1.981    cdc_asyn_fifo_axis_i/axis_data_fifo_1/inst/gen_fifo.xpm_fifo_axis_inst/xpm_fifo_base_inst/gen_cdc_pntr.rd_pntr_cdc_inst/async_path[4]
    SLICE_X47Y114        FDRE                                         r  cdc_asyn_fifo_axis_i/axis_data_fifo_1/inst/gen_fifo.xpm_fifo_axis_inst/xpm_fifo_base_inst/gen_cdc_pntr.rd_pntr_cdc_inst/dest_graysync_ff_reg[0][4]/D
  -------------------------------------------------------------------    -------------------

                         (clock clk_out1_cdc_asyn_fifo_axis_clk_wiz_0_0 rise edge)
                                                      0.000     0.000 r  
    BUFG_PS_X0Y81        BUFG_PS                      0.000     0.000 r  cdc_asyn_fifo_axis_i/zynq_ultra_ps_e_0/inst/buffer_pl_clk_0.PL_CLK_0_BUFG/O
                         net (fo=15566, routed)       1.636     1.636    cdc_asyn_fifo_axis_i/clk_wiz_0/inst/clk_in1
    MMCM_X0Y3            MMCME4_ADV (Prop_MMCM_CLKIN1_CLKOUT0)
                                                     -0.079     1.557 r  cdc_asyn_fifo_axis_i/clk_wiz_0/inst/mmcme4_adv_inst/CLKOUT0
                         net (fo=1, routed)           0.204     1.761    cdc_asyn_fifo_axis_i/clk_wiz_0/inst/clk_out1_cdc_asyn_fifo_axis_clk_wiz_0_0
    BUFGCE_X0Y76         BUFGCE (Prop_BUFCE_BUFGCE_I_O)
                                                      0.026     1.787 r  cdc_asyn_fifo_axis_i/clk_wiz_0/inst/clkout1_buf/O
    X1Y1 (CLOCK_ROOT)    net (fo=193, routed)         1.441     3.228    cdc_asyn_fifo_axis_i/axis_data_fifo_1/inst/gen_fifo.xpm_fifo_axis_inst/xpm_fifo_base_inst/gen_cdc_pntr.rd_pntr_cdc_inst/dest_clk
    SLICE_X47Y114        FDRE                                         r  cdc_asyn_fifo_axis_i/axis_data_fifo_1/inst/gen_fifo.xpm_fifo_axis_inst/xpm_fifo_base_inst/gen_cdc_pntr.rd_pntr_cdc_inst/dest_graysync_ff_reg[0][4]/C

Slack:                    inf
  Source:                 cdc_asyn_fifo_axis_i/axis_data_fifo_0/inst/gen_fifo.xpm_fifo_axis_inst/xpm_fifo_base_inst/gen_cdc_pntr.wr_pntr_cdc_inst/src_gray_ff_reg[5]/C
                            (rising edge-triggered cell FDRE clocked by clk_pl_0  {rise@0.000ns fall@5.156ns period=10.312ns})
  Destination:            cdc_asyn_fifo_axis_i/axis_data_fifo_0/inst/gen_fifo.xpm_fifo_axis_inst/xpm_fifo_base_inst/gen_cdc_pntr.wr_pntr_cdc_inst/dest_graysync_ff_reg[0][5]/D
                            (rising edge-triggered cell FDRE clocked by clk_out1_cdc_asyn_fifo_axis_clk_wiz_0_0  {rise@0.000ns fall@2.500ns period=5.000ns})
  Path Group:             (none)
  Path Type:              Hold (Min at Fast Process Corner)
  Data Path Delay:        0.194ns  (logic 0.086ns (44.330%)  route 0.108ns (55.670%))
  Logic Levels:           0  
  Clock Path Skew:        1.426ns (DCD - SCD - CPR)
    Destination Clock Delay (DCD):    3.230ns
    Source Clock Delay      (SCD):    1.804ns
    Clock Pessimism Removal (CPR):    -0.000ns
  Clock Uncertainty:      0.384ns  ((TSJ^2 + DJ^2)^1/2) / 2 + PE
    Total System Jitter     (TSJ):    0.071ns
    Discrete Jitter          (DJ):    0.248ns
    Phase Error              (PE):    0.255ns
  Clock Net Delay (Source):      1.653ns (routing 0.885ns, distribution 0.768ns)
  Clock Net Delay (Destination): 1.443ns (routing 0.738ns, distribution 0.705ns)
  Timing Exception:       False Path

    Location             Delay type                Incr(ns)  Path(ns)    Netlist Resource(s)
  -------------------------------------------------------------------    -------------------
                         (clock clk_pl_0 rise edge)
                                                      0.000     0.000 r  
    PS8_X0Y0             PS8                          0.000     0.000 r  cdc_asyn_fifo_axis_i/zynq_ultra_ps_e_0/inst/PS8_i/PLCLK[0]
                         net (fo=1, routed)           0.129     0.129    cdc_asyn_fifo_axis_i/zynq_ultra_ps_e_0/inst/pl_clk_unbuffered[0]
    BUFG_PS_X0Y81        BUFG_PS (Prop_BUFG_PS_I_O)
                                                      0.022     0.151 r  cdc_asyn_fifo_axis_i/zynq_ultra_ps_e_0/inst/buffer_pl_clk_0.PL_CLK_0_BUFG/O
    X1Y1 (CLOCK_ROOT)    net (fo=15566, routed)       1.653     1.804    cdc_asyn_fifo_axis_i/axis_data_fifo_0/inst/gen_fifo.xpm_fifo_axis_inst/xpm_fifo_base_inst/gen_cdc_pntr.wr_pntr_cdc_inst/src_clk
    SLICE_X46Y108        FDRE                                         r  cdc_asyn_fifo_axis_i/axis_data_fifo_0/inst/gen_fifo.xpm_fifo_axis_inst/xpm_fifo_base_inst/gen_cdc_pntr.wr_pntr_cdc_inst/src_gray_ff_reg[5]/C
  -------------------------------------------------------------------    -------------------
    SLICE_X46Y108        FDRE (Prop_DFF2_SLICEL_C_Q)
                                                      0.086     1.890 r  cdc_asyn_fifo_axis_i/axis_data_fifo_0/inst/gen_fifo.xpm_fifo_axis_inst/xpm_fifo_base_inst/gen_cdc_pntr.wr_pntr_cdc_inst/src_gray_ff_reg[5]/Q
                         net (fo=1, routed)           0.108     1.998    cdc_asyn_fifo_axis_i/axis_data_fifo_0/inst/gen_fifo.xpm_fifo_axis_inst/xpm_fifo_base_inst/gen_cdc_pntr.wr_pntr_cdc_inst/async_path[5]
    SLICE_X46Y109        FDRE                                         r  cdc_asyn_fifo_axis_i/axis_data_fifo_0/inst/gen_fifo.xpm_fifo_axis_inst/xpm_fifo_base_inst/gen_cdc_pntr.wr_pntr_cdc_inst/dest_graysync_ff_reg[0][5]/D
  -------------------------------------------------------------------    -------------------

                         (clock clk_out1_cdc_asyn_fifo_axis_clk_wiz_0_0 rise edge)
                                                      0.000     0.000 r  
    BUFG_PS_X0Y81        BUFG_PS                      0.000     0.000 r  cdc_asyn_fifo_axis_i/zynq_ultra_ps_e_0/inst/buffer_pl_clk_0.PL_CLK_0_BUFG/O
                         net (fo=15566, routed)       1.636     1.636    cdc_asyn_fifo_axis_i/clk_wiz_0/inst/clk_in1
    MMCM_X0Y3            MMCME4_ADV (Prop_MMCM_CLKIN1_CLKOUT0)
                                                     -0.079     1.557 r  cdc_asyn_fifo_axis_i/clk_wiz_0/inst/mmcme4_adv_inst/CLKOUT0
                         net (fo=1, routed)           0.204     1.761    cdc_asyn_fifo_axis_i/clk_wiz_0/inst/clk_out1_cdc_asyn_fifo_axis_clk_wiz_0_0
    BUFGCE_X0Y76         BUFGCE (Prop_BUFCE_BUFGCE_I_O)
                                                      0.026     1.787 r  cdc_asyn_fifo_axis_i/clk_wiz_0/inst/clkout1_buf/O
    X1Y1 (CLOCK_ROOT)    net (fo=193, routed)         1.443     3.230    cdc_asyn_fifo_axis_i/axis_data_fifo_0/inst/gen_fifo.xpm_fifo_axis_inst/xpm_fifo_base_inst/gen_cdc_pntr.wr_pntr_cdc_inst/dest_clk
    SLICE_X46Y109        FDRE                                         r  cdc_asyn_fifo_axis_i/axis_data_fifo_0/inst/gen_fifo.xpm_fifo_axis_inst/xpm_fifo_base_inst/gen_cdc_pntr.wr_pntr_cdc_inst/dest_graysync_ff_reg[0][5]/C

Slack:                    inf
  Source:                 cdc_asyn_fifo_axis_i/axis_data_fifo_0/inst/gen_fifo.xpm_fifo_axis_inst/xpm_fifo_base_inst/gen_cdc_pntr.wr_pntr_cdc_inst/src_gray_ff_reg[1]/C
                            (rising edge-triggered cell FDRE clocked by clk_pl_0  {rise@0.000ns fall@5.156ns period=10.312ns})
  Destination:            cdc_asyn_fifo_axis_i/axis_data_fifo_0/inst/gen_fifo.xpm_fifo_axis_inst/xpm_fifo_base_inst/gen_cdc_pntr.wr_pntr_cdc_inst/dest_graysync_ff_reg[0][1]/D
                            (rising edge-triggered cell FDRE clocked by clk_out1_cdc_asyn_fifo_axis_clk_wiz_0_0  {rise@0.000ns fall@2.500ns period=5.000ns})
  Path Group:             (none)
  Path Type:              Hold (Min at Fast Process Corner)
  Data Path Delay:        0.190ns  (logic 0.086ns (45.263%)  route 0.104ns (54.737%))
  Logic Levels:           0  
  Clock Path Skew:        1.417ns (DCD - SCD - CPR)
    Destination Clock Delay (DCD):    3.230ns
    Source Clock Delay      (SCD):    1.813ns
    Clock Pessimism Removal (CPR):    -0.000ns
  Clock Uncertainty:      0.384ns  ((TSJ^2 + DJ^2)^1/2) / 2 + PE
    Total System Jitter     (TSJ):    0.071ns
    Discrete Jitter          (DJ):    0.248ns
    Phase Error              (PE):    0.255ns
  Clock Net Delay (Source):      1.662ns (routing 0.885ns, distribution 0.777ns)
  Clock Net Delay (Destination): 1.443ns (routing 0.738ns, distribution 0.705ns)
  Timing Exception:       False Path

    Location             Delay type                Incr(ns)  Path(ns)    Netlist Resource(s)
  -------------------------------------------------------------------    -------------------
                         (clock clk_pl_0 rise edge)
                                                      0.000     0.000 r  
    PS8_X0Y0             PS8                          0.000     0.000 r  cdc_asyn_fifo_axis_i/zynq_ultra_ps_e_0/inst/PS8_i/PLCLK[0]
                         net (fo=1, routed)           0.129     0.129    cdc_asyn_fifo_axis_i/zynq_ultra_ps_e_0/inst/pl_clk_unbuffered[0]
    BUFG_PS_X0Y81        BUFG_PS (Prop_BUFG_PS_I_O)
                                                      0.022     0.151 r  cdc_asyn_fifo_axis_i/zynq_ultra_ps_e_0/inst/buffer_pl_clk_0.PL_CLK_0_BUFG/O
    X1Y1 (CLOCK_ROOT)    net (fo=15566, routed)       1.662     1.813    cdc_asyn_fifo_axis_i/axis_data_fifo_0/inst/gen_fifo.xpm_fifo_axis_inst/xpm_fifo_base_inst/gen_cdc_pntr.wr_pntr_cdc_inst/src_clk
    SLICE_X48Y107        FDRE                                         r  cdc_asyn_fifo_axis_i/axis_data_fifo_0/inst/gen_fifo.xpm_fifo_axis_inst/xpm_fifo_base_inst/gen_cdc_pntr.wr_pntr_cdc_inst/src_gray_ff_reg[1]/C
  -------------------------------------------------------------------    -------------------
    SLICE_X48Y107        FDRE (Prop_DFF2_SLICEL_C_Q)
                                                      0.086     1.899 r  cdc_asyn_fifo_axis_i/axis_data_fifo_0/inst/gen_fifo.xpm_fifo_axis_inst/xpm_fifo_base_inst/gen_cdc_pntr.wr_pntr_cdc_inst/src_gray_ff_reg[1]/Q
                         net (fo=1, routed)           0.104     2.003    cdc_asyn_fifo_axis_i/axis_data_fifo_0/inst/gen_fifo.xpm_fifo_axis_inst/xpm_fifo_base_inst/gen_cdc_pntr.wr_pntr_cdc_inst/async_path[1]
    SLICE_X47Y106        FDRE                                         r  cdc_asyn_fifo_axis_i/axis_data_fifo_0/inst/gen_fifo.xpm_fifo_axis_inst/xpm_fifo_base_inst/gen_cdc_pntr.wr_pntr_cdc_inst/dest_graysync_ff_reg[0][1]/D
  -------------------------------------------------------------------    -------------------

                         (clock clk_out1_cdc_asyn_fifo_axis_clk_wiz_0_0 rise edge)
                                                      0.000     0.000 r  
    BUFG_PS_X0Y81        BUFG_PS                      0.000     0.000 r  cdc_asyn_fifo_axis_i/zynq_ultra_ps_e_0/inst/buffer_pl_clk_0.PL_CLK_0_BUFG/O
                         net (fo=15566, routed)       1.636     1.636    cdc_asyn_fifo_axis_i/clk_wiz_0/inst/clk_in1
    MMCM_X0Y3            MMCME4_ADV (Prop_MMCM_CLKIN1_CLKOUT0)
                                                     -0.079     1.557 r  cdc_asyn_fifo_axis_i/clk_wiz_0/inst/mmcme4_adv_inst/CLKOUT0
                         net (fo=1, routed)           0.204     1.761    cdc_asyn_fifo_axis_i/clk_wiz_0/inst/clk_out1_cdc_asyn_fifo_axis_clk_wiz_0_0
    BUFGCE_X0Y76         BUFGCE (Prop_BUFCE_BUFGCE_I_O)
                                                      0.026     1.787 r  cdc_asyn_fifo_axis_i/clk_wiz_0/inst/clkout1_buf/O
    X1Y1 (CLOCK_ROOT)    net (fo=193, routed)         1.443     3.230    cdc_asyn_fifo_axis_i/axis_data_fifo_0/inst/gen_fifo.xpm_fifo_axis_inst/xpm_fifo_base_inst/gen_cdc_pntr.wr_pntr_cdc_inst/dest_clk
    SLICE_X47Y106        FDRE                                         r  cdc_asyn_fifo_axis_i/axis_data_fifo_0/inst/gen_fifo.xpm_fifo_axis_inst/xpm_fifo_base_inst/gen_cdc_pntr.wr_pntr_cdc_inst/dest_graysync_ff_reg[0][1]/C

Slack:                    inf
  Source:                 cdc_asyn_fifo_axis_i/axis_data_fifo_1/inst/gen_fifo.xpm_fifo_axis_inst/xpm_fifo_base_inst/gen_cdc_pntr.rd_pntr_cdc_inst/src_gray_ff_reg[8]/C
                            (rising edge-triggered cell FDRE clocked by clk_pl_0  {rise@0.000ns fall@5.156ns period=10.312ns})
  Destination:            cdc_asyn_fifo_axis_i/axis_data_fifo_1/inst/gen_fifo.xpm_fifo_axis_inst/xpm_fifo_base_inst/gen_cdc_pntr.rd_pntr_cdc_inst/dest_graysync_ff_reg[0][8]/D
                            (rising edge-triggered cell FDRE clocked by clk_out1_cdc_asyn_fifo_axis_clk_wiz_0_0  {rise@0.000ns fall@2.500ns period=5.000ns})
  Path Group:             (none)
  Path Type:              Hold (Min at Fast Process Corner)
  Data Path Delay:        0.170ns  (logic 0.084ns (49.412%)  route 0.086ns (50.588%))
  Logic Levels:           0  
  Clock Path Skew:        1.420ns (DCD - SCD - CPR)
    Destination Clock Delay (DCD):    3.253ns
    Source Clock Delay      (SCD):    1.833ns
    Clock Pessimism Removal (CPR):    -0.000ns
  Clock Uncertainty:      0.384ns  ((TSJ^2 + DJ^2)^1/2) / 2 + PE
    Total System Jitter     (TSJ):    0.071ns
    Discrete Jitter          (DJ):    0.248ns
    Phase Error              (PE):    0.255ns
  Clock Net Delay (Source):      1.682ns (routing 0.885ns, distribution 0.797ns)
  Clock Net Delay (Destination): 1.466ns (routing 0.738ns, distribution 0.728ns)
  Timing Exception:       False Path

    Location             Delay type                Incr(ns)  Path(ns)    Netlist Resource(s)
  -------------------------------------------------------------------    -------------------
                         (clock clk_pl_0 rise edge)
                                                      0.000     0.000 r  
    PS8_X0Y0             PS8                          0.000     0.000 r  cdc_asyn_fifo_axis_i/zynq_ultra_ps_e_0/inst/PS8_i/PLCLK[0]
                         net (fo=1, routed)           0.129     0.129    cdc_asyn_fifo_axis_i/zynq_ultra_ps_e_0/inst/pl_clk_unbuffered[0]
    BUFG_PS_X0Y81        BUFG_PS (Prop_BUFG_PS_I_O)
                                                      0.022     0.151 r  cdc_asyn_fifo_axis_i/zynq_ultra_ps_e_0/inst/buffer_pl_clk_0.PL_CLK_0_BUFG/O
    X1Y1 (CLOCK_ROOT)    net (fo=15566, routed)       1.682     1.833    cdc_asyn_fifo_axis_i/axis_data_fifo_1/inst/gen_fifo.xpm_fifo_axis_inst/xpm_fifo_base_inst/gen_cdc_pntr.rd_pntr_cdc_inst/src_clk
    SLICE_X51Y114        FDRE                                         r  cdc_asyn_fifo_axis_i/axis_data_fifo_1/inst/gen_fifo.xpm_fifo_axis_inst/xpm_fifo_base_inst/gen_cdc_pntr.rd_pntr_cdc_inst/src_gray_ff_reg[8]/C
  -------------------------------------------------------------------    -------------------
    SLICE_X51Y114        FDRE (Prop_EFF_SLICEL_C_Q)
                                                      0.084     1.917 r  cdc_asyn_fifo_axis_i/axis_data_fifo_1/inst/gen_fifo.xpm_fifo_axis_inst/xpm_fifo_base_inst/gen_cdc_pntr.rd_pntr_cdc_inst/src_gray_ff_reg[8]/Q
                         net (fo=1, routed)           0.086     2.003    cdc_asyn_fifo_axis_i/axis_data_fifo_1/inst/gen_fifo.xpm_fifo_axis_inst/xpm_fifo_base_inst/gen_cdc_pntr.rd_pntr_cdc_inst/async_path[8]
    SLICE_X51Y114        FDRE                                         r  cdc_asyn_fifo_axis_i/axis_data_fifo_1/inst/gen_fifo.xpm_fifo_axis_inst/xpm_fifo_base_inst/gen_cdc_pntr.rd_pntr_cdc_inst/dest_graysync_ff_reg[0][8]/D
  -------------------------------------------------------------------    -------------------

                         (clock clk_out1_cdc_asyn_fifo_axis_clk_wiz_0_0 rise edge)
                                                      0.000     0.000 r  
    BUFG_PS_X0Y81        BUFG_PS                      0.000     0.000 r  cdc_asyn_fifo_axis_i/zynq_ultra_ps_e_0/inst/buffer_pl_clk_0.PL_CLK_0_BUFG/O
                         net (fo=15566, routed)       1.636     1.636    cdc_asyn_fifo_axis_i/clk_wiz_0/inst/clk_in1
    MMCM_X0Y3            MMCME4_ADV (Prop_MMCM_CLKIN1_CLKOUT0)
                                                     -0.079     1.557 r  cdc_asyn_fifo_axis_i/clk_wiz_0/inst/mmcme4_adv_inst/CLKOUT0
                         net (fo=1, routed)           0.204     1.761    cdc_asyn_fifo_axis_i/clk_wiz_0/inst/clk_out1_cdc_asyn_fifo_axis_clk_wiz_0_0
    BUFGCE_X0Y76         BUFGCE (Prop_BUFCE_BUFGCE_I_O)
                                                      0.026     1.787 r  cdc_asyn_fifo_axis_i/clk_wiz_0/inst/clkout1_buf/O
    X1Y1 (CLOCK_ROOT)    net (fo=193, routed)         1.466     3.253    cdc_asyn_fifo_axis_i/axis_data_fifo_1/inst/gen_fifo.xpm_fifo_axis_inst/xpm_fifo_base_inst/gen_cdc_pntr.rd_pntr_cdc_inst/dest_clk
    SLICE_X51Y114        FDRE                                         r  cdc_asyn_fifo_axis_i/axis_data_fifo_1/inst/gen_fifo.xpm_fifo_axis_inst/xpm_fifo_base_inst/gen_cdc_pntr.rd_pntr_cdc_inst/dest_graysync_ff_reg[0][8]/C

Slack:                    inf
  Source:                 cdc_asyn_fifo_axis_i/axis_data_fifo_1/inst/gen_fifo.xpm_fifo_axis_inst/xpm_fifo_base_inst/gen_cdc_pntr.rd_pntr_cdc_inst/src_gray_ff_reg[2]/C
                            (rising edge-triggered cell FDRE clocked by clk_pl_0  {rise@0.000ns fall@5.156ns period=10.312ns})
  Destination:            cdc_asyn_fifo_axis_i/axis_data_fifo_1/inst/gen_fifo.xpm_fifo_axis_inst/xpm_fifo_base_inst/gen_cdc_pntr.rd_pntr_cdc_inst/dest_graysync_ff_reg[0][2]/D
                            (rising edge-triggered cell FDRE clocked by clk_out1_cdc_asyn_fifo_axis_clk_wiz_0_0  {rise@0.000ns fall@2.500ns period=5.000ns})
  Path Group:             (none)
  Path Type:              Hold (Min at Fast Process Corner)
  Data Path Delay:        0.191ns  (logic 0.084ns (43.979%)  route 0.107ns (56.021%))
  Logic Levels:           0  
  Clock Path Skew:        1.414ns (DCD - SCD - CPR)
    Destination Clock Delay (DCD):    3.229ns
    Source Clock Delay      (SCD):    1.815ns
    Clock Pessimism Removal (CPR):    -0.000ns
  Clock Uncertainty:      0.384ns  ((TSJ^2 + DJ^2)^1/2) / 2 + PE
    Total System Jitter     (TSJ):    0.071ns
    Discrete Jitter          (DJ):    0.248ns
    Phase Error              (PE):    0.255ns
  Clock Net Delay (Source):      1.664ns (routing 0.885ns, distribution 0.779ns)
  Clock Net Delay (Destination): 1.442ns (routing 0.738ns, distribution 0.704ns)
  Timing Exception:       False Path

    Location             Delay type                Incr(ns)  Path(ns)    Netlist Resource(s)
  -------------------------------------------------------------------    -------------------
                         (clock clk_pl_0 rise edge)
                                                      0.000     0.000 r  
    PS8_X0Y0             PS8                          0.000     0.000 r  cdc_asyn_fifo_axis_i/zynq_ultra_ps_e_0/inst/PS8_i/PLCLK[0]
                         net (fo=1, routed)           0.129     0.129    cdc_asyn_fifo_axis_i/zynq_ultra_ps_e_0/inst/pl_clk_unbuffered[0]
    BUFG_PS_X0Y81        BUFG_PS (Prop_BUFG_PS_I_O)
                                                      0.022     0.151 r  cdc_asyn_fifo_axis_i/zynq_ultra_ps_e_0/inst/buffer_pl_clk_0.PL_CLK_0_BUFG/O
    X1Y1 (CLOCK_ROOT)    net (fo=15566, routed)       1.664     1.815    cdc_asyn_fifo_axis_i/axis_data_fifo_1/inst/gen_fifo.xpm_fifo_axis_inst/xpm_fifo_base_inst/gen_cdc_pntr.rd_pntr_cdc_inst/src_clk
    SLICE_X48Y113        FDRE                                         r  cdc_asyn_fifo_axis_i/axis_data_fifo_1/inst/gen_fifo.xpm_fifo_axis_inst/xpm_fifo_base_inst/gen_cdc_pntr.rd_pntr_cdc_inst/src_gray_ff_reg[2]/C
  -------------------------------------------------------------------    -------------------
    SLICE_X48Y113        FDRE (Prop_DFF_SLICEL_C_Q)
                                                      0.084     1.899 r  cdc_asyn_fifo_axis_i/axis_data_fifo_1/inst/gen_fifo.xpm_fifo_axis_inst/xpm_fifo_base_inst/gen_cdc_pntr.rd_pntr_cdc_inst/src_gray_ff_reg[2]/Q
                         net (fo=1, routed)           0.107     2.006    cdc_asyn_fifo_axis_i/axis_data_fifo_1/inst/gen_fifo.xpm_fifo_axis_inst/xpm_fifo_base_inst/gen_cdc_pntr.rd_pntr_cdc_inst/async_path[2]
    SLICE_X48Y113        FDRE                                         r  cdc_asyn_fifo_axis_i/axis_data_fifo_1/inst/gen_fifo.xpm_fifo_axis_inst/xpm_fifo_base_inst/gen_cdc_pntr.rd_pntr_cdc_inst/dest_graysync_ff_reg[0][2]/D
  -------------------------------------------------------------------    -------------------

                         (clock clk_out1_cdc_asyn_fifo_axis_clk_wiz_0_0 rise edge)
                                                      0.000     0.000 r  
    BUFG_PS_X0Y81        BUFG_PS                      0.000     0.000 r  cdc_asyn_fifo_axis_i/zynq_ultra_ps_e_0/inst/buffer_pl_clk_0.PL_CLK_0_BUFG/O
                         net (fo=15566, routed)       1.636     1.636    cdc_asyn_fifo_axis_i/clk_wiz_0/inst/clk_in1
    MMCM_X0Y3            MMCME4_ADV (Prop_MMCM_CLKIN1_CLKOUT0)
                                                     -0.079     1.557 r  cdc_asyn_fifo_axis_i/clk_wiz_0/inst/mmcme4_adv_inst/CLKOUT0
                         net (fo=1, routed)           0.204     1.761    cdc_asyn_fifo_axis_i/clk_wiz_0/inst/clk_out1_cdc_asyn_fifo_axis_clk_wiz_0_0
    BUFGCE_X0Y76         BUFGCE (Prop_BUFCE_BUFGCE_I_O)
                                                      0.026     1.787 r  cdc_asyn_fifo_axis_i/clk_wiz_0/inst/clkout1_buf/O
    X1Y1 (CLOCK_ROOT)    net (fo=193, routed)         1.442     3.229    cdc_asyn_fifo_axis_i/axis_data_fifo_1/inst/gen_fifo.xpm_fifo_axis_inst/xpm_fifo_base_inst/gen_cdc_pntr.rd_pntr_cdc_inst/dest_clk
    SLICE_X48Y113        FDRE                                         r  cdc_asyn_fifo_axis_i/axis_data_fifo_1/inst/gen_fifo.xpm_fifo_axis_inst/xpm_fifo_base_inst/gen_cdc_pntr.rd_pntr_cdc_inst/dest_graysync_ff_reg[0][2]/C





--------------------------------------------------------------------------------------
Path Group:  (none)
From Clock:  
  To Clock:  clk_pl_0

Max Delay             1 Endpoint
Min Delay             1 Endpoint
--------------------------------------------------------------------------------------


Max Delay Paths
--------------------------------------------------------------------------------------
Slack:                    inf
  Source:                 cdc_asyn_fifo_axis_i/zynq_ultra_ps_e_0/inst/PS8_i/EMIOGPIOO[95]
                            (internal pin)
  Destination:            cdc_asyn_fifo_axis_i/proc_sys_reset_0/U0/EXT_LPF/ACTIVE_LOW_EXT.ACT_LO_EXT/GENERATE_LEVEL_P_S_CDC.SINGLE_BIT.CROSS_PLEVEL_IN2SCNDRY_IN_cdc_to/D
                            (rising edge-triggered cell FDRE clocked by clk_pl_0  {rise@0.000ns fall@5.156ns period=10.312ns})
  Path Group:             (none)
  Path Type:              Setup (Max at Slow Process Corner)
  Data Path Delay:        3.150ns  (logic 0.135ns (4.286%)  route 3.015ns (95.714%))
  Logic Levels:           1  (LUT1=1)
  Clock Uncertainty:      0.157ns  ((TSJ^2 + DJ^2)^1/2) / 2 + PE
    Total System Jitter     (TSJ):    0.050ns
    Discrete Jitter          (DJ):    0.310ns
    Phase Error              (PE):    0.000ns
  Clock Net Delay (Destination): 2.664ns (routing 1.444ns, distribution 1.220ns)
  Timing Exception:       False Path

    Location             Delay type                Incr(ns)  Path(ns)    Netlist Resource(s)
  -------------------------------------------------------------------    -------------------
    PS8_X0Y0             PS8                          0.000     0.000 f  cdc_asyn_fifo_axis_i/zynq_ultra_ps_e_0/inst/PS8_i/EMIOGPIOO[95]
                         net (fo=2, routed)           2.489     2.489    cdc_asyn_fifo_axis_i/proc_sys_reset_0/U0/EXT_LPF/ACTIVE_LOW_EXT.ACT_LO_EXT/ext_reset_in
    SLICE_X36Y121        LUT1 (Prop_C5LUT_SLICEL_I0_O)
                                                      0.135     2.624 r  cdc_asyn_fifo_axis_i/proc_sys_reset_0/U0/EXT_LPF/ACTIVE_LOW_EXT.ACT_LO_EXT/GENERATE_LEVEL_P_S_CDC.SINGLE_BIT.CROSS_PLEVEL_IN2SCNDRY_IN_cdc_to_i_1/O
                         net (fo=1, routed)           0.526     3.150    cdc_asyn_fifo_axis_i/proc_sys_reset_0/U0/EXT_LPF/ACTIVE_LOW_EXT.ACT_LO_EXT/exr_d1
    SLICE_X36Y121        FDRE                                         r  cdc_asyn_fifo_axis_i/proc_sys_reset_0/U0/EXT_LPF/ACTIVE_LOW_EXT.ACT_LO_EXT/GENERATE_LEVEL_P_S_CDC.SINGLE_BIT.CROSS_PLEVEL_IN2SCNDRY_IN_cdc_to/D
  -------------------------------------------------------------------    -------------------

                         (clock clk_pl_0 rise edge)
                                                      0.000     0.000 r  
    PS8_X0Y0             PS8                          0.000     0.000 r  cdc_asyn_fifo_axis_i/zynq_ultra_ps_e_0/inst/PS8_i/PLCLK[0]
                         net (fo=1, routed)           0.181     0.181    cdc_asyn_fifo_axis_i/zynq_ultra_ps_e_0/inst/pl_clk_unbuffered[0]
    BUFG_PS_X0Y81        BUFG_PS (Prop_BUFG_PS_I_O)
                                                      0.035     0.216 r  cdc_asyn_fifo_axis_i/zynq_ultra_ps_e_0/inst/buffer_pl_clk_0.PL_CLK_0_BUFG/O
    X1Y1 (CLOCK_ROOT)    net (fo=15566, routed)       2.664     2.880    cdc_asyn_fifo_axis_i/proc_sys_reset_0/U0/EXT_LPF/ACTIVE_LOW_EXT.ACT_LO_EXT/slowest_sync_clk
    SLICE_X36Y121        FDRE                                         r  cdc_asyn_fifo_axis_i/proc_sys_reset_0/U0/EXT_LPF/ACTIVE_LOW_EXT.ACT_LO_EXT/GENERATE_LEVEL_P_S_CDC.SINGLE_BIT.CROSS_PLEVEL_IN2SCNDRY_IN_cdc_to/C





Min Delay Paths
--------------------------------------------------------------------------------------
Slack:                    inf
  Source:                 cdc_asyn_fifo_axis_i/zynq_ultra_ps_e_0/inst/PS8_i/EMIOGPIOO[95]
                            (internal pin)
  Destination:            cdc_asyn_fifo_axis_i/proc_sys_reset_0/U0/EXT_LPF/ACTIVE_LOW_EXT.ACT_LO_EXT/GENERATE_LEVEL_P_S_CDC.SINGLE_BIT.CROSS_PLEVEL_IN2SCNDRY_IN_cdc_to/D
                            (rising edge-triggered cell FDRE clocked by clk_pl_0  {rise@0.000ns fall@5.156ns period=10.312ns})
  Path Group:             (none)
  Path Type:              Hold (Min at Fast Process Corner)
  Data Path Delay:        1.247ns  (logic 0.037ns (2.967%)  route 1.210ns (97.033%))
  Logic Levels:           1  (LUT1=1)
  Clock Uncertainty:      0.157ns  ((TSJ^2 + DJ^2)^1/2) / 2 + PE
    Total System Jitter     (TSJ):    0.050ns
    Discrete Jitter          (DJ):    0.310ns
    Phase Error              (PE):    0.000ns
  Clock Net Delay (Destination): 1.779ns (routing 0.966ns, distribution 0.813ns)
  Timing Exception:       False Path

    Location             Delay type                Incr(ns)  Path(ns)    Netlist Resource(s)
  -------------------------------------------------------------------    -------------------
    PS8_X0Y0             PS8                          0.000     0.000 f  cdc_asyn_fifo_axis_i/zynq_ultra_ps_e_0/inst/PS8_i/EMIOGPIOO[95]
                         net (fo=2, routed)           1.059     1.059    cdc_asyn_fifo_axis_i/proc_sys_reset_0/U0/EXT_LPF/ACTIVE_LOW_EXT.ACT_LO_EXT/ext_reset_in
    SLICE_X36Y121        LUT1 (Prop_C5LUT_SLICEL_I0_O)
                                                      0.037     1.096 r  cdc_asyn_fifo_axis_i/proc_sys_reset_0/U0/EXT_LPF/ACTIVE_LOW_EXT.ACT_LO_EXT/GENERATE_LEVEL_P_S_CDC.SINGLE_BIT.CROSS_PLEVEL_IN2SCNDRY_IN_cdc_to_i_1/O
                         net (fo=1, routed)           0.151     1.247    cdc_asyn_fifo_axis_i/proc_sys_reset_0/U0/EXT_LPF/ACTIVE_LOW_EXT.ACT_LO_EXT/exr_d1
    SLICE_X36Y121        FDRE                                         r  cdc_asyn_fifo_axis_i/proc_sys_reset_0/U0/EXT_LPF/ACTIVE_LOW_EXT.ACT_LO_EXT/GENERATE_LEVEL_P_S_CDC.SINGLE_BIT.CROSS_PLEVEL_IN2SCNDRY_IN_cdc_to/D
  -------------------------------------------------------------------    -------------------

                         (clock clk_pl_0 rise edge)
                                                      0.000     0.000 r  
    PS8_X0Y0             PS8                          0.000     0.000 r  cdc_asyn_fifo_axis_i/zynq_ultra_ps_e_0/inst/PS8_i/PLCLK[0]
                         net (fo=1, routed)           0.164     0.164    cdc_asyn_fifo_axis_i/zynq_ultra_ps_e_0/inst/pl_clk_unbuffered[0]
    BUFG_PS_X0Y81        BUFG_PS (Prop_BUFG_PS_I_O)
                                                      0.023     0.187 r  cdc_asyn_fifo_axis_i/zynq_ultra_ps_e_0/inst/buffer_pl_clk_0.PL_CLK_0_BUFG/O
    X1Y1 (CLOCK_ROOT)    net (fo=15566, routed)       1.779     1.966    cdc_asyn_fifo_axis_i/proc_sys_reset_0/U0/EXT_LPF/ACTIVE_LOW_EXT.ACT_LO_EXT/slowest_sync_clk
    SLICE_X36Y121        FDRE                                         r  cdc_asyn_fifo_axis_i/proc_sys_reset_0/U0/EXT_LPF/ACTIVE_LOW_EXT.ACT_LO_EXT/GENERATE_LEVEL_P_S_CDC.SINGLE_BIT.CROSS_PLEVEL_IN2SCNDRY_IN_cdc_to/C





--------------------------------------------------------------------------------------
Path Group:  (none)
From Clock:  clk_out1_cdc_asyn_fifo_axis_clk_wiz_0_0
  To Clock:  clk_pl_0

Max Delay             2 Endpoints
Min Delay            20 Endpoints
--------------------------------------------------------------------------------------


Max Delay Paths
--------------------------------------------------------------------------------------
Slack:                    inf
  Source:                 cdc_asyn_fifo_axis_i/axis_data_fifo_0/inst/gen_fifo.xpm_fifo_axis_inst/xpm_fifo_base_inst/xpm_fifo_rst_inst/gen_rst_ic.fifo_rd_rst_ic_reg/C
                            (rising edge-triggered cell FDRE clocked by clk_out1_cdc_asyn_fifo_axis_clk_wiz_0_0  {rise@0.000ns fall@2.500ns period=5.000ns})
  Destination:            cdc_asyn_fifo_axis_i/axis_data_fifo_0/inst/gen_fifo.xpm_fifo_axis_inst/xpm_fifo_base_inst/xpm_fifo_rst_inst/gen_rst_ic.rrst_wr_inst/syncstages_ff_reg[0]/D
                            (rising edge-triggered cell FDRE clocked by clk_pl_0  {rise@0.000ns fall@5.156ns period=10.312ns})
  Path Group:             (none)
  Path Type:              Setup (Max at Slow Process Corner)
  Data Path Delay:        1.665ns  (logic 0.113ns (6.788%)  route 1.552ns (93.212%))
  Logic Levels:           0  
  Clock Path Skew:        -2.460ns (DCD - SCD + CPR)
    Destination Clock Delay (DCD):    2.989ns
    Source Clock Delay      (SCD):    5.449ns
    Clock Pessimism Removal (CPR):    0.000ns
  Clock Uncertainty:      0.414ns  ((TSJ^2 + DJ^2)^1/2) / 2 + PE
    Total System Jitter     (TSJ):    0.071ns
    Discrete Jitter          (DJ):    0.310ns
    Phase Error              (PE):    0.255ns
  Clock Net Delay (Source):      2.440ns (routing 1.241ns, distribution 1.199ns)
  Clock Net Delay (Destination): 2.773ns (routing 1.444ns, distribution 1.329ns)
  Timing Exception:       False Path

    Location             Delay type                Incr(ns)  Path(ns)    Netlist Resource(s)
  -------------------------------------------------------------------    -------------------
                         (clock clk_out1_cdc_asyn_fifo_axis_clk_wiz_0_0 rise edge)
                                                      0.000     0.000 r  
    BUFG_PS_X0Y81        BUFG_PS                      0.000     0.000 r  cdc_asyn_fifo_axis_i/zynq_ultra_ps_e_0/inst/buffer_pl_clk_0.PL_CLK_0_BUFG/O
                         net (fo=15566, routed)       2.720     2.720    cdc_asyn_fifo_axis_i/clk_wiz_0/inst/clk_in1
    MMCM_X0Y3            MMCME4_ADV (Prop_MMCM_CLKIN1_CLKOUT0)
                                                     -0.103     2.617 r  cdc_asyn_fifo_axis_i/clk_wiz_0/inst/mmcme4_adv_inst/CLKOUT0
                         net (fo=1, routed)           0.348     2.965    cdc_asyn_fifo_axis_i/clk_wiz_0/inst/clk_out1_cdc_asyn_fifo_axis_clk_wiz_0_0
    BUFGCE_X0Y76         BUFGCE (Prop_BUFCE_BUFGCE_I_O)
                                                      0.044     3.009 r  cdc_asyn_fifo_axis_i/clk_wiz_0/inst/clkout1_buf/O
    X1Y1 (CLOCK_ROOT)    net (fo=193, routed)         2.440     5.449    cdc_asyn_fifo_axis_i/axis_data_fifo_0/inst/gen_fifo.xpm_fifo_axis_inst/xpm_fifo_base_inst/xpm_fifo_rst_inst/rd_clk
    SLICE_X48Y110        FDRE                                         r  cdc_asyn_fifo_axis_i/axis_data_fifo_0/inst/gen_fifo.xpm_fifo_axis_inst/xpm_fifo_base_inst/xpm_fifo_rst_inst/gen_rst_ic.fifo_rd_rst_ic_reg/C
  -------------------------------------------------------------------    -------------------
    SLICE_X48Y110        FDRE (Prop_HFF_SLICEL_C_Q)
                                                      0.113     5.562 r  cdc_asyn_fifo_axis_i/axis_data_fifo_0/inst/gen_fifo.xpm_fifo_axis_inst/xpm_fifo_base_inst/xpm_fifo_rst_inst/gen_rst_ic.fifo_rd_rst_ic_reg/Q
                         net (fo=34, routed)          1.552     7.114    cdc_asyn_fifo_axis_i/axis_data_fifo_0/inst/gen_fifo.xpm_fifo_axis_inst/xpm_fifo_base_inst/xpm_fifo_rst_inst/gen_rst_ic.rrst_wr_inst/src_rst
    SLICE_X52Y107        FDRE                                         r  cdc_asyn_fifo_axis_i/axis_data_fifo_0/inst/gen_fifo.xpm_fifo_axis_inst/xpm_fifo_base_inst/xpm_fifo_rst_inst/gen_rst_ic.rrst_wr_inst/syncstages_ff_reg[0]/D
  -------------------------------------------------------------------    -------------------

                         (clock clk_pl_0 rise edge)
                                                      0.000     0.000 r  
    PS8_X0Y0             PS8                          0.000     0.000 r  cdc_asyn_fifo_axis_i/zynq_ultra_ps_e_0/inst/PS8_i/PLCLK[0]
                         net (fo=1, routed)           0.181     0.181    cdc_asyn_fifo_axis_i/zynq_ultra_ps_e_0/inst/pl_clk_unbuffered[0]
    BUFG_PS_X0Y81        BUFG_PS (Prop_BUFG_PS_I_O)
                                                      0.035     0.216 r  cdc_asyn_fifo_axis_i/zynq_ultra_ps_e_0/inst/buffer_pl_clk_0.PL_CLK_0_BUFG/O
    X1Y1 (CLOCK_ROOT)    net (fo=15566, routed)       2.773     2.989    cdc_asyn_fifo_axis_i/axis_data_fifo_0/inst/gen_fifo.xpm_fifo_axis_inst/xpm_fifo_base_inst/xpm_fifo_rst_inst/gen_rst_ic.rrst_wr_inst/dest_clk
    SLICE_X52Y107        FDRE                                         r  cdc_asyn_fifo_axis_i/axis_data_fifo_0/inst/gen_fifo.xpm_fifo_axis_inst/xpm_fifo_base_inst/xpm_fifo_rst_inst/gen_rst_ic.rrst_wr_inst/syncstages_ff_reg[0]/C

Slack:                    inf
  Source:                 cdc_asyn_fifo_axis_i/axis_data_fifo_1/inst/gen_fifo.xpm_fifo_axis_inst/xpm_fifo_base_inst/xpm_fifo_rst_inst/gen_rst_ic.fifo_wr_rst_ic_reg/C
                            (rising edge-triggered cell FDRE clocked by clk_out1_cdc_asyn_fifo_axis_clk_wiz_0_0  {rise@0.000ns fall@2.500ns period=5.000ns})
  Destination:            cdc_asyn_fifo_axis_i/axis_data_fifo_1/inst/gen_fifo.xpm_fifo_axis_inst/xpm_fifo_base_inst/xpm_fifo_rst_inst/gen_rst_ic.wrst_rd_inst/syncstages_ff_reg[0]/D
                            (rising edge-triggered cell FDRE clocked by clk_pl_0  {rise@0.000ns fall@5.156ns period=10.312ns})
  Path Group:             (none)
  Path Type:              Setup (Max at Slow Process Corner)
  Data Path Delay:        0.924ns  (logic 0.114ns (12.339%)  route 0.810ns (87.661%))
  Logic Levels:           0  
  Clock Path Skew:        -2.552ns (DCD - SCD + CPR)
    Destination Clock Delay (DCD):    2.947ns
    Source Clock Delay      (SCD):    5.500ns
    Clock Pessimism Removal (CPR):    0.000ns
  Clock Uncertainty:      0.414ns  ((TSJ^2 + DJ^2)^1/2) / 2 + PE
    Total System Jitter     (TSJ):    0.071ns
    Discrete Jitter          (DJ):    0.310ns
    Phase Error              (PE):    0.255ns
  Clock Net Delay (Source):      2.491ns (routing 1.241ns, distribution 1.250ns)
  Clock Net Delay (Destination): 2.731ns (routing 1.444ns, distribution 1.287ns)
  Timing Exception:       False Path

    Location             Delay type                Incr(ns)  Path(ns)    Netlist Resource(s)
  -------------------------------------------------------------------    -------------------
                         (clock clk_out1_cdc_asyn_fifo_axis_clk_wiz_0_0 rise edge)
                                                      0.000     0.000 r  
    BUFG_PS_X0Y81        BUFG_PS                      0.000     0.000 r  cdc_asyn_fifo_axis_i/zynq_ultra_ps_e_0/inst/buffer_pl_clk_0.PL_CLK_0_BUFG/O
                         net (fo=15566, routed)       2.720     2.720    cdc_asyn_fifo_axis_i/clk_wiz_0/inst/clk_in1
    MMCM_X0Y3            MMCME4_ADV (Prop_MMCM_CLKIN1_CLKOUT0)
                                                     -0.103     2.617 r  cdc_asyn_fifo_axis_i/clk_wiz_0/inst/mmcme4_adv_inst/CLKOUT0
                         net (fo=1, routed)           0.348     2.965    cdc_asyn_fifo_axis_i/clk_wiz_0/inst/clk_out1_cdc_asyn_fifo_axis_clk_wiz_0_0
    BUFGCE_X0Y76         BUFGCE (Prop_BUFCE_BUFGCE_I_O)
                                                      0.044     3.009 r  cdc_asyn_fifo_axis_i/clk_wiz_0/inst/clkout1_buf/O
    X1Y1 (CLOCK_ROOT)    net (fo=193, routed)         2.491     5.500    cdc_asyn_fifo_axis_i/axis_data_fifo_1/inst/gen_fifo.xpm_fifo_axis_inst/xpm_fifo_base_inst/xpm_fifo_rst_inst/wr_clk
    SLICE_X51Y112        FDRE                                         r  cdc_asyn_fifo_axis_i/axis_data_fifo_1/inst/gen_fifo.xpm_fifo_axis_inst/xpm_fifo_base_inst/xpm_fifo_rst_inst/gen_rst_ic.fifo_wr_rst_ic_reg/C
  -------------------------------------------------------------------    -------------------
    SLICE_X51Y112        FDRE (Prop_DFF_SLICEL_C_Q)
                                                      0.114     5.614 r  cdc_asyn_fifo_axis_i/axis_data_fifo_1/inst/gen_fifo.xpm_fifo_axis_inst/xpm_fifo_base_inst/xpm_fifo_rst_inst/gen_rst_ic.fifo_wr_rst_ic_reg/Q
                         net (fo=2, routed)           0.810     6.423    cdc_asyn_fifo_axis_i/axis_data_fifo_1/inst/gen_fifo.xpm_fifo_axis_inst/xpm_fifo_base_inst/xpm_fifo_rst_inst/gen_rst_ic.wrst_rd_inst/src_rst
    SLICE_X45Y110        FDRE                                         r  cdc_asyn_fifo_axis_i/axis_data_fifo_1/inst/gen_fifo.xpm_fifo_axis_inst/xpm_fifo_base_inst/xpm_fifo_rst_inst/gen_rst_ic.wrst_rd_inst/syncstages_ff_reg[0]/D
  -------------------------------------------------------------------    -------------------

                         (clock clk_pl_0 rise edge)
                                                      0.000     0.000 r  
    PS8_X0Y0             PS8                          0.000     0.000 r  cdc_asyn_fifo_axis_i/zynq_ultra_ps_e_0/inst/PS8_i/PLCLK[0]
                         net (fo=1, routed)           0.181     0.181    cdc_asyn_fifo_axis_i/zynq_ultra_ps_e_0/inst/pl_clk_unbuffered[0]
    BUFG_PS_X0Y81        BUFG_PS (Prop_BUFG_PS_I_O)
                                                      0.035     0.216 r  cdc_asyn_fifo_axis_i/zynq_ultra_ps_e_0/inst/buffer_pl_clk_0.PL_CLK_0_BUFG/O
    X1Y1 (CLOCK_ROOT)    net (fo=15566, routed)       2.731     2.947    cdc_asyn_fifo_axis_i/axis_data_fifo_1/inst/gen_fifo.xpm_fifo_axis_inst/xpm_fifo_base_inst/xpm_fifo_rst_inst/gen_rst_ic.wrst_rd_inst/dest_clk
    SLICE_X45Y110        FDRE                                         r  cdc_asyn_fifo_axis_i/axis_data_fifo_1/inst/gen_fifo.xpm_fifo_axis_inst/xpm_fifo_base_inst/xpm_fifo_rst_inst/gen_rst_ic.wrst_rd_inst/syncstages_ff_reg[0]/C





Min Delay Paths
--------------------------------------------------------------------------------------
Slack:                    inf
  Source:                 cdc_asyn_fifo_axis_i/axis_data_fifo_1/inst/gen_fifo.xpm_fifo_axis_inst/xpm_fifo_base_inst/gen_cdc_pntr.wr_pntr_cdc_inst/src_gray_ff_reg[0]/C
                            (rising edge-triggered cell FDRE clocked by clk_out1_cdc_asyn_fifo_axis_clk_wiz_0_0  {rise@0.000ns fall@2.500ns period=5.000ns})
  Destination:            cdc_asyn_fifo_axis_i/axis_data_fifo_1/inst/gen_fifo.xpm_fifo_axis_inst/xpm_fifo_base_inst/gen_cdc_pntr.wr_pntr_cdc_inst/dest_graysync_ff_reg[0][0]/D
                            (rising edge-triggered cell FDRE clocked by clk_pl_0  {rise@0.000ns fall@5.156ns period=10.312ns})
  Path Group:             (none)
  Path Type:              Hold (Min at Fast Process Corner)
  Data Path Delay:        0.148ns  (logic 0.084ns (56.757%)  route 0.064ns (43.243%))
  Logic Levels:           0  
  Clock Path Skew:        -1.577ns (DCD - SCD - CPR)
    Destination Clock Delay (DCD):    2.006ns
    Source Clock Delay      (SCD):    3.583ns
    Clock Pessimism Removal (CPR):    -0.000ns
  Clock Uncertainty:      0.414ns  ((TSJ^2 + DJ^2)^1/2) / 2 + PE
    Total System Jitter     (TSJ):    0.071ns
    Discrete Jitter          (DJ):    0.310ns
    Phase Error              (PE):    0.255ns
  Clock Net Delay (Source):      1.310ns (routing 0.676ns, distribution 0.634ns)
  Clock Net Delay (Destination): 1.819ns (routing 0.966ns, distribution 0.853ns)
  Timing Exception:       False Path

    Location             Delay type                Incr(ns)  Path(ns)    Netlist Resource(s)
  -------------------------------------------------------------------    -------------------
                         (clock clk_out1_cdc_asyn_fifo_axis_clk_wiz_0_0 rise edge)
                                                      0.000     0.000 r  
    BUFG_PS_X0Y81        BUFG_PS                      0.000     0.000 r  cdc_asyn_fifo_axis_i/zynq_ultra_ps_e_0/inst/buffer_pl_clk_0.PL_CLK_0_BUFG/O
                         net (fo=15566, routed)       1.505     1.505    cdc_asyn_fifo_axis_i/clk_wiz_0/inst/clk_in1
    MMCM_X0Y3            MMCME4_ADV (Prop_MMCM_CLKIN1_CLKOUT0)
                                                      0.566     2.071 r  cdc_asyn_fifo_axis_i/clk_wiz_0/inst/mmcme4_adv_inst/CLKOUT0
                         net (fo=1, routed)           0.179     2.250    cdc_asyn_fifo_axis_i/clk_wiz_0/inst/clk_out1_cdc_asyn_fifo_axis_clk_wiz_0_0
    BUFGCE_X0Y76         BUFGCE (Prop_BUFCE_BUFGCE_I_O)
                                                      0.023     2.273 r  cdc_asyn_fifo_axis_i/clk_wiz_0/inst/clkout1_buf/O
    X1Y1 (CLOCK_ROOT)    net (fo=193, routed)         1.310     3.583    cdc_asyn_fifo_axis_i/axis_data_fifo_1/inst/gen_fifo.xpm_fifo_axis_inst/xpm_fifo_base_inst/gen_cdc_pntr.wr_pntr_cdc_inst/src_clk
    SLICE_X46Y111        FDRE                                         r  cdc_asyn_fifo_axis_i/axis_data_fifo_1/inst/gen_fifo.xpm_fifo_axis_inst/xpm_fifo_base_inst/gen_cdc_pntr.wr_pntr_cdc_inst/src_gray_ff_reg[0]/C
  -------------------------------------------------------------------    -------------------
    SLICE_X46Y111        FDRE (Prop_DFF_SLICEL_C_Q)
                                                      0.084     3.667 r  cdc_asyn_fifo_axis_i/axis_data_fifo_1/inst/gen_fifo.xpm_fifo_axis_inst/xpm_fifo_base_inst/gen_cdc_pntr.wr_pntr_cdc_inst/src_gray_ff_reg[0]/Q
                         net (fo=1, routed)           0.064     3.731    cdc_asyn_fifo_axis_i/axis_data_fifo_1/inst/gen_fifo.xpm_fifo_axis_inst/xpm_fifo_base_inst/gen_cdc_pntr.wr_pntr_cdc_inst/async_path[0]
    SLICE_X45Y111        FDRE                                         r  cdc_asyn_fifo_axis_i/axis_data_fifo_1/inst/gen_fifo.xpm_fifo_axis_inst/xpm_fifo_base_inst/gen_cdc_pntr.wr_pntr_cdc_inst/dest_graysync_ff_reg[0][0]/D
  -------------------------------------------------------------------    -------------------

                         (clock clk_pl_0 rise edge)
                                                      0.000     0.000 r  
    PS8_X0Y0             PS8                          0.000     0.000 r  cdc_asyn_fifo_axis_i/zynq_ultra_ps_e_0/inst/PS8_i/PLCLK[0]
                         net (fo=1, routed)           0.164     0.164    cdc_asyn_fifo_axis_i/zynq_ultra_ps_e_0/inst/pl_clk_unbuffered[0]
    BUFG_PS_X0Y81        BUFG_PS (Prop_BUFG_PS_I_O)
                                                      0.023     0.187 r  cdc_asyn_fifo_axis_i/zynq_ultra_ps_e_0/inst/buffer_pl_clk_0.PL_CLK_0_BUFG/O
    X1Y1 (CLOCK_ROOT)    net (fo=15566, routed)       1.819     2.006    cdc_asyn_fifo_axis_i/axis_data_fifo_1/inst/gen_fifo.xpm_fifo_axis_inst/xpm_fifo_base_inst/gen_cdc_pntr.wr_pntr_cdc_inst/dest_clk
    SLICE_X45Y111        FDRE                                         r  cdc_asyn_fifo_axis_i/axis_data_fifo_1/inst/gen_fifo.xpm_fifo_axis_inst/xpm_fifo_base_inst/gen_cdc_pntr.wr_pntr_cdc_inst/dest_graysync_ff_reg[0][0]/C

Slack:                    inf
  Source:                 cdc_asyn_fifo_axis_i/axis_data_fifo_1/inst/gen_fifo.xpm_fifo_axis_inst/xpm_fifo_base_inst/gen_cdc_pntr.wr_pntr_cdc_inst/src_gray_ff_reg[5]/C
                            (rising edge-triggered cell FDRE clocked by clk_out1_cdc_asyn_fifo_axis_clk_wiz_0_0  {rise@0.000ns fall@2.500ns period=5.000ns})
  Destination:            cdc_asyn_fifo_axis_i/axis_data_fifo_1/inst/gen_fifo.xpm_fifo_axis_inst/xpm_fifo_base_inst/gen_cdc_pntr.wr_pntr_cdc_inst/dest_graysync_ff_reg[0][5]/D
                            (rising edge-triggered cell FDRE clocked by clk_pl_0  {rise@0.000ns fall@5.156ns period=10.312ns})
  Path Group:             (none)
  Path Type:              Hold (Min at Fast Process Corner)
  Data Path Delay:        0.155ns  (logic 0.084ns (54.194%)  route 0.071ns (45.806%))
  Logic Levels:           0  
  Clock Path Skew:        -1.593ns (DCD - SCD - CPR)
    Destination Clock Delay (DCD):    2.004ns
    Source Clock Delay      (SCD):    3.598ns
    Clock Pessimism Removal (CPR):    -0.000ns
  Clock Uncertainty:      0.414ns  ((TSJ^2 + DJ^2)^1/2) / 2 + PE
    Total System Jitter     (TSJ):    0.071ns
    Discrete Jitter          (DJ):    0.310ns
    Phase Error              (PE):    0.255ns
  Clock Net Delay (Source):      1.325ns (routing 0.676ns, distribution 0.649ns)
  Clock Net Delay (Destination): 1.817ns (routing 0.966ns, distribution 0.851ns)
  Timing Exception:       False Path

    Location             Delay type                Incr(ns)  Path(ns)    Netlist Resource(s)
  -------------------------------------------------------------------    -------------------
                         (clock clk_out1_cdc_asyn_fifo_axis_clk_wiz_0_0 rise edge)
                                                      0.000     0.000 r  
    BUFG_PS_X0Y81        BUFG_PS                      0.000     0.000 r  cdc_asyn_fifo_axis_i/zynq_ultra_ps_e_0/inst/buffer_pl_clk_0.PL_CLK_0_BUFG/O
                         net (fo=15566, routed)       1.505     1.505    cdc_asyn_fifo_axis_i/clk_wiz_0/inst/clk_in1
    MMCM_X0Y3            MMCME4_ADV (Prop_MMCM_CLKIN1_CLKOUT0)
                                                      0.566     2.071 r  cdc_asyn_fifo_axis_i/clk_wiz_0/inst/mmcme4_adv_inst/CLKOUT0
                         net (fo=1, routed)           0.179     2.250    cdc_asyn_fifo_axis_i/clk_wiz_0/inst/clk_out1_cdc_asyn_fifo_axis_clk_wiz_0_0
    BUFGCE_X0Y76         BUFGCE (Prop_BUFCE_BUFGCE_I_O)
                                                      0.023     2.273 r  cdc_asyn_fifo_axis_i/clk_wiz_0/inst/clkout1_buf/O
    X1Y1 (CLOCK_ROOT)    net (fo=193, routed)         1.325     3.598    cdc_asyn_fifo_axis_i/axis_data_fifo_1/inst/gen_fifo.xpm_fifo_axis_inst/xpm_fifo_base_inst/gen_cdc_pntr.wr_pntr_cdc_inst/src_clk
    SLICE_X47Y113        FDRE                                         r  cdc_asyn_fifo_axis_i/axis_data_fifo_1/inst/gen_fifo.xpm_fifo_axis_inst/xpm_fifo_base_inst/gen_cdc_pntr.wr_pntr_cdc_inst/src_gray_ff_reg[5]/C
  -------------------------------------------------------------------    -------------------
    SLICE_X47Y113        FDRE (Prop_HFF2_SLICEL_C_Q)
                                                      0.084     3.682 r  cdc_asyn_fifo_axis_i/axis_data_fifo_1/inst/gen_fifo.xpm_fifo_axis_inst/xpm_fifo_base_inst/gen_cdc_pntr.wr_pntr_cdc_inst/src_gray_ff_reg[5]/Q
                         net (fo=1, routed)           0.071     3.753    cdc_asyn_fifo_axis_i/axis_data_fifo_1/inst/gen_fifo.xpm_fifo_axis_inst/xpm_fifo_base_inst/gen_cdc_pntr.wr_pntr_cdc_inst/async_path[5]
    SLICE_X47Y113        FDRE                                         r  cdc_asyn_fifo_axis_i/axis_data_fifo_1/inst/gen_fifo.xpm_fifo_axis_inst/xpm_fifo_base_inst/gen_cdc_pntr.wr_pntr_cdc_inst/dest_graysync_ff_reg[0][5]/D
  -------------------------------------------------------------------    -------------------

                         (clock clk_pl_0 rise edge)
                                                      0.000     0.000 r  
    PS8_X0Y0             PS8                          0.000     0.000 r  cdc_asyn_fifo_axis_i/zynq_ultra_ps_e_0/inst/PS8_i/PLCLK[0]
                         net (fo=1, routed)           0.164     0.164    cdc_asyn_fifo_axis_i/zynq_ultra_ps_e_0/inst/pl_clk_unbuffered[0]
    BUFG_PS_X0Y81        BUFG_PS (Prop_BUFG_PS_I_O)
                                                      0.023     0.187 r  cdc_asyn_fifo_axis_i/zynq_ultra_ps_e_0/inst/buffer_pl_clk_0.PL_CLK_0_BUFG/O
    X1Y1 (CLOCK_ROOT)    net (fo=15566, routed)       1.817     2.004    cdc_asyn_fifo_axis_i/axis_data_fifo_1/inst/gen_fifo.xpm_fifo_axis_inst/xpm_fifo_base_inst/gen_cdc_pntr.wr_pntr_cdc_inst/dest_clk
    SLICE_X47Y113        FDRE                                         r  cdc_asyn_fifo_axis_i/axis_data_fifo_1/inst/gen_fifo.xpm_fifo_axis_inst/xpm_fifo_base_inst/gen_cdc_pntr.wr_pntr_cdc_inst/dest_graysync_ff_reg[0][5]/C

Slack:                    inf
  Source:                 cdc_asyn_fifo_axis_i/axis_data_fifo_1/inst/gen_fifo.xpm_fifo_axis_inst/xpm_fifo_base_inst/gen_cdc_pntr.wr_pntr_cdc_inst/src_gray_ff_reg[1]/C
                            (rising edge-triggered cell FDRE clocked by clk_out1_cdc_asyn_fifo_axis_clk_wiz_0_0  {rise@0.000ns fall@2.500ns period=5.000ns})
  Destination:            cdc_asyn_fifo_axis_i/axis_data_fifo_1/inst/gen_fifo.xpm_fifo_axis_inst/xpm_fifo_base_inst/gen_cdc_pntr.wr_pntr_cdc_inst/dest_graysync_ff_reg[0][1]/D
                            (rising edge-triggered cell FDRE clocked by clk_pl_0  {rise@0.000ns fall@5.156ns period=10.312ns})
  Path Group:             (none)
  Path Type:              Hold (Min at Fast Process Corner)
  Data Path Delay:        0.171ns  (logic 0.086ns (50.292%)  route 0.085ns (49.708%))
  Logic Levels:           0  
  Clock Path Skew:        -1.579ns (DCD - SCD - CPR)
    Destination Clock Delay (DCD):    2.004ns
    Source Clock Delay      (SCD):    3.583ns
    Clock Pessimism Removal (CPR):    -0.000ns
  Clock Uncertainty:      0.414ns  ((TSJ^2 + DJ^2)^1/2) / 2 + PE
    Total System Jitter     (TSJ):    0.071ns
    Discrete Jitter          (DJ):    0.310ns
    Phase Error              (PE):    0.255ns
  Clock Net Delay (Source):      1.310ns (routing 0.676ns, distribution 0.634ns)
  Clock Net Delay (Destination): 1.817ns (routing 0.966ns, distribution 0.851ns)
  Timing Exception:       False Path

    Location             Delay type                Incr(ns)  Path(ns)    Netlist Resource(s)
  -------------------------------------------------------------------    -------------------
                         (clock clk_out1_cdc_asyn_fifo_axis_clk_wiz_0_0 rise edge)
                                                      0.000     0.000 r  
    BUFG_PS_X0Y81        BUFG_PS                      0.000     0.000 r  cdc_asyn_fifo_axis_i/zynq_ultra_ps_e_0/inst/buffer_pl_clk_0.PL_CLK_0_BUFG/O
                         net (fo=15566, routed)       1.505     1.505    cdc_asyn_fifo_axis_i/clk_wiz_0/inst/clk_in1
    MMCM_X0Y3            MMCME4_ADV (Prop_MMCM_CLKIN1_CLKOUT0)
                                                      0.566     2.071 r  cdc_asyn_fifo_axis_i/clk_wiz_0/inst/mmcme4_adv_inst/CLKOUT0
                         net (fo=1, routed)           0.179     2.250    cdc_asyn_fifo_axis_i/clk_wiz_0/inst/clk_out1_cdc_asyn_fifo_axis_clk_wiz_0_0
    BUFGCE_X0Y76         BUFGCE (Prop_BUFCE_BUFGCE_I_O)
                                                      0.023     2.273 r  cdc_asyn_fifo_axis_i/clk_wiz_0/inst/clkout1_buf/O
    X1Y1 (CLOCK_ROOT)    net (fo=193, routed)         1.310     3.583    cdc_asyn_fifo_axis_i/axis_data_fifo_1/inst/gen_fifo.xpm_fifo_axis_inst/xpm_fifo_base_inst/gen_cdc_pntr.wr_pntr_cdc_inst/src_clk
    SLICE_X46Y111        FDRE                                         r  cdc_asyn_fifo_axis_i/axis_data_fifo_1/inst/gen_fifo.xpm_fifo_axis_inst/xpm_fifo_base_inst/gen_cdc_pntr.wr_pntr_cdc_inst/src_gray_ff_reg[1]/C
  -------------------------------------------------------------------    -------------------
    SLICE_X46Y111        FDRE (Prop_DFF2_SLICEL_C_Q)
                                                      0.086     3.669 r  cdc_asyn_fifo_axis_i/axis_data_fifo_1/inst/gen_fifo.xpm_fifo_axis_inst/xpm_fifo_base_inst/gen_cdc_pntr.wr_pntr_cdc_inst/src_gray_ff_reg[1]/Q
                         net (fo=1, routed)           0.085     3.754    cdc_asyn_fifo_axis_i/axis_data_fifo_1/inst/gen_fifo.xpm_fifo_axis_inst/xpm_fifo_base_inst/gen_cdc_pntr.wr_pntr_cdc_inst/async_path[1]
    SLICE_X46Y111        FDRE                                         r  cdc_asyn_fifo_axis_i/axis_data_fifo_1/inst/gen_fifo.xpm_fifo_axis_inst/xpm_fifo_base_inst/gen_cdc_pntr.wr_pntr_cdc_inst/dest_graysync_ff_reg[0][1]/D
  -------------------------------------------------------------------    -------------------

                         (clock clk_pl_0 rise edge)
                                                      0.000     0.000 r  
    PS8_X0Y0             PS8                          0.000     0.000 r  cdc_asyn_fifo_axis_i/zynq_ultra_ps_e_0/inst/PS8_i/PLCLK[0]
                         net (fo=1, routed)           0.164     0.164    cdc_asyn_fifo_axis_i/zynq_ultra_ps_e_0/inst/pl_clk_unbuffered[0]
    BUFG_PS_X0Y81        BUFG_PS (Prop_BUFG_PS_I_O)
                                                      0.023     0.187 r  cdc_asyn_fifo_axis_i/zynq_ultra_ps_e_0/inst/buffer_pl_clk_0.PL_CLK_0_BUFG/O
    X1Y1 (CLOCK_ROOT)    net (fo=15566, routed)       1.817     2.004    cdc_asyn_fifo_axis_i/axis_data_fifo_1/inst/gen_fifo.xpm_fifo_axis_inst/xpm_fifo_base_inst/gen_cdc_pntr.wr_pntr_cdc_inst/dest_clk
    SLICE_X46Y111        FDRE                                         r  cdc_asyn_fifo_axis_i/axis_data_fifo_1/inst/gen_fifo.xpm_fifo_axis_inst/xpm_fifo_base_inst/gen_cdc_pntr.wr_pntr_cdc_inst/dest_graysync_ff_reg[0][1]/C

Slack:                    inf
  Source:                 cdc_asyn_fifo_axis_i/axis_data_fifo_1/inst/gen_fifo.xpm_fifo_axis_inst/xpm_fifo_base_inst/gen_cdc_pntr.wr_pntr_cdc_inst/src_gray_ff_reg[7]/C
                            (rising edge-triggered cell FDRE clocked by clk_out1_cdc_asyn_fifo_axis_clk_wiz_0_0  {rise@0.000ns fall@2.500ns period=5.000ns})
  Destination:            cdc_asyn_fifo_axis_i/axis_data_fifo_1/inst/gen_fifo.xpm_fifo_axis_inst/xpm_fifo_base_inst/gen_cdc_pntr.wr_pntr_cdc_inst/dest_graysync_ff_reg[0][7]/D
                            (rising edge-triggered cell FDRE clocked by clk_pl_0  {rise@0.000ns fall@5.156ns period=10.312ns})
  Path Group:             (none)
  Path Type:              Hold (Min at Fast Process Corner)
  Data Path Delay:        0.162ns  (logic 0.084ns (51.852%)  route 0.078ns (48.148%))
  Logic Levels:           0  
  Clock Path Skew:        -1.592ns (DCD - SCD - CPR)
    Destination Clock Delay (DCD):    2.001ns
    Source Clock Delay      (SCD):    3.593ns
    Clock Pessimism Removal (CPR):    -0.000ns
  Clock Uncertainty:      0.414ns  ((TSJ^2 + DJ^2)^1/2) / 2 + PE
    Total System Jitter     (TSJ):    0.071ns
    Discrete Jitter          (DJ):    0.310ns
    Phase Error              (PE):    0.255ns
  Clock Net Delay (Source):      1.320ns (routing 0.676ns, distribution 0.644ns)
  Clock Net Delay (Destination): 1.814ns (routing 0.966ns, distribution 0.848ns)
  Timing Exception:       False Path

    Location             Delay type                Incr(ns)  Path(ns)    Netlist Resource(s)
  -------------------------------------------------------------------    -------------------
                         (clock clk_out1_cdc_asyn_fifo_axis_clk_wiz_0_0 rise edge)
                                                      0.000     0.000 r  
    BUFG_PS_X0Y81        BUFG_PS                      0.000     0.000 r  cdc_asyn_fifo_axis_i/zynq_ultra_ps_e_0/inst/buffer_pl_clk_0.PL_CLK_0_BUFG/O
                         net (fo=15566, routed)       1.505     1.505    cdc_asyn_fifo_axis_i/clk_wiz_0/inst/clk_in1
    MMCM_X0Y3            MMCME4_ADV (Prop_MMCM_CLKIN1_CLKOUT0)
                                                      0.566     2.071 r  cdc_asyn_fifo_axis_i/clk_wiz_0/inst/mmcme4_adv_inst/CLKOUT0
                         net (fo=1, routed)           0.179     2.250    cdc_asyn_fifo_axis_i/clk_wiz_0/inst/clk_out1_cdc_asyn_fifo_axis_clk_wiz_0_0
    BUFGCE_X0Y76         BUFGCE (Prop_BUFCE_BUFGCE_I_O)
                                                      0.023     2.273 r  cdc_asyn_fifo_axis_i/clk_wiz_0/inst/clkout1_buf/O
    X1Y1 (CLOCK_ROOT)    net (fo=193, routed)         1.320     3.593    cdc_asyn_fifo_axis_i/axis_data_fifo_1/inst/gen_fifo.xpm_fifo_axis_inst/xpm_fifo_base_inst/gen_cdc_pntr.wr_pntr_cdc_inst/src_clk
    SLICE_X47Y114        FDRE                                         r  cdc_asyn_fifo_axis_i/axis_data_fifo_1/inst/gen_fifo.xpm_fifo_axis_inst/xpm_fifo_base_inst/gen_cdc_pntr.wr_pntr_cdc_inst/src_gray_ff_reg[7]/C
  -------------------------------------------------------------------    -------------------
    SLICE_X47Y114        FDRE (Prop_HFF2_SLICEL_C_Q)
                                                      0.084     3.677 r  cdc_asyn_fifo_axis_i/axis_data_fifo_1/inst/gen_fifo.xpm_fifo_axis_inst/xpm_fifo_base_inst/gen_cdc_pntr.wr_pntr_cdc_inst/src_gray_ff_reg[7]/Q
                         net (fo=1, routed)           0.078     3.755    cdc_asyn_fifo_axis_i/axis_data_fifo_1/inst/gen_fifo.xpm_fifo_axis_inst/xpm_fifo_base_inst/gen_cdc_pntr.wr_pntr_cdc_inst/async_path[7]
    SLICE_X48Y113        FDRE                                         r  cdc_asyn_fifo_axis_i/axis_data_fifo_1/inst/gen_fifo.xpm_fifo_axis_inst/xpm_fifo_base_inst/gen_cdc_pntr.wr_pntr_cdc_inst/dest_graysync_ff_reg[0][7]/D
  -------------------------------------------------------------------    -------------------

                         (clock clk_pl_0 rise edge)
                                                      0.000     0.000 r  
    PS8_X0Y0             PS8                          0.000     0.000 r  cdc_asyn_fifo_axis_i/zynq_ultra_ps_e_0/inst/PS8_i/PLCLK[0]
                         net (fo=1, routed)           0.164     0.164    cdc_asyn_fifo_axis_i/zynq_ultra_ps_e_0/inst/pl_clk_unbuffered[0]
    BUFG_PS_X0Y81        BUFG_PS (Prop_BUFG_PS_I_O)
                                                      0.023     0.187 r  cdc_asyn_fifo_axis_i/zynq_ultra_ps_e_0/inst/buffer_pl_clk_0.PL_CLK_0_BUFG/O
    X1Y1 (CLOCK_ROOT)    net (fo=15566, routed)       1.814     2.001    cdc_asyn_fifo_axis_i/axis_data_fifo_1/inst/gen_fifo.xpm_fifo_axis_inst/xpm_fifo_base_inst/gen_cdc_pntr.wr_pntr_cdc_inst/dest_clk
    SLICE_X48Y113        FDRE                                         r  cdc_asyn_fifo_axis_i/axis_data_fifo_1/inst/gen_fifo.xpm_fifo_axis_inst/xpm_fifo_base_inst/gen_cdc_pntr.wr_pntr_cdc_inst/dest_graysync_ff_reg[0][7]/C

Slack:                    inf
  Source:                 cdc_asyn_fifo_axis_i/axis_data_fifo_0/inst/gen_fifo.xpm_fifo_axis_inst/xpm_fifo_base_inst/gen_cdc_pntr.rd_pntr_cdc_inst/src_gray_ff_reg[0]/C
                            (rising edge-triggered cell FDRE clocked by clk_out1_cdc_asyn_fifo_axis_clk_wiz_0_0  {rise@0.000ns fall@2.500ns period=5.000ns})
  Destination:            cdc_asyn_fifo_axis_i/axis_data_fifo_0/inst/gen_fifo.xpm_fifo_axis_inst/xpm_fifo_base_inst/gen_cdc_pntr.rd_pntr_cdc_inst/dest_graysync_ff_reg[0][0]/D
                            (rising edge-triggered cell FDRE clocked by clk_pl_0  {rise@0.000ns fall@5.156ns period=10.312ns})
  Path Group:             (none)
  Path Type:              Hold (Min at Fast Process Corner)
  Data Path Delay:        0.167ns  (logic 0.084ns (50.299%)  route 0.083ns (49.701%))
  Logic Levels:           0  
  Clock Path Skew:        -1.589ns (DCD - SCD - CPR)
    Destination Clock Delay (DCD):    2.004ns
    Source Clock Delay      (SCD):    3.593ns
    Clock Pessimism Removal (CPR):    -0.000ns
  Clock Uncertainty:      0.414ns  ((TSJ^2 + DJ^2)^1/2) / 2 + PE
    Total System Jitter     (TSJ):    0.071ns
    Discrete Jitter          (DJ):    0.310ns
    Phase Error              (PE):    0.255ns
  Clock Net Delay (Source):      1.320ns (routing 0.676ns, distribution 0.644ns)
  Clock Net Delay (Destination): 1.817ns (routing 0.966ns, distribution 0.851ns)
  Timing Exception:       False Path

    Location             Delay type                Incr(ns)  Path(ns)    Netlist Resource(s)
  -------------------------------------------------------------------    -------------------
                         (clock clk_out1_cdc_asyn_fifo_axis_clk_wiz_0_0 rise edge)
                                                      0.000     0.000 r  
    BUFG_PS_X0Y81        BUFG_PS                      0.000     0.000 r  cdc_asyn_fifo_axis_i/zynq_ultra_ps_e_0/inst/buffer_pl_clk_0.PL_CLK_0_BUFG/O
                         net (fo=15566, routed)       1.505     1.505    cdc_asyn_fifo_axis_i/clk_wiz_0/inst/clk_in1
    MMCM_X0Y3            MMCME4_ADV (Prop_MMCM_CLKIN1_CLKOUT0)
                                                      0.566     2.071 r  cdc_asyn_fifo_axis_i/clk_wiz_0/inst/mmcme4_adv_inst/CLKOUT0
                         net (fo=1, routed)           0.179     2.250    cdc_asyn_fifo_axis_i/clk_wiz_0/inst/clk_out1_cdc_asyn_fifo_axis_clk_wiz_0_0
    BUFGCE_X0Y76         BUFGCE (Prop_BUFCE_BUFGCE_I_O)
                                                      0.023     2.273 r  cdc_asyn_fifo_axis_i/clk_wiz_0/inst/clkout1_buf/O
    X1Y1 (CLOCK_ROOT)    net (fo=193, routed)         1.320     3.593    cdc_asyn_fifo_axis_i/axis_data_fifo_0/inst/gen_fifo.xpm_fifo_axis_inst/xpm_fifo_base_inst/gen_cdc_pntr.rd_pntr_cdc_inst/src_clk
    SLICE_X48Y107        FDRE                                         r  cdc_asyn_fifo_axis_i/axis_data_fifo_0/inst/gen_fifo.xpm_fifo_axis_inst/xpm_fifo_base_inst/gen_cdc_pntr.rd_pntr_cdc_inst/src_gray_ff_reg[0]/C
  -------------------------------------------------------------------    -------------------
    SLICE_X48Y107        FDRE (Prop_HFF_SLICEL_C_Q)
                                                      0.084     3.677 r  cdc_asyn_fifo_axis_i/axis_data_fifo_0/inst/gen_fifo.xpm_fifo_axis_inst/xpm_fifo_base_inst/gen_cdc_pntr.rd_pntr_cdc_inst/src_gray_ff_reg[0]/Q
                         net (fo=1, routed)           0.083     3.760    cdc_asyn_fifo_axis_i/axis_data_fifo_0/inst/gen_fifo.xpm_fifo_axis_inst/xpm_fifo_base_inst/gen_cdc_pntr.rd_pntr_cdc_inst/async_path[0]
    SLICE_X48Y105        FDRE                                         r  cdc_asyn_fifo_axis_i/axis_data_fifo_0/inst/gen_fifo.xpm_fifo_axis_inst/xpm_fifo_base_inst/gen_cdc_pntr.rd_pntr_cdc_inst/dest_graysync_ff_reg[0][0]/D
  -------------------------------------------------------------------    -------------------

                         (clock clk_pl_0 rise edge)
                                                      0.000     0.000 r  
    PS8_X0Y0             PS8                          0.000     0.000 r  cdc_asyn_fifo_axis_i/zynq_ultra_ps_e_0/inst/PS8_i/PLCLK[0]
                         net (fo=1, routed)           0.164     0.164    cdc_asyn_fifo_axis_i/zynq_ultra_ps_e_0/inst/pl_clk_unbuffered[0]
    BUFG_PS_X0Y81        BUFG_PS (Prop_BUFG_PS_I_O)
                                                      0.023     0.187 r  cdc_asyn_fifo_axis_i/zynq_ultra_ps_e_0/inst/buffer_pl_clk_0.PL_CLK_0_BUFG/O
    X1Y1 (CLOCK_ROOT)    net (fo=15566, routed)       1.817     2.004    cdc_asyn_fifo_axis_i/axis_data_fifo_0/inst/gen_fifo.xpm_fifo_axis_inst/xpm_fifo_base_inst/gen_cdc_pntr.rd_pntr_cdc_inst/dest_clk
    SLICE_X48Y105        FDRE                                         r  cdc_asyn_fifo_axis_i/axis_data_fifo_0/inst/gen_fifo.xpm_fifo_axis_inst/xpm_fifo_base_inst/gen_cdc_pntr.rd_pntr_cdc_inst/dest_graysync_ff_reg[0][0]/C

Slack:                    inf
  Source:                 cdc_asyn_fifo_axis_i/axis_data_fifo_1/inst/gen_fifo.xpm_fifo_axis_inst/xpm_fifo_base_inst/gen_cdc_pntr.wr_pntr_cdc_inst/src_gray_ff_reg[8]/C
                            (rising edge-triggered cell FDRE clocked by clk_out1_cdc_asyn_fifo_axis_clk_wiz_0_0  {rise@0.000ns fall@2.500ns period=5.000ns})
  Destination:            cdc_asyn_fifo_axis_i/axis_data_fifo_1/inst/gen_fifo.xpm_fifo_axis_inst/xpm_fifo_base_inst/gen_cdc_pntr.wr_pntr_cdc_inst/dest_graysync_ff_reg[0][8]/D
                            (rising edge-triggered cell FDRE clocked by clk_pl_0  {rise@0.000ns fall@5.156ns period=10.312ns})
  Path Group:             (none)
  Path Type:              Hold (Min at Fast Process Corner)
  Data Path Delay:        0.171ns  (logic 0.084ns (49.123%)  route 0.087ns (50.877%))
  Logic Levels:           0  
  Clock Path Skew:        -1.593ns (DCD - SCD - CPR)
    Destination Clock Delay (DCD):    2.002ns
    Source Clock Delay      (SCD):    3.595ns
    Clock Pessimism Removal (CPR):    -0.000ns
  Clock Uncertainty:      0.414ns  ((TSJ^2 + DJ^2)^1/2) / 2 + PE
    Total System Jitter     (TSJ):    0.071ns
    Discrete Jitter          (DJ):    0.310ns
    Phase Error              (PE):    0.255ns
  Clock Net Delay (Source):      1.322ns (routing 0.676ns, distribution 0.646ns)
  Clock Net Delay (Destination): 1.815ns (routing 0.966ns, distribution 0.849ns)
  Timing Exception:       False Path

    Location             Delay type                Incr(ns)  Path(ns)    Netlist Resource(s)
  -------------------------------------------------------------------    -------------------
                         (clock clk_out1_cdc_asyn_fifo_axis_clk_wiz_0_0 rise edge)
                                                      0.000     0.000 r  
    BUFG_PS_X0Y81        BUFG_PS                      0.000     0.000 r  cdc_asyn_fifo_axis_i/zynq_ultra_ps_e_0/inst/buffer_pl_clk_0.PL_CLK_0_BUFG/O
                         net (fo=15566, routed)       1.505     1.505    cdc_asyn_fifo_axis_i/clk_wiz_0/inst/clk_in1
    MMCM_X0Y3            MMCME4_ADV (Prop_MMCM_CLKIN1_CLKOUT0)
                                                      0.566     2.071 r  cdc_asyn_fifo_axis_i/clk_wiz_0/inst/mmcme4_adv_inst/CLKOUT0
                         net (fo=1, routed)           0.179     2.250    cdc_asyn_fifo_axis_i/clk_wiz_0/inst/clk_out1_cdc_asyn_fifo_axis_clk_wiz_0_0
    BUFGCE_X0Y76         BUFGCE (Prop_BUFCE_BUFGCE_I_O)
                                                      0.023     2.273 r  cdc_asyn_fifo_axis_i/clk_wiz_0/inst/clkout1_buf/O
    X1Y1 (CLOCK_ROOT)    net (fo=193, routed)         1.322     3.595    cdc_asyn_fifo_axis_i/axis_data_fifo_1/inst/gen_fifo.xpm_fifo_axis_inst/xpm_fifo_base_inst/gen_cdc_pntr.wr_pntr_cdc_inst/src_clk
    SLICE_X48Y114        FDRE                                         r  cdc_asyn_fifo_axis_i/axis_data_fifo_1/inst/gen_fifo.xpm_fifo_axis_inst/xpm_fifo_base_inst/gen_cdc_pntr.wr_pntr_cdc_inst/src_gray_ff_reg[8]/C
  -------------------------------------------------------------------    -------------------
    SLICE_X48Y114        FDRE (Prop_EFF_SLICEL_C_Q)
                                                      0.084     3.679 r  cdc_asyn_fifo_axis_i/axis_data_fifo_1/inst/gen_fifo.xpm_fifo_axis_inst/xpm_fifo_base_inst/gen_cdc_pntr.wr_pntr_cdc_inst/src_gray_ff_reg[8]/Q
                         net (fo=1, routed)           0.087     3.766    cdc_asyn_fifo_axis_i/axis_data_fifo_1/inst/gen_fifo.xpm_fifo_axis_inst/xpm_fifo_base_inst/gen_cdc_pntr.wr_pntr_cdc_inst/async_path[8]
    SLICE_X48Y114        FDRE                                         r  cdc_asyn_fifo_axis_i/axis_data_fifo_1/inst/gen_fifo.xpm_fifo_axis_inst/xpm_fifo_base_inst/gen_cdc_pntr.wr_pntr_cdc_inst/dest_graysync_ff_reg[0][8]/D
  -------------------------------------------------------------------    -------------------

                         (clock clk_pl_0 rise edge)
                                                      0.000     0.000 r  
    PS8_X0Y0             PS8                          0.000     0.000 r  cdc_asyn_fifo_axis_i/zynq_ultra_ps_e_0/inst/PS8_i/PLCLK[0]
                         net (fo=1, routed)           0.164     0.164    cdc_asyn_fifo_axis_i/zynq_ultra_ps_e_0/inst/pl_clk_unbuffered[0]
    BUFG_PS_X0Y81        BUFG_PS (Prop_BUFG_PS_I_O)
                                                      0.023     0.187 r  cdc_asyn_fifo_axis_i/zynq_ultra_ps_e_0/inst/buffer_pl_clk_0.PL_CLK_0_BUFG/O
    X1Y1 (CLOCK_ROOT)    net (fo=15566, routed)       1.815     2.002    cdc_asyn_fifo_axis_i/axis_data_fifo_1/inst/gen_fifo.xpm_fifo_axis_inst/xpm_fifo_base_inst/gen_cdc_pntr.wr_pntr_cdc_inst/dest_clk
    SLICE_X48Y114        FDRE                                         r  cdc_asyn_fifo_axis_i/axis_data_fifo_1/inst/gen_fifo.xpm_fifo_axis_inst/xpm_fifo_base_inst/gen_cdc_pntr.wr_pntr_cdc_inst/dest_graysync_ff_reg[0][8]/C

Slack:                    inf
  Source:                 cdc_asyn_fifo_axis_i/axis_data_fifo_0/inst/gen_fifo.xpm_fifo_axis_inst/xpm_fifo_base_inst/gen_cdc_pntr.rd_pntr_cdc_inst/src_gray_ff_reg[4]/C
                            (rising edge-triggered cell FDRE clocked by clk_out1_cdc_asyn_fifo_axis_clk_wiz_0_0  {rise@0.000ns fall@2.500ns period=5.000ns})
  Destination:            cdc_asyn_fifo_axis_i/axis_data_fifo_0/inst/gen_fifo.xpm_fifo_axis_inst/xpm_fifo_base_inst/gen_cdc_pntr.rd_pntr_cdc_inst/dest_graysync_ff_reg[0][4]/D
                            (rising edge-triggered cell FDRE clocked by clk_pl_0  {rise@0.000ns fall@5.156ns period=10.312ns})
  Path Group:             (none)
  Path Type:              Hold (Min at Fast Process Corner)
  Data Path Delay:        0.181ns  (logic 0.084ns (46.409%)  route 0.097ns (53.591%))
  Logic Levels:           0  
  Clock Path Skew:        -1.589ns (DCD - SCD - CPR)
    Destination Clock Delay (DCD):    2.004ns
    Source Clock Delay      (SCD):    3.593ns
    Clock Pessimism Removal (CPR):    -0.000ns
  Clock Uncertainty:      0.414ns  ((TSJ^2 + DJ^2)^1/2) / 2 + PE
    Total System Jitter     (TSJ):    0.071ns
    Discrete Jitter          (DJ):    0.310ns
    Phase Error              (PE):    0.255ns
  Clock Net Delay (Source):      1.320ns (routing 0.676ns, distribution 0.644ns)
  Clock Net Delay (Destination): 1.817ns (routing 0.966ns, distribution 0.851ns)
  Timing Exception:       False Path

    Location             Delay type                Incr(ns)  Path(ns)    Netlist Resource(s)
  -------------------------------------------------------------------    -------------------
                         (clock clk_out1_cdc_asyn_fifo_axis_clk_wiz_0_0 rise edge)
                                                      0.000     0.000 r  
    BUFG_PS_X0Y81        BUFG_PS                      0.000     0.000 r  cdc_asyn_fifo_axis_i/zynq_ultra_ps_e_0/inst/buffer_pl_clk_0.PL_CLK_0_BUFG/O
                         net (fo=15566, routed)       1.505     1.505    cdc_asyn_fifo_axis_i/clk_wiz_0/inst/clk_in1
    MMCM_X0Y3            MMCME4_ADV (Prop_MMCM_CLKIN1_CLKOUT0)
                                                      0.566     2.071 r  cdc_asyn_fifo_axis_i/clk_wiz_0/inst/mmcme4_adv_inst/CLKOUT0
                         net (fo=1, routed)           0.179     2.250    cdc_asyn_fifo_axis_i/clk_wiz_0/inst/clk_out1_cdc_asyn_fifo_axis_clk_wiz_0_0
    BUFGCE_X0Y76         BUFGCE (Prop_BUFCE_BUFGCE_I_O)
                                                      0.023     2.273 r  cdc_asyn_fifo_axis_i/clk_wiz_0/inst/clkout1_buf/O
    X1Y1 (CLOCK_ROOT)    net (fo=193, routed)         1.320     3.593    cdc_asyn_fifo_axis_i/axis_data_fifo_0/inst/gen_fifo.xpm_fifo_axis_inst/xpm_fifo_base_inst/gen_cdc_pntr.rd_pntr_cdc_inst/src_clk
    SLICE_X48Y107        FDRE                                         r  cdc_asyn_fifo_axis_i/axis_data_fifo_0/inst/gen_fifo.xpm_fifo_axis_inst/xpm_fifo_base_inst/gen_cdc_pntr.rd_pntr_cdc_inst/src_gray_ff_reg[4]/C
  -------------------------------------------------------------------    -------------------
    SLICE_X48Y107        FDRE (Prop_GFF_SLICEL_C_Q)
                                                      0.084     3.677 r  cdc_asyn_fifo_axis_i/axis_data_fifo_0/inst/gen_fifo.xpm_fifo_axis_inst/xpm_fifo_base_inst/gen_cdc_pntr.rd_pntr_cdc_inst/src_gray_ff_reg[4]/Q
                         net (fo=1, routed)           0.097     3.774    cdc_asyn_fifo_axis_i/axis_data_fifo_0/inst/gen_fifo.xpm_fifo_axis_inst/xpm_fifo_base_inst/gen_cdc_pntr.rd_pntr_cdc_inst/async_path[4]
    SLICE_X48Y109        FDRE                                         r  cdc_asyn_fifo_axis_i/axis_data_fifo_0/inst/gen_fifo.xpm_fifo_axis_inst/xpm_fifo_base_inst/gen_cdc_pntr.rd_pntr_cdc_inst/dest_graysync_ff_reg[0][4]/D
  -------------------------------------------------------------------    -------------------

                         (clock clk_pl_0 rise edge)
                                                      0.000     0.000 r  
    PS8_X0Y0             PS8                          0.000     0.000 r  cdc_asyn_fifo_axis_i/zynq_ultra_ps_e_0/inst/PS8_i/PLCLK[0]
                         net (fo=1, routed)           0.164     0.164    cdc_asyn_fifo_axis_i/zynq_ultra_ps_e_0/inst/pl_clk_unbuffered[0]
    BUFG_PS_X0Y81        BUFG_PS (Prop_BUFG_PS_I_O)
                                                      0.023     0.187 r  cdc_asyn_fifo_axis_i/zynq_ultra_ps_e_0/inst/buffer_pl_clk_0.PL_CLK_0_BUFG/O
    X1Y1 (CLOCK_ROOT)    net (fo=15566, routed)       1.817     2.004    cdc_asyn_fifo_axis_i/axis_data_fifo_0/inst/gen_fifo.xpm_fifo_axis_inst/xpm_fifo_base_inst/gen_cdc_pntr.rd_pntr_cdc_inst/dest_clk
    SLICE_X48Y109        FDRE                                         r  cdc_asyn_fifo_axis_i/axis_data_fifo_0/inst/gen_fifo.xpm_fifo_axis_inst/xpm_fifo_base_inst/gen_cdc_pntr.rd_pntr_cdc_inst/dest_graysync_ff_reg[0][4]/C

Slack:                    inf
  Source:                 cdc_asyn_fifo_axis_i/axis_data_fifo_1/inst/gen_fifo.xpm_fifo_axis_inst/xpm_fifo_base_inst/gen_cdc_pntr.wr_pntr_cdc_inst/src_gray_ff_reg[6]/C
                            (rising edge-triggered cell FDRE clocked by clk_out1_cdc_asyn_fifo_axis_clk_wiz_0_0  {rise@0.000ns fall@2.500ns period=5.000ns})
  Destination:            cdc_asyn_fifo_axis_i/axis_data_fifo_1/inst/gen_fifo.xpm_fifo_axis_inst/xpm_fifo_base_inst/gen_cdc_pntr.wr_pntr_cdc_inst/dest_graysync_ff_reg[0][6]/D
                            (rising edge-triggered cell FDRE clocked by clk_pl_0  {rise@0.000ns fall@5.156ns period=10.312ns})
  Path Group:             (none)
  Path Type:              Hold (Min at Fast Process Corner)
  Data Path Delay:        0.182ns  (logic 0.084ns (46.154%)  route 0.098ns (53.846%))
  Logic Levels:           0  
  Clock Path Skew:        -1.593ns (DCD - SCD - CPR)
    Destination Clock Delay (DCD):    2.000ns
    Source Clock Delay      (SCD):    3.593ns
    Clock Pessimism Removal (CPR):    -0.000ns
  Clock Uncertainty:      0.414ns  ((TSJ^2 + DJ^2)^1/2) / 2 + PE
    Total System Jitter     (TSJ):    0.071ns
    Discrete Jitter          (DJ):    0.310ns
    Phase Error              (PE):    0.255ns
  Clock Net Delay (Source):      1.320ns (routing 0.676ns, distribution 0.644ns)
  Clock Net Delay (Destination): 1.813ns (routing 0.966ns, distribution 0.847ns)
  Timing Exception:       False Path

    Location             Delay type                Incr(ns)  Path(ns)    Netlist Resource(s)
  -------------------------------------------------------------------    -------------------
                         (clock clk_out1_cdc_asyn_fifo_axis_clk_wiz_0_0 rise edge)
                                                      0.000     0.000 r  
    BUFG_PS_X0Y81        BUFG_PS                      0.000     0.000 r  cdc_asyn_fifo_axis_i/zynq_ultra_ps_e_0/inst/buffer_pl_clk_0.PL_CLK_0_BUFG/O
                         net (fo=15566, routed)       1.505     1.505    cdc_asyn_fifo_axis_i/clk_wiz_0/inst/clk_in1
    MMCM_X0Y3            MMCME4_ADV (Prop_MMCM_CLKIN1_CLKOUT0)
                                                      0.566     2.071 r  cdc_asyn_fifo_axis_i/clk_wiz_0/inst/mmcme4_adv_inst/CLKOUT0
                         net (fo=1, routed)           0.179     2.250    cdc_asyn_fifo_axis_i/clk_wiz_0/inst/clk_out1_cdc_asyn_fifo_axis_clk_wiz_0_0
    BUFGCE_X0Y76         BUFGCE (Prop_BUFCE_BUFGCE_I_O)
                                                      0.023     2.273 r  cdc_asyn_fifo_axis_i/clk_wiz_0/inst/clkout1_buf/O
    X1Y1 (CLOCK_ROOT)    net (fo=193, routed)         1.320     3.593    cdc_asyn_fifo_axis_i/axis_data_fifo_1/inst/gen_fifo.xpm_fifo_axis_inst/xpm_fifo_base_inst/gen_cdc_pntr.wr_pntr_cdc_inst/src_clk
    SLICE_X47Y114        FDRE                                         r  cdc_asyn_fifo_axis_i/axis_data_fifo_1/inst/gen_fifo.xpm_fifo_axis_inst/xpm_fifo_base_inst/gen_cdc_pntr.wr_pntr_cdc_inst/src_gray_ff_reg[6]/C
  -------------------------------------------------------------------    -------------------
    SLICE_X47Y114        FDRE (Prop_HFF_SLICEL_C_Q)
                                                      0.084     3.677 r  cdc_asyn_fifo_axis_i/axis_data_fifo_1/inst/gen_fifo.xpm_fifo_axis_inst/xpm_fifo_base_inst/gen_cdc_pntr.wr_pntr_cdc_inst/src_gray_ff_reg[6]/Q
                         net (fo=1, routed)           0.098     3.775    cdc_asyn_fifo_axis_i/axis_data_fifo_1/inst/gen_fifo.xpm_fifo_axis_inst/xpm_fifo_base_inst/gen_cdc_pntr.wr_pntr_cdc_inst/async_path[6]
    SLICE_X47Y114        FDRE                                         r  cdc_asyn_fifo_axis_i/axis_data_fifo_1/inst/gen_fifo.xpm_fifo_axis_inst/xpm_fifo_base_inst/gen_cdc_pntr.wr_pntr_cdc_inst/dest_graysync_ff_reg[0][6]/D
  -------------------------------------------------------------------    -------------------

                         (clock clk_pl_0 rise edge)
                                                      0.000     0.000 r  
    PS8_X0Y0             PS8                          0.000     0.000 r  cdc_asyn_fifo_axis_i/zynq_ultra_ps_e_0/inst/PS8_i/PLCLK[0]
                         net (fo=1, routed)           0.164     0.164    cdc_asyn_fifo_axis_i/zynq_ultra_ps_e_0/inst/pl_clk_unbuffered[0]
    BUFG_PS_X0Y81        BUFG_PS (Prop_BUFG_PS_I_O)
                                                      0.023     0.187 r  cdc_asyn_fifo_axis_i/zynq_ultra_ps_e_0/inst/buffer_pl_clk_0.PL_CLK_0_BUFG/O
    X1Y1 (CLOCK_ROOT)    net (fo=15566, routed)       1.813     2.000    cdc_asyn_fifo_axis_i/axis_data_fifo_1/inst/gen_fifo.xpm_fifo_axis_inst/xpm_fifo_base_inst/gen_cdc_pntr.wr_pntr_cdc_inst/dest_clk
    SLICE_X47Y114        FDRE                                         r  cdc_asyn_fifo_axis_i/axis_data_fifo_1/inst/gen_fifo.xpm_fifo_axis_inst/xpm_fifo_base_inst/gen_cdc_pntr.wr_pntr_cdc_inst/dest_graysync_ff_reg[0][6]/C

Slack:                    inf
  Source:                 cdc_asyn_fifo_axis_i/axis_data_fifo_0/inst/gen_fifo.xpm_fifo_axis_inst/xpm_fifo_base_inst/gen_cdc_pntr.rd_pntr_cdc_inst/src_gray_ff_reg[2]/C
                            (rising edge-triggered cell FDRE clocked by clk_out1_cdc_asyn_fifo_axis_clk_wiz_0_0  {rise@0.000ns fall@2.500ns period=5.000ns})
  Destination:            cdc_asyn_fifo_axis_i/axis_data_fifo_0/inst/gen_fifo.xpm_fifo_axis_inst/xpm_fifo_base_inst/gen_cdc_pntr.rd_pntr_cdc_inst/dest_graysync_ff_reg[0][2]/D
                            (rising edge-triggered cell FDRE clocked by clk_pl_0  {rise@0.000ns fall@5.156ns period=10.312ns})
  Path Group:             (none)
  Path Type:              Hold (Min at Fast Process Corner)
  Data Path Delay:        0.181ns  (logic 0.084ns (46.409%)  route 0.097ns (53.591%))
  Logic Levels:           0  
  Clock Path Skew:        -1.595ns (DCD - SCD - CPR)
    Destination Clock Delay (DCD):    2.000ns
    Source Clock Delay      (SCD):    3.596ns
    Clock Pessimism Removal (CPR):    -0.000ns
  Clock Uncertainty:      0.414ns  ((TSJ^2 + DJ^2)^1/2) / 2 + PE
    Total System Jitter     (TSJ):    0.071ns
    Discrete Jitter          (DJ):    0.310ns
    Phase Error              (PE):    0.255ns
  Clock Net Delay (Source):      1.323ns (routing 0.676ns, distribution 0.647ns)
  Clock Net Delay (Destination): 1.813ns (routing 0.966ns, distribution 0.847ns)
  Timing Exception:       False Path

    Location             Delay type                Incr(ns)  Path(ns)    Netlist Resource(s)
  -------------------------------------------------------------------    -------------------
                         (clock clk_out1_cdc_asyn_fifo_axis_clk_wiz_0_0 rise edge)
                                                      0.000     0.000 r  
    BUFG_PS_X0Y81        BUFG_PS                      0.000     0.000 r  cdc_asyn_fifo_axis_i/zynq_ultra_ps_e_0/inst/buffer_pl_clk_0.PL_CLK_0_BUFG/O
                         net (fo=15566, routed)       1.505     1.505    cdc_asyn_fifo_axis_i/clk_wiz_0/inst/clk_in1
    MMCM_X0Y3            MMCME4_ADV (Prop_MMCM_CLKIN1_CLKOUT0)
                                                      0.566     2.071 r  cdc_asyn_fifo_axis_i/clk_wiz_0/inst/mmcme4_adv_inst/CLKOUT0
                         net (fo=1, routed)           0.179     2.250    cdc_asyn_fifo_axis_i/clk_wiz_0/inst/clk_out1_cdc_asyn_fifo_axis_clk_wiz_0_0
    BUFGCE_X0Y76         BUFGCE (Prop_BUFCE_BUFGCE_I_O)
                                                      0.023     2.273 r  cdc_asyn_fifo_axis_i/clk_wiz_0/inst/clkout1_buf/O
    X1Y1 (CLOCK_ROOT)    net (fo=193, routed)         1.323     3.596    cdc_asyn_fifo_axis_i/axis_data_fifo_0/inst/gen_fifo.xpm_fifo_axis_inst/xpm_fifo_base_inst/gen_cdc_pntr.rd_pntr_cdc_inst/src_clk
    SLICE_X47Y106        FDRE                                         r  cdc_asyn_fifo_axis_i/axis_data_fifo_0/inst/gen_fifo.xpm_fifo_axis_inst/xpm_fifo_base_inst/gen_cdc_pntr.rd_pntr_cdc_inst/src_gray_ff_reg[2]/C
  -------------------------------------------------------------------    -------------------
    SLICE_X47Y106        FDRE (Prop_HFF_SLICEL_C_Q)
                                                      0.084     3.680 r  cdc_asyn_fifo_axis_i/axis_data_fifo_0/inst/gen_fifo.xpm_fifo_axis_inst/xpm_fifo_base_inst/gen_cdc_pntr.rd_pntr_cdc_inst/src_gray_ff_reg[2]/Q
                         net (fo=1, routed)           0.097     3.777    cdc_asyn_fifo_axis_i/axis_data_fifo_0/inst/gen_fifo.xpm_fifo_axis_inst/xpm_fifo_base_inst/gen_cdc_pntr.rd_pntr_cdc_inst/async_path[2]
    SLICE_X47Y102        FDRE                                         r  cdc_asyn_fifo_axis_i/axis_data_fifo_0/inst/gen_fifo.xpm_fifo_axis_inst/xpm_fifo_base_inst/gen_cdc_pntr.rd_pntr_cdc_inst/dest_graysync_ff_reg[0][2]/D
  -------------------------------------------------------------------    -------------------

                         (clock clk_pl_0 rise edge)
                                                      0.000     0.000 r  
    PS8_X0Y0             PS8                          0.000     0.000 r  cdc_asyn_fifo_axis_i/zynq_ultra_ps_e_0/inst/PS8_i/PLCLK[0]
                         net (fo=1, routed)           0.164     0.164    cdc_asyn_fifo_axis_i/zynq_ultra_ps_e_0/inst/pl_clk_unbuffered[0]
    BUFG_PS_X0Y81        BUFG_PS (Prop_BUFG_PS_I_O)
                                                      0.023     0.187 r  cdc_asyn_fifo_axis_i/zynq_ultra_ps_e_0/inst/buffer_pl_clk_0.PL_CLK_0_BUFG/O
    X1Y1 (CLOCK_ROOT)    net (fo=15566, routed)       1.813     2.000    cdc_asyn_fifo_axis_i/axis_data_fifo_0/inst/gen_fifo.xpm_fifo_axis_inst/xpm_fifo_base_inst/gen_cdc_pntr.rd_pntr_cdc_inst/dest_clk
    SLICE_X47Y102        FDRE                                         r  cdc_asyn_fifo_axis_i/axis_data_fifo_0/inst/gen_fifo.xpm_fifo_axis_inst/xpm_fifo_base_inst/gen_cdc_pntr.rd_pntr_cdc_inst/dest_graysync_ff_reg[0][2]/C

Slack:                    inf
  Source:                 cdc_asyn_fifo_axis_i/axis_data_fifo_1/inst/gen_fifo.xpm_fifo_axis_inst/xpm_fifo_base_inst/gen_cdc_pntr.wr_pntr_cdc_inst/src_gray_ff_reg[4]/C
                            (rising edge-triggered cell FDRE clocked by clk_out1_cdc_asyn_fifo_axis_clk_wiz_0_0  {rise@0.000ns fall@2.500ns period=5.000ns})
  Destination:            cdc_asyn_fifo_axis_i/axis_data_fifo_1/inst/gen_fifo.xpm_fifo_axis_inst/xpm_fifo_base_inst/gen_cdc_pntr.wr_pntr_cdc_inst/dest_graysync_ff_reg[0][4]/D
                            (rising edge-triggered cell FDRE clocked by clk_pl_0  {rise@0.000ns fall@5.156ns period=10.312ns})
  Path Group:             (none)
  Path Type:              Hold (Min at Fast Process Corner)
  Data Path Delay:        0.188ns  (logic 0.084ns (44.681%)  route 0.104ns (55.319%))
  Logic Levels:           0  
  Clock Path Skew:        -1.588ns (DCD - SCD - CPR)
    Destination Clock Delay (DCD):    2.010ns
    Source Clock Delay      (SCD):    3.598ns
    Clock Pessimism Removal (CPR):    -0.000ns
  Clock Uncertainty:      0.414ns  ((TSJ^2 + DJ^2)^1/2) / 2 + PE
    Total System Jitter     (TSJ):    0.071ns
    Discrete Jitter          (DJ):    0.310ns
    Phase Error              (PE):    0.255ns
  Clock Net Delay (Source):      1.325ns (routing 0.676ns, distribution 0.649ns)
  Clock Net Delay (Destination): 1.823ns (routing 0.966ns, distribution 0.857ns)
  Timing Exception:       False Path

    Location             Delay type                Incr(ns)  Path(ns)    Netlist Resource(s)
  -------------------------------------------------------------------    -------------------
                         (clock clk_out1_cdc_asyn_fifo_axis_clk_wiz_0_0 rise edge)
                                                      0.000     0.000 r  
    BUFG_PS_X0Y81        BUFG_PS                      0.000     0.000 r  cdc_asyn_fifo_axis_i/zynq_ultra_ps_e_0/inst/buffer_pl_clk_0.PL_CLK_0_BUFG/O
                         net (fo=15566, routed)       1.505     1.505    cdc_asyn_fifo_axis_i/clk_wiz_0/inst/clk_in1
    MMCM_X0Y3            MMCME4_ADV (Prop_MMCM_CLKIN1_CLKOUT0)
                                                      0.566     2.071 r  cdc_asyn_fifo_axis_i/clk_wiz_0/inst/mmcme4_adv_inst/CLKOUT0
                         net (fo=1, routed)           0.179     2.250    cdc_asyn_fifo_axis_i/clk_wiz_0/inst/clk_out1_cdc_asyn_fifo_axis_clk_wiz_0_0
    BUFGCE_X0Y76         BUFGCE (Prop_BUFCE_BUFGCE_I_O)
                                                      0.023     2.273 r  cdc_asyn_fifo_axis_i/clk_wiz_0/inst/clkout1_buf/O
    X1Y1 (CLOCK_ROOT)    net (fo=193, routed)         1.325     3.598    cdc_asyn_fifo_axis_i/axis_data_fifo_1/inst/gen_fifo.xpm_fifo_axis_inst/xpm_fifo_base_inst/gen_cdc_pntr.wr_pntr_cdc_inst/src_clk
    SLICE_X47Y113        FDRE                                         r  cdc_asyn_fifo_axis_i/axis_data_fifo_1/inst/gen_fifo.xpm_fifo_axis_inst/xpm_fifo_base_inst/gen_cdc_pntr.wr_pntr_cdc_inst/src_gray_ff_reg[4]/C
  -------------------------------------------------------------------    -------------------
    SLICE_X47Y113        FDRE (Prop_HFF_SLICEL_C_Q)
                                                      0.084     3.682 r  cdc_asyn_fifo_axis_i/axis_data_fifo_1/inst/gen_fifo.xpm_fifo_axis_inst/xpm_fifo_base_inst/gen_cdc_pntr.wr_pntr_cdc_inst/src_gray_ff_reg[4]/Q
                         net (fo=1, routed)           0.104     3.786    cdc_asyn_fifo_axis_i/axis_data_fifo_1/inst/gen_fifo.xpm_fifo_axis_inst/xpm_fifo_base_inst/gen_cdc_pntr.wr_pntr_cdc_inst/async_path[4]
    SLICE_X46Y113        FDRE                                         r  cdc_asyn_fifo_axis_i/axis_data_fifo_1/inst/gen_fifo.xpm_fifo_axis_inst/xpm_fifo_base_inst/gen_cdc_pntr.wr_pntr_cdc_inst/dest_graysync_ff_reg[0][4]/D
  -------------------------------------------------------------------    -------------------

                         (clock clk_pl_0 rise edge)
                                                      0.000     0.000 r  
    PS8_X0Y0             PS8                          0.000     0.000 r  cdc_asyn_fifo_axis_i/zynq_ultra_ps_e_0/inst/PS8_i/PLCLK[0]
                         net (fo=1, routed)           0.164     0.164    cdc_asyn_fifo_axis_i/zynq_ultra_ps_e_0/inst/pl_clk_unbuffered[0]
    BUFG_PS_X0Y81        BUFG_PS (Prop_BUFG_PS_I_O)
                                                      0.023     0.187 r  cdc_asyn_fifo_axis_i/zynq_ultra_ps_e_0/inst/buffer_pl_clk_0.PL_CLK_0_BUFG/O
    X1Y1 (CLOCK_ROOT)    net (fo=15566, routed)       1.823     2.010    cdc_asyn_fifo_axis_i/axis_data_fifo_1/inst/gen_fifo.xpm_fifo_axis_inst/xpm_fifo_base_inst/gen_cdc_pntr.wr_pntr_cdc_inst/dest_clk
    SLICE_X46Y113        FDRE                                         r  cdc_asyn_fifo_axis_i/axis_data_fifo_1/inst/gen_fifo.xpm_fifo_axis_inst/xpm_fifo_base_inst/gen_cdc_pntr.wr_pntr_cdc_inst/dest_graysync_ff_reg[0][4]/C





--------------------------------------------------------------------------------------
Path Group:  (none)
From Clock:  clk_pl_0
  To Clock:  clk_pl_0

Max Delay            91 Endpoints
Min Delay            91 Endpoints
--------------------------------------------------------------------------------------


Max Delay Paths
--------------------------------------------------------------------------------------
Slack:                    inf
  Source:                 cdc_asyn_fifo_axis_i/smartconnect_0/inst/clk_map/psr_aclk/U0/ACTIVE_LOW_BSR_OUT_DFF[0].FDRE_BSR_N/C
                            (rising edge-triggered cell FDRE clocked by clk_pl_0  {rise@0.000ns fall@5.156ns period=10.312ns})
  Destination:            cdc_asyn_fifo_axis_i/smartconnect_0/inst/s00_entry_pipeline/s00_transaction_regulator/inst/xpm_cdc_async_rst_inst/arststages_ff_reg[0]/CLR
                            (recovery check against rising-edge clock clk_pl_0  {rise@0.000ns fall@5.156ns period=10.312ns})
  Path Group:             (none)
  Path Type:              Recovery (Max at Slow Process Corner)
  Data Path Delay:        4.086ns  (logic 0.116ns (2.839%)  route 3.970ns (97.161%))
  Logic Levels:           0  
  Clock Path Skew:        -0.334ns (DCD - SCD + CPR)
    Destination Clock Delay (DCD):    3.042ns
    Source Clock Delay      (SCD):    3.376ns
    Clock Pessimism Removal (CPR):    0.000ns
  Clock Uncertainty:      0.159ns  ((TSJ^2 + DJ^2)^1/2) / 2 + PE
    Total System Jitter     (TSJ):    0.071ns
    Discrete Jitter          (DJ):    0.310ns
    Phase Error              (PE):    0.000ns
  Clock Net Delay (Source):      3.109ns (routing 1.579ns, distribution 1.530ns)
  Clock Net Delay (Destination): 2.826ns (routing 1.444ns, distribution 1.382ns)
  Timing Exception:       False Path

    Location             Delay type                Incr(ns)  Path(ns)    Netlist Resource(s)
  -------------------------------------------------------------------    -------------------
                         (clock clk_pl_0 rise edge)
                                                      0.000     0.000 r  
    PS8_X0Y0             PS8                          0.000     0.000 r  cdc_asyn_fifo_axis_i/zynq_ultra_ps_e_0/inst/PS8_i/PLCLK[0]
                         net (fo=1, routed)           0.229     0.229    cdc_asyn_fifo_axis_i/zynq_ultra_ps_e_0/inst/pl_clk_unbuffered[0]
    BUFG_PS_X0Y81        BUFG_PS (Prop_BUFG_PS_I_O)
                                                      0.038     0.267 r  cdc_asyn_fifo_axis_i/zynq_ultra_ps_e_0/inst/buffer_pl_clk_0.PL_CLK_0_BUFG/O
    X1Y1 (CLOCK_ROOT)    net (fo=15566, routed)       3.109     3.376    cdc_asyn_fifo_axis_i/smartconnect_0/inst/clk_map/psr_aclk/U0/aclk
    SLICE_X21Y138        FDRE                                         r  cdc_asyn_fifo_axis_i/smartconnect_0/inst/clk_map/psr_aclk/U0/ACTIVE_LOW_BSR_OUT_DFF[0].FDRE_BSR_N/C
  -------------------------------------------------------------------    -------------------
    SLICE_X21Y138        FDRE (Prop_DFF_SLICEM_C_Q)
                                                      0.116     3.492 r  cdc_asyn_fifo_axis_i/smartconnect_0/inst/clk_map/psr_aclk/U0/ACTIVE_LOW_BSR_OUT_DFF[0].FDRE_BSR_N/Q
                         net (fo=87, routed)          3.970     7.463    cdc_asyn_fifo_axis_i/smartconnect_0/inst/s00_entry_pipeline/s00_transaction_regulator/inst/xpm_cdc_async_rst_inst/src_arst
    SLICE_X3Y73          FDCE                                         f  cdc_asyn_fifo_axis_i/smartconnect_0/inst/s00_entry_pipeline/s00_transaction_regulator/inst/xpm_cdc_async_rst_inst/arststages_ff_reg[0]/CLR  (IS_INVERTED)
  -------------------------------------------------------------------    -------------------

                         (clock clk_pl_0 rise edge)
                                                      0.000     0.000 r  
    PS8_X0Y0             PS8                          0.000     0.000 r  cdc_asyn_fifo_axis_i/zynq_ultra_ps_e_0/inst/PS8_i/PLCLK[0]
                         net (fo=1, routed)           0.181     0.181    cdc_asyn_fifo_axis_i/zynq_ultra_ps_e_0/inst/pl_clk_unbuffered[0]
    BUFG_PS_X0Y81        BUFG_PS (Prop_BUFG_PS_I_O)
                                                      0.035     0.216 r  cdc_asyn_fifo_axis_i/zynq_ultra_ps_e_0/inst/buffer_pl_clk_0.PL_CLK_0_BUFG/O
    X1Y1 (CLOCK_ROOT)    net (fo=15566, routed)       2.826     3.042    cdc_asyn_fifo_axis_i/smartconnect_0/inst/s00_entry_pipeline/s00_transaction_regulator/inst/xpm_cdc_async_rst_inst/dest_clk
    SLICE_X3Y73          FDCE                                         r  cdc_asyn_fifo_axis_i/smartconnect_0/inst/s00_entry_pipeline/s00_transaction_regulator/inst/xpm_cdc_async_rst_inst/arststages_ff_reg[0]/C

Slack:                    inf
  Source:                 cdc_asyn_fifo_axis_i/smartconnect_0/inst/clk_map/psr_aclk/U0/ACTIVE_LOW_BSR_OUT_DFF[0].FDRE_BSR_N/C
                            (rising edge-triggered cell FDRE clocked by clk_pl_0  {rise@0.000ns fall@5.156ns period=10.312ns})
  Destination:            cdc_asyn_fifo_axis_i/smartconnect_0/inst/s00_entry_pipeline/s00_transaction_regulator/inst/xpm_cdc_async_rst_inst/arststages_ff_reg[1]/CLR
                            (recovery check against rising-edge clock clk_pl_0  {rise@0.000ns fall@5.156ns period=10.312ns})
  Path Group:             (none)
  Path Type:              Recovery (Max at Slow Process Corner)
  Data Path Delay:        4.086ns  (logic 0.116ns (2.839%)  route 3.970ns (97.161%))
  Logic Levels:           0  
  Clock Path Skew:        -0.334ns (DCD - SCD + CPR)
    Destination Clock Delay (DCD):    3.042ns
    Source Clock Delay      (SCD):    3.376ns
    Clock Pessimism Removal (CPR):    0.000ns
  Clock Uncertainty:      0.159ns  ((TSJ^2 + DJ^2)^1/2) / 2 + PE
    Total System Jitter     (TSJ):    0.071ns
    Discrete Jitter          (DJ):    0.310ns
    Phase Error              (PE):    0.000ns
  Clock Net Delay (Source):      3.109ns (routing 1.579ns, distribution 1.530ns)
  Clock Net Delay (Destination): 2.826ns (routing 1.444ns, distribution 1.382ns)
  Timing Exception:       False Path

    Location             Delay type                Incr(ns)  Path(ns)    Netlist Resource(s)
  -------------------------------------------------------------------    -------------------
                         (clock clk_pl_0 rise edge)
                                                      0.000     0.000 r  
    PS8_X0Y0             PS8                          0.000     0.000 r  cdc_asyn_fifo_axis_i/zynq_ultra_ps_e_0/inst/PS8_i/PLCLK[0]
                         net (fo=1, routed)           0.229     0.229    cdc_asyn_fifo_axis_i/zynq_ultra_ps_e_0/inst/pl_clk_unbuffered[0]
    BUFG_PS_X0Y81        BUFG_PS (Prop_BUFG_PS_I_O)
                                                      0.038     0.267 r  cdc_asyn_fifo_axis_i/zynq_ultra_ps_e_0/inst/buffer_pl_clk_0.PL_CLK_0_BUFG/O
    X1Y1 (CLOCK_ROOT)    net (fo=15566, routed)       3.109     3.376    cdc_asyn_fifo_axis_i/smartconnect_0/inst/clk_map/psr_aclk/U0/aclk
    SLICE_X21Y138        FDRE                                         r  cdc_asyn_fifo_axis_i/smartconnect_0/inst/clk_map/psr_aclk/U0/ACTIVE_LOW_BSR_OUT_DFF[0].FDRE_BSR_N/C
  -------------------------------------------------------------------    -------------------
    SLICE_X21Y138        FDRE (Prop_DFF_SLICEM_C_Q)
                                                      0.116     3.492 r  cdc_asyn_fifo_axis_i/smartconnect_0/inst/clk_map/psr_aclk/U0/ACTIVE_LOW_BSR_OUT_DFF[0].FDRE_BSR_N/Q
                         net (fo=87, routed)          3.970     7.463    cdc_asyn_fifo_axis_i/smartconnect_0/inst/s00_entry_pipeline/s00_transaction_regulator/inst/xpm_cdc_async_rst_inst/src_arst
    SLICE_X3Y73          FDCE                                         f  cdc_asyn_fifo_axis_i/smartconnect_0/inst/s00_entry_pipeline/s00_transaction_regulator/inst/xpm_cdc_async_rst_inst/arststages_ff_reg[1]/CLR  (IS_INVERTED)
  -------------------------------------------------------------------    -------------------

                         (clock clk_pl_0 rise edge)
                                                      0.000     0.000 r  
    PS8_X0Y0             PS8                          0.000     0.000 r  cdc_asyn_fifo_axis_i/zynq_ultra_ps_e_0/inst/PS8_i/PLCLK[0]
                         net (fo=1, routed)           0.181     0.181    cdc_asyn_fifo_axis_i/zynq_ultra_ps_e_0/inst/pl_clk_unbuffered[0]
    BUFG_PS_X0Y81        BUFG_PS (Prop_BUFG_PS_I_O)
                                                      0.035     0.216 r  cdc_asyn_fifo_axis_i/zynq_ultra_ps_e_0/inst/buffer_pl_clk_0.PL_CLK_0_BUFG/O
    X1Y1 (CLOCK_ROOT)    net (fo=15566, routed)       2.826     3.042    cdc_asyn_fifo_axis_i/smartconnect_0/inst/s00_entry_pipeline/s00_transaction_regulator/inst/xpm_cdc_async_rst_inst/dest_clk
    SLICE_X3Y73          FDCE                                         r  cdc_asyn_fifo_axis_i/smartconnect_0/inst/s00_entry_pipeline/s00_transaction_regulator/inst/xpm_cdc_async_rst_inst/arststages_ff_reg[1]/C

Slack:                    inf
  Source:                 cdc_asyn_fifo_axis_i/smartconnect_0/inst/clk_map/psr_aclk/U0/ACTIVE_LOW_BSR_OUT_DFF[0].FDRE_BSR_N/C
                            (rising edge-triggered cell FDRE clocked by clk_pl_0  {rise@0.000ns fall@5.156ns period=10.312ns})
  Destination:            cdc_asyn_fifo_axis_i/smartconnect_0/inst/s00_entry_pipeline/s00_transaction_regulator/inst/xpm_cdc_async_rst_inst/arststages_ff_reg[2]/CLR
                            (recovery check against rising-edge clock clk_pl_0  {rise@0.000ns fall@5.156ns period=10.312ns})
  Path Group:             (none)
  Path Type:              Recovery (Max at Slow Process Corner)
  Data Path Delay:        4.086ns  (logic 0.116ns (2.839%)  route 3.970ns (97.161%))
  Logic Levels:           0  
  Clock Path Skew:        -0.334ns (DCD - SCD + CPR)
    Destination Clock Delay (DCD):    3.042ns
    Source Clock Delay      (SCD):    3.376ns
    Clock Pessimism Removal (CPR):    0.000ns
  Clock Uncertainty:      0.159ns  ((TSJ^2 + DJ^2)^1/2) / 2 + PE
    Total System Jitter     (TSJ):    0.071ns
    Discrete Jitter          (DJ):    0.310ns
    Phase Error              (PE):    0.000ns
  Clock Net Delay (Source):      3.109ns (routing 1.579ns, distribution 1.530ns)
  Clock Net Delay (Destination): 2.826ns (routing 1.444ns, distribution 1.382ns)
  Timing Exception:       False Path

    Location             Delay type                Incr(ns)  Path(ns)    Netlist Resource(s)
  -------------------------------------------------------------------    -------------------
                         (clock clk_pl_0 rise edge)
                                                      0.000     0.000 r  
    PS8_X0Y0             PS8                          0.000     0.000 r  cdc_asyn_fifo_axis_i/zynq_ultra_ps_e_0/inst/PS8_i/PLCLK[0]
                         net (fo=1, routed)           0.229     0.229    cdc_asyn_fifo_axis_i/zynq_ultra_ps_e_0/inst/pl_clk_unbuffered[0]
    BUFG_PS_X0Y81        BUFG_PS (Prop_BUFG_PS_I_O)
                                                      0.038     0.267 r  cdc_asyn_fifo_axis_i/zynq_ultra_ps_e_0/inst/buffer_pl_clk_0.PL_CLK_0_BUFG/O
    X1Y1 (CLOCK_ROOT)    net (fo=15566, routed)       3.109     3.376    cdc_asyn_fifo_axis_i/smartconnect_0/inst/clk_map/psr_aclk/U0/aclk
    SLICE_X21Y138        FDRE                                         r  cdc_asyn_fifo_axis_i/smartconnect_0/inst/clk_map/psr_aclk/U0/ACTIVE_LOW_BSR_OUT_DFF[0].FDRE_BSR_N/C
  -------------------------------------------------------------------    -------------------
    SLICE_X21Y138        FDRE (Prop_DFF_SLICEM_C_Q)
                                                      0.116     3.492 r  cdc_asyn_fifo_axis_i/smartconnect_0/inst/clk_map/psr_aclk/U0/ACTIVE_LOW_BSR_OUT_DFF[0].FDRE_BSR_N/Q
                         net (fo=87, routed)          3.970     7.463    cdc_asyn_fifo_axis_i/smartconnect_0/inst/s00_entry_pipeline/s00_transaction_regulator/inst/xpm_cdc_async_rst_inst/src_arst
    SLICE_X3Y73          FDCE                                         f  cdc_asyn_fifo_axis_i/smartconnect_0/inst/s00_entry_pipeline/s00_transaction_regulator/inst/xpm_cdc_async_rst_inst/arststages_ff_reg[2]/CLR  (IS_INVERTED)
  -------------------------------------------------------------------    -------------------

                         (clock clk_pl_0 rise edge)
                                                      0.000     0.000 r  
    PS8_X0Y0             PS8                          0.000     0.000 r  cdc_asyn_fifo_axis_i/zynq_ultra_ps_e_0/inst/PS8_i/PLCLK[0]
                         net (fo=1, routed)           0.181     0.181    cdc_asyn_fifo_axis_i/zynq_ultra_ps_e_0/inst/pl_clk_unbuffered[0]
    BUFG_PS_X0Y81        BUFG_PS (Prop_BUFG_PS_I_O)
                                                      0.035     0.216 r  cdc_asyn_fifo_axis_i/zynq_ultra_ps_e_0/inst/buffer_pl_clk_0.PL_CLK_0_BUFG/O
    X1Y1 (CLOCK_ROOT)    net (fo=15566, routed)       2.826     3.042    cdc_asyn_fifo_axis_i/smartconnect_0/inst/s00_entry_pipeline/s00_transaction_regulator/inst/xpm_cdc_async_rst_inst/dest_clk
    SLICE_X3Y73          FDCE                                         r  cdc_asyn_fifo_axis_i/smartconnect_0/inst/s00_entry_pipeline/s00_transaction_regulator/inst/xpm_cdc_async_rst_inst/arststages_ff_reg[2]/C

Slack:                    inf
  Source:                 cdc_asyn_fifo_axis_i/smartconnect_0/inst/clk_map/psr_aclk/U0/ACTIVE_LOW_BSR_OUT_DFF[0].FDRE_BSR_N/C
                            (rising edge-triggered cell FDRE clocked by clk_pl_0  {rise@0.000ns fall@5.156ns period=10.312ns})
  Destination:            cdc_asyn_fifo_axis_i/smartconnect_0/inst/s00_nodes/s00_r_node/inst/s_sc_xpm_cdc_async_rst_inst/arststages_ff_reg[0]/CLR
                            (recovery check against rising-edge clock clk_pl_0  {rise@0.000ns fall@5.156ns period=10.312ns})
  Path Group:             (none)
  Path Type:              Recovery (Max at Slow Process Corner)
  Data Path Delay:        3.516ns  (logic 0.116ns (3.299%)  route 3.400ns (96.701%))
  Logic Levels:           0  
  Clock Path Skew:        -0.387ns (DCD - SCD + CPR)
    Destination Clock Delay (DCD):    2.989ns
    Source Clock Delay      (SCD):    3.376ns
    Clock Pessimism Removal (CPR):    0.000ns
  Clock Uncertainty:      0.159ns  ((TSJ^2 + DJ^2)^1/2) / 2 + PE
    Total System Jitter     (TSJ):    0.071ns
    Discrete Jitter          (DJ):    0.310ns
    Phase Error              (PE):    0.000ns
  Clock Net Delay (Source):      3.109ns (routing 1.579ns, distribution 1.530ns)
  Clock Net Delay (Destination): 2.773ns (routing 1.444ns, distribution 1.329ns)
  Timing Exception:       False Path

    Location             Delay type                Incr(ns)  Path(ns)    Netlist Resource(s)
  -------------------------------------------------------------------    -------------------
                         (clock clk_pl_0 rise edge)
                                                      0.000     0.000 r  
    PS8_X0Y0             PS8                          0.000     0.000 r  cdc_asyn_fifo_axis_i/zynq_ultra_ps_e_0/inst/PS8_i/PLCLK[0]
                         net (fo=1, routed)           0.229     0.229    cdc_asyn_fifo_axis_i/zynq_ultra_ps_e_0/inst/pl_clk_unbuffered[0]
    BUFG_PS_X0Y81        BUFG_PS (Prop_BUFG_PS_I_O)
                                                      0.038     0.267 r  cdc_asyn_fifo_axis_i/zynq_ultra_ps_e_0/inst/buffer_pl_clk_0.PL_CLK_0_BUFG/O
    X1Y1 (CLOCK_ROOT)    net (fo=15566, routed)       3.109     3.376    cdc_asyn_fifo_axis_i/smartconnect_0/inst/clk_map/psr_aclk/U0/aclk
    SLICE_X21Y138        FDRE                                         r  cdc_asyn_fifo_axis_i/smartconnect_0/inst/clk_map/psr_aclk/U0/ACTIVE_LOW_BSR_OUT_DFF[0].FDRE_BSR_N/C
  -------------------------------------------------------------------    -------------------
    SLICE_X21Y138        FDRE (Prop_DFF_SLICEM_C_Q)
                                                      0.116     3.492 r  cdc_asyn_fifo_axis_i/smartconnect_0/inst/clk_map/psr_aclk/U0/ACTIVE_LOW_BSR_OUT_DFF[0].FDRE_BSR_N/Q
                         net (fo=87, routed)          3.400     6.893    cdc_asyn_fifo_axis_i/smartconnect_0/inst/s00_nodes/s00_r_node/inst/s_sc_xpm_cdc_async_rst_inst/src_arst
    SLICE_X22Y73         FDCE                                         f  cdc_asyn_fifo_axis_i/smartconnect_0/inst/s00_nodes/s00_r_node/inst/s_sc_xpm_cdc_async_rst_inst/arststages_ff_reg[0]/CLR  (IS_INVERTED)
  -------------------------------------------------------------------    -------------------

                         (clock clk_pl_0 rise edge)
                                                      0.000     0.000 r  
    PS8_X0Y0             PS8                          0.000     0.000 r  cdc_asyn_fifo_axis_i/zynq_ultra_ps_e_0/inst/PS8_i/PLCLK[0]
                         net (fo=1, routed)           0.181     0.181    cdc_asyn_fifo_axis_i/zynq_ultra_ps_e_0/inst/pl_clk_unbuffered[0]
    BUFG_PS_X0Y81        BUFG_PS (Prop_BUFG_PS_I_O)
                                                      0.035     0.216 r  cdc_asyn_fifo_axis_i/zynq_ultra_ps_e_0/inst/buffer_pl_clk_0.PL_CLK_0_BUFG/O
    X1Y1 (CLOCK_ROOT)    net (fo=15566, routed)       2.773     2.989    cdc_asyn_fifo_axis_i/smartconnect_0/inst/s00_nodes/s00_r_node/inst/s_sc_xpm_cdc_async_rst_inst/dest_clk
    SLICE_X22Y73         FDCE                                         r  cdc_asyn_fifo_axis_i/smartconnect_0/inst/s00_nodes/s00_r_node/inst/s_sc_xpm_cdc_async_rst_inst/arststages_ff_reg[0]/C

Slack:                    inf
  Source:                 cdc_asyn_fifo_axis_i/smartconnect_0/inst/clk_map/psr_aclk/U0/ACTIVE_LOW_BSR_OUT_DFF[0].FDRE_BSR_N/C
                            (rising edge-triggered cell FDRE clocked by clk_pl_0  {rise@0.000ns fall@5.156ns period=10.312ns})
  Destination:            cdc_asyn_fifo_axis_i/smartconnect_0/inst/s00_nodes/s00_r_node/inst/s_sc_xpm_cdc_async_rst_inst/arststages_ff_reg[1]/CLR
                            (recovery check against rising-edge clock clk_pl_0  {rise@0.000ns fall@5.156ns period=10.312ns})
  Path Group:             (none)
  Path Type:              Recovery (Max at Slow Process Corner)
  Data Path Delay:        3.516ns  (logic 0.116ns (3.299%)  route 3.400ns (96.701%))
  Logic Levels:           0  
  Clock Path Skew:        -0.387ns (DCD - SCD + CPR)
    Destination Clock Delay (DCD):    2.989ns
    Source Clock Delay      (SCD):    3.376ns
    Clock Pessimism Removal (CPR):    0.000ns
  Clock Uncertainty:      0.159ns  ((TSJ^2 + DJ^2)^1/2) / 2 + PE
    Total System Jitter     (TSJ):    0.071ns
    Discrete Jitter          (DJ):    0.310ns
    Phase Error              (PE):    0.000ns
  Clock Net Delay (Source):      3.109ns (routing 1.579ns, distribution 1.530ns)
  Clock Net Delay (Destination): 2.773ns (routing 1.444ns, distribution 1.329ns)
  Timing Exception:       False Path

    Location             Delay type                Incr(ns)  Path(ns)    Netlist Resource(s)
  -------------------------------------------------------------------    -------------------
                         (clock clk_pl_0 rise edge)
                                                      0.000     0.000 r  
    PS8_X0Y0             PS8                          0.000     0.000 r  cdc_asyn_fifo_axis_i/zynq_ultra_ps_e_0/inst/PS8_i/PLCLK[0]
                         net (fo=1, routed)           0.229     0.229    cdc_asyn_fifo_axis_i/zynq_ultra_ps_e_0/inst/pl_clk_unbuffered[0]
    BUFG_PS_X0Y81        BUFG_PS (Prop_BUFG_PS_I_O)
                                                      0.038     0.267 r  cdc_asyn_fifo_axis_i/zynq_ultra_ps_e_0/inst/buffer_pl_clk_0.PL_CLK_0_BUFG/O
    X1Y1 (CLOCK_ROOT)    net (fo=15566, routed)       3.109     3.376    cdc_asyn_fifo_axis_i/smartconnect_0/inst/clk_map/psr_aclk/U0/aclk
    SLICE_X21Y138        FDRE                                         r  cdc_asyn_fifo_axis_i/smartconnect_0/inst/clk_map/psr_aclk/U0/ACTIVE_LOW_BSR_OUT_DFF[0].FDRE_BSR_N/C
  -------------------------------------------------------------------    -------------------
    SLICE_X21Y138        FDRE (Prop_DFF_SLICEM_C_Q)
                                                      0.116     3.492 r  cdc_asyn_fifo_axis_i/smartconnect_0/inst/clk_map/psr_aclk/U0/ACTIVE_LOW_BSR_OUT_DFF[0].FDRE_BSR_N/Q
                         net (fo=87, routed)          3.400     6.893    cdc_asyn_fifo_axis_i/smartconnect_0/inst/s00_nodes/s00_r_node/inst/s_sc_xpm_cdc_async_rst_inst/src_arst
    SLICE_X22Y73         FDCE                                         f  cdc_asyn_fifo_axis_i/smartconnect_0/inst/s00_nodes/s00_r_node/inst/s_sc_xpm_cdc_async_rst_inst/arststages_ff_reg[1]/CLR  (IS_INVERTED)
  -------------------------------------------------------------------    -------------------

                         (clock clk_pl_0 rise edge)
                                                      0.000     0.000 r  
    PS8_X0Y0             PS8                          0.000     0.000 r  cdc_asyn_fifo_axis_i/zynq_ultra_ps_e_0/inst/PS8_i/PLCLK[0]
                         net (fo=1, routed)           0.181     0.181    cdc_asyn_fifo_axis_i/zynq_ultra_ps_e_0/inst/pl_clk_unbuffered[0]
    BUFG_PS_X0Y81        BUFG_PS (Prop_BUFG_PS_I_O)
                                                      0.035     0.216 r  cdc_asyn_fifo_axis_i/zynq_ultra_ps_e_0/inst/buffer_pl_clk_0.PL_CLK_0_BUFG/O
    X1Y1 (CLOCK_ROOT)    net (fo=15566, routed)       2.773     2.989    cdc_asyn_fifo_axis_i/smartconnect_0/inst/s00_nodes/s00_r_node/inst/s_sc_xpm_cdc_async_rst_inst/dest_clk
    SLICE_X22Y73         FDCE                                         r  cdc_asyn_fifo_axis_i/smartconnect_0/inst/s00_nodes/s00_r_node/inst/s_sc_xpm_cdc_async_rst_inst/arststages_ff_reg[1]/C

Slack:                    inf
  Source:                 cdc_asyn_fifo_axis_i/smartconnect_0/inst/clk_map/psr_aclk/U0/ACTIVE_LOW_BSR_OUT_DFF[0].FDRE_BSR_N/C
                            (rising edge-triggered cell FDRE clocked by clk_pl_0  {rise@0.000ns fall@5.156ns period=10.312ns})
  Destination:            cdc_asyn_fifo_axis_i/smartconnect_0/inst/s00_nodes/s00_r_node/inst/s_sc_xpm_cdc_async_rst_inst/arststages_ff_reg[2]/CLR
                            (recovery check against rising-edge clock clk_pl_0  {rise@0.000ns fall@5.156ns period=10.312ns})
  Path Group:             (none)
  Path Type:              Recovery (Max at Slow Process Corner)
  Data Path Delay:        3.516ns  (logic 0.116ns (3.299%)  route 3.400ns (96.701%))
  Logic Levels:           0  
  Clock Path Skew:        -0.387ns (DCD - SCD + CPR)
    Destination Clock Delay (DCD):    2.989ns
    Source Clock Delay      (SCD):    3.376ns
    Clock Pessimism Removal (CPR):    0.000ns
  Clock Uncertainty:      0.159ns  ((TSJ^2 + DJ^2)^1/2) / 2 + PE
    Total System Jitter     (TSJ):    0.071ns
    Discrete Jitter          (DJ):    0.310ns
    Phase Error              (PE):    0.000ns
  Clock Net Delay (Source):      3.109ns (routing 1.579ns, distribution 1.530ns)
  Clock Net Delay (Destination): 2.773ns (routing 1.444ns, distribution 1.329ns)
  Timing Exception:       False Path

    Location             Delay type                Incr(ns)  Path(ns)    Netlist Resource(s)
  -------------------------------------------------------------------    -------------------
                         (clock clk_pl_0 rise edge)
                                                      0.000     0.000 r  
    PS8_X0Y0             PS8                          0.000     0.000 r  cdc_asyn_fifo_axis_i/zynq_ultra_ps_e_0/inst/PS8_i/PLCLK[0]
                         net (fo=1, routed)           0.229     0.229    cdc_asyn_fifo_axis_i/zynq_ultra_ps_e_0/inst/pl_clk_unbuffered[0]
    BUFG_PS_X0Y81        BUFG_PS (Prop_BUFG_PS_I_O)
                                                      0.038     0.267 r  cdc_asyn_fifo_axis_i/zynq_ultra_ps_e_0/inst/buffer_pl_clk_0.PL_CLK_0_BUFG/O
    X1Y1 (CLOCK_ROOT)    net (fo=15566, routed)       3.109     3.376    cdc_asyn_fifo_axis_i/smartconnect_0/inst/clk_map/psr_aclk/U0/aclk
    SLICE_X21Y138        FDRE                                         r  cdc_asyn_fifo_axis_i/smartconnect_0/inst/clk_map/psr_aclk/U0/ACTIVE_LOW_BSR_OUT_DFF[0].FDRE_BSR_N/C
  -------------------------------------------------------------------    -------------------
    SLICE_X21Y138        FDRE (Prop_DFF_SLICEM_C_Q)
                                                      0.116     3.492 r  cdc_asyn_fifo_axis_i/smartconnect_0/inst/clk_map/psr_aclk/U0/ACTIVE_LOW_BSR_OUT_DFF[0].FDRE_BSR_N/Q
                         net (fo=87, routed)          3.400     6.893    cdc_asyn_fifo_axis_i/smartconnect_0/inst/s00_nodes/s00_r_node/inst/s_sc_xpm_cdc_async_rst_inst/src_arst
    SLICE_X22Y73         FDCE                                         f  cdc_asyn_fifo_axis_i/smartconnect_0/inst/s00_nodes/s00_r_node/inst/s_sc_xpm_cdc_async_rst_inst/arststages_ff_reg[2]/CLR  (IS_INVERTED)
  -------------------------------------------------------------------    -------------------

                         (clock clk_pl_0 rise edge)
                                                      0.000     0.000 r  
    PS8_X0Y0             PS8                          0.000     0.000 r  cdc_asyn_fifo_axis_i/zynq_ultra_ps_e_0/inst/PS8_i/PLCLK[0]
                         net (fo=1, routed)           0.181     0.181    cdc_asyn_fifo_axis_i/zynq_ultra_ps_e_0/inst/pl_clk_unbuffered[0]
    BUFG_PS_X0Y81        BUFG_PS (Prop_BUFG_PS_I_O)
                                                      0.035     0.216 r  cdc_asyn_fifo_axis_i/zynq_ultra_ps_e_0/inst/buffer_pl_clk_0.PL_CLK_0_BUFG/O
    X1Y1 (CLOCK_ROOT)    net (fo=15566, routed)       2.773     2.989    cdc_asyn_fifo_axis_i/smartconnect_0/inst/s00_nodes/s00_r_node/inst/s_sc_xpm_cdc_async_rst_inst/dest_clk
    SLICE_X22Y73         FDCE                                         r  cdc_asyn_fifo_axis_i/smartconnect_0/inst/s00_nodes/s00_r_node/inst/s_sc_xpm_cdc_async_rst_inst/arststages_ff_reg[2]/C

Slack:                    inf
  Source:                 cdc_asyn_fifo_axis_i/smartconnect_0/inst/clk_map/psr_aclk/U0/ACTIVE_LOW_BSR_OUT_DFF[0].FDRE_BSR_N/C
                            (rising edge-triggered cell FDRE clocked by clk_pl_0  {rise@0.000ns fall@5.156ns period=10.312ns})
  Destination:            cdc_asyn_fifo_axis_i/smartconnect_0/inst/m01_nodes/m01_r_node/inst/s_sc_xpm_cdc_async_rst_inst/arststages_ff_reg[0]/CLR
                            (recovery check against rising-edge clock clk_pl_0  {rise@0.000ns fall@5.156ns period=10.312ns})
  Path Group:             (none)
  Path Type:              Recovery (Max at Slow Process Corner)
  Data Path Delay:        3.128ns  (logic 0.116ns (3.708%)  route 3.012ns (96.292%))
  Logic Levels:           0  
  Clock Path Skew:        -0.405ns (DCD - SCD + CPR)
    Destination Clock Delay (DCD):    2.971ns
    Source Clock Delay      (SCD):    3.376ns
    Clock Pessimism Removal (CPR):    0.000ns
  Clock Uncertainty:      0.159ns  ((TSJ^2 + DJ^2)^1/2) / 2 + PE
    Total System Jitter     (TSJ):    0.071ns
    Discrete Jitter          (DJ):    0.310ns
    Phase Error              (PE):    0.000ns
  Clock Net Delay (Source):      3.109ns (routing 1.579ns, distribution 1.530ns)
  Clock Net Delay (Destination): 2.755ns (routing 1.444ns, distribution 1.311ns)
  Timing Exception:       False Path

    Location             Delay type                Incr(ns)  Path(ns)    Netlist Resource(s)
  -------------------------------------------------------------------    -------------------
                         (clock clk_pl_0 rise edge)
                                                      0.000     0.000 r  
    PS8_X0Y0             PS8                          0.000     0.000 r  cdc_asyn_fifo_axis_i/zynq_ultra_ps_e_0/inst/PS8_i/PLCLK[0]
                         net (fo=1, routed)           0.229     0.229    cdc_asyn_fifo_axis_i/zynq_ultra_ps_e_0/inst/pl_clk_unbuffered[0]
    BUFG_PS_X0Y81        BUFG_PS (Prop_BUFG_PS_I_O)
                                                      0.038     0.267 r  cdc_asyn_fifo_axis_i/zynq_ultra_ps_e_0/inst/buffer_pl_clk_0.PL_CLK_0_BUFG/O
    X1Y1 (CLOCK_ROOT)    net (fo=15566, routed)       3.109     3.376    cdc_asyn_fifo_axis_i/smartconnect_0/inst/clk_map/psr_aclk/U0/aclk
    SLICE_X21Y138        FDRE                                         r  cdc_asyn_fifo_axis_i/smartconnect_0/inst/clk_map/psr_aclk/U0/ACTIVE_LOW_BSR_OUT_DFF[0].FDRE_BSR_N/C
  -------------------------------------------------------------------    -------------------
    SLICE_X21Y138        FDRE (Prop_DFF_SLICEM_C_Q)
                                                      0.116     3.492 r  cdc_asyn_fifo_axis_i/smartconnect_0/inst/clk_map/psr_aclk/U0/ACTIVE_LOW_BSR_OUT_DFF[0].FDRE_BSR_N/Q
                         net (fo=87, routed)          3.012     6.504    cdc_asyn_fifo_axis_i/smartconnect_0/inst/m01_nodes/m01_r_node/inst/s_sc_xpm_cdc_async_rst_inst/src_arst
    SLICE_X22Y93         FDCE                                         f  cdc_asyn_fifo_axis_i/smartconnect_0/inst/m01_nodes/m01_r_node/inst/s_sc_xpm_cdc_async_rst_inst/arststages_ff_reg[0]/CLR  (IS_INVERTED)
  -------------------------------------------------------------------    -------------------

                         (clock clk_pl_0 rise edge)
                                                      0.000     0.000 r  
    PS8_X0Y0             PS8                          0.000     0.000 r  cdc_asyn_fifo_axis_i/zynq_ultra_ps_e_0/inst/PS8_i/PLCLK[0]
                         net (fo=1, routed)           0.181     0.181    cdc_asyn_fifo_axis_i/zynq_ultra_ps_e_0/inst/pl_clk_unbuffered[0]
    BUFG_PS_X0Y81        BUFG_PS (Prop_BUFG_PS_I_O)
                                                      0.035     0.216 r  cdc_asyn_fifo_axis_i/zynq_ultra_ps_e_0/inst/buffer_pl_clk_0.PL_CLK_0_BUFG/O
    X1Y1 (CLOCK_ROOT)    net (fo=15566, routed)       2.755     2.971    cdc_asyn_fifo_axis_i/smartconnect_0/inst/m01_nodes/m01_r_node/inst/s_sc_xpm_cdc_async_rst_inst/dest_clk
    SLICE_X22Y93         FDCE                                         r  cdc_asyn_fifo_axis_i/smartconnect_0/inst/m01_nodes/m01_r_node/inst/s_sc_xpm_cdc_async_rst_inst/arststages_ff_reg[0]/C

Slack:                    inf
  Source:                 cdc_asyn_fifo_axis_i/smartconnect_0/inst/clk_map/psr_aclk/U0/ACTIVE_LOW_BSR_OUT_DFF[0].FDRE_BSR_N/C
                            (rising edge-triggered cell FDRE clocked by clk_pl_0  {rise@0.000ns fall@5.156ns period=10.312ns})
  Destination:            cdc_asyn_fifo_axis_i/smartconnect_0/inst/m01_nodes/m01_r_node/inst/s_sc_xpm_cdc_async_rst_inst/arststages_ff_reg[1]/CLR
                            (recovery check against rising-edge clock clk_pl_0  {rise@0.000ns fall@5.156ns period=10.312ns})
  Path Group:             (none)
  Path Type:              Recovery (Max at Slow Process Corner)
  Data Path Delay:        3.128ns  (logic 0.116ns (3.708%)  route 3.012ns (96.292%))
  Logic Levels:           0  
  Clock Path Skew:        -0.405ns (DCD - SCD + CPR)
    Destination Clock Delay (DCD):    2.971ns
    Source Clock Delay      (SCD):    3.376ns
    Clock Pessimism Removal (CPR):    0.000ns
  Clock Uncertainty:      0.159ns  ((TSJ^2 + DJ^2)^1/2) / 2 + PE
    Total System Jitter     (TSJ):    0.071ns
    Discrete Jitter          (DJ):    0.310ns
    Phase Error              (PE):    0.000ns
  Clock Net Delay (Source):      3.109ns (routing 1.579ns, distribution 1.530ns)
  Clock Net Delay (Destination): 2.755ns (routing 1.444ns, distribution 1.311ns)
  Timing Exception:       False Path

    Location             Delay type                Incr(ns)  Path(ns)    Netlist Resource(s)
  -------------------------------------------------------------------    -------------------
                         (clock clk_pl_0 rise edge)
                                                      0.000     0.000 r  
    PS8_X0Y0             PS8                          0.000     0.000 r  cdc_asyn_fifo_axis_i/zynq_ultra_ps_e_0/inst/PS8_i/PLCLK[0]
                         net (fo=1, routed)           0.229     0.229    cdc_asyn_fifo_axis_i/zynq_ultra_ps_e_0/inst/pl_clk_unbuffered[0]
    BUFG_PS_X0Y81        BUFG_PS (Prop_BUFG_PS_I_O)
                                                      0.038     0.267 r  cdc_asyn_fifo_axis_i/zynq_ultra_ps_e_0/inst/buffer_pl_clk_0.PL_CLK_0_BUFG/O
    X1Y1 (CLOCK_ROOT)    net (fo=15566, routed)       3.109     3.376    cdc_asyn_fifo_axis_i/smartconnect_0/inst/clk_map/psr_aclk/U0/aclk
    SLICE_X21Y138        FDRE                                         r  cdc_asyn_fifo_axis_i/smartconnect_0/inst/clk_map/psr_aclk/U0/ACTIVE_LOW_BSR_OUT_DFF[0].FDRE_BSR_N/C
  -------------------------------------------------------------------    -------------------
    SLICE_X21Y138        FDRE (Prop_DFF_SLICEM_C_Q)
                                                      0.116     3.492 r  cdc_asyn_fifo_axis_i/smartconnect_0/inst/clk_map/psr_aclk/U0/ACTIVE_LOW_BSR_OUT_DFF[0].FDRE_BSR_N/Q
                         net (fo=87, routed)          3.012     6.504    cdc_asyn_fifo_axis_i/smartconnect_0/inst/m01_nodes/m01_r_node/inst/s_sc_xpm_cdc_async_rst_inst/src_arst
    SLICE_X22Y93         FDCE                                         f  cdc_asyn_fifo_axis_i/smartconnect_0/inst/m01_nodes/m01_r_node/inst/s_sc_xpm_cdc_async_rst_inst/arststages_ff_reg[1]/CLR  (IS_INVERTED)
  -------------------------------------------------------------------    -------------------

                         (clock clk_pl_0 rise edge)
                                                      0.000     0.000 r  
    PS8_X0Y0             PS8                          0.000     0.000 r  cdc_asyn_fifo_axis_i/zynq_ultra_ps_e_0/inst/PS8_i/PLCLK[0]
                         net (fo=1, routed)           0.181     0.181    cdc_asyn_fifo_axis_i/zynq_ultra_ps_e_0/inst/pl_clk_unbuffered[0]
    BUFG_PS_X0Y81        BUFG_PS (Prop_BUFG_PS_I_O)
                                                      0.035     0.216 r  cdc_asyn_fifo_axis_i/zynq_ultra_ps_e_0/inst/buffer_pl_clk_0.PL_CLK_0_BUFG/O
    X1Y1 (CLOCK_ROOT)    net (fo=15566, routed)       2.755     2.971    cdc_asyn_fifo_axis_i/smartconnect_0/inst/m01_nodes/m01_r_node/inst/s_sc_xpm_cdc_async_rst_inst/dest_clk
    SLICE_X22Y93         FDCE                                         r  cdc_asyn_fifo_axis_i/smartconnect_0/inst/m01_nodes/m01_r_node/inst/s_sc_xpm_cdc_async_rst_inst/arststages_ff_reg[1]/C

Slack:                    inf
  Source:                 cdc_asyn_fifo_axis_i/smartconnect_0/inst/clk_map/psr_aclk/U0/ACTIVE_LOW_BSR_OUT_DFF[0].FDRE_BSR_N/C
                            (rising edge-triggered cell FDRE clocked by clk_pl_0  {rise@0.000ns fall@5.156ns period=10.312ns})
  Destination:            cdc_asyn_fifo_axis_i/smartconnect_0/inst/m01_nodes/m01_r_node/inst/s_sc_xpm_cdc_async_rst_inst/arststages_ff_reg[2]/CLR
                            (recovery check against rising-edge clock clk_pl_0  {rise@0.000ns fall@5.156ns period=10.312ns})
  Path Group:             (none)
  Path Type:              Recovery (Max at Slow Process Corner)
  Data Path Delay:        3.128ns  (logic 0.116ns (3.708%)  route 3.012ns (96.292%))
  Logic Levels:           0  
  Clock Path Skew:        -0.405ns (DCD - SCD + CPR)
    Destination Clock Delay (DCD):    2.971ns
    Source Clock Delay      (SCD):    3.376ns
    Clock Pessimism Removal (CPR):    0.000ns
  Clock Uncertainty:      0.159ns  ((TSJ^2 + DJ^2)^1/2) / 2 + PE
    Total System Jitter     (TSJ):    0.071ns
    Discrete Jitter          (DJ):    0.310ns
    Phase Error              (PE):    0.000ns
  Clock Net Delay (Source):      3.109ns (routing 1.579ns, distribution 1.530ns)
  Clock Net Delay (Destination): 2.755ns (routing 1.444ns, distribution 1.311ns)
  Timing Exception:       False Path

    Location             Delay type                Incr(ns)  Path(ns)    Netlist Resource(s)
  -------------------------------------------------------------------    -------------------
                         (clock clk_pl_0 rise edge)
                                                      0.000     0.000 r  
    PS8_X0Y0             PS8                          0.000     0.000 r  cdc_asyn_fifo_axis_i/zynq_ultra_ps_e_0/inst/PS8_i/PLCLK[0]
                         net (fo=1, routed)           0.229     0.229    cdc_asyn_fifo_axis_i/zynq_ultra_ps_e_0/inst/pl_clk_unbuffered[0]
    BUFG_PS_X0Y81        BUFG_PS (Prop_BUFG_PS_I_O)
                                                      0.038     0.267 r  cdc_asyn_fifo_axis_i/zynq_ultra_ps_e_0/inst/buffer_pl_clk_0.PL_CLK_0_BUFG/O
    X1Y1 (CLOCK_ROOT)    net (fo=15566, routed)       3.109     3.376    cdc_asyn_fifo_axis_i/smartconnect_0/inst/clk_map/psr_aclk/U0/aclk
    SLICE_X21Y138        FDRE                                         r  cdc_asyn_fifo_axis_i/smartconnect_0/inst/clk_map/psr_aclk/U0/ACTIVE_LOW_BSR_OUT_DFF[0].FDRE_BSR_N/C
  -------------------------------------------------------------------    -------------------
    SLICE_X21Y138        FDRE (Prop_DFF_SLICEM_C_Q)
                                                      0.116     3.492 r  cdc_asyn_fifo_axis_i/smartconnect_0/inst/clk_map/psr_aclk/U0/ACTIVE_LOW_BSR_OUT_DFF[0].FDRE_BSR_N/Q
                         net (fo=87, routed)          3.012     6.504    cdc_asyn_fifo_axis_i/smartconnect_0/inst/m01_nodes/m01_r_node/inst/s_sc_xpm_cdc_async_rst_inst/src_arst
    SLICE_X22Y93         FDCE                                         f  cdc_asyn_fifo_axis_i/smartconnect_0/inst/m01_nodes/m01_r_node/inst/s_sc_xpm_cdc_async_rst_inst/arststages_ff_reg[2]/CLR  (IS_INVERTED)
  -------------------------------------------------------------------    -------------------

                         (clock clk_pl_0 rise edge)
                                                      0.000     0.000 r  
    PS8_X0Y0             PS8                          0.000     0.000 r  cdc_asyn_fifo_axis_i/zynq_ultra_ps_e_0/inst/PS8_i/PLCLK[0]
                         net (fo=1, routed)           0.181     0.181    cdc_asyn_fifo_axis_i/zynq_ultra_ps_e_0/inst/pl_clk_unbuffered[0]
    BUFG_PS_X0Y81        BUFG_PS (Prop_BUFG_PS_I_O)
                                                      0.035     0.216 r  cdc_asyn_fifo_axis_i/zynq_ultra_ps_e_0/inst/buffer_pl_clk_0.PL_CLK_0_BUFG/O
    X1Y1 (CLOCK_ROOT)    net (fo=15566, routed)       2.755     2.971    cdc_asyn_fifo_axis_i/smartconnect_0/inst/m01_nodes/m01_r_node/inst/s_sc_xpm_cdc_async_rst_inst/dest_clk
    SLICE_X22Y93         FDCE                                         r  cdc_asyn_fifo_axis_i/smartconnect_0/inst/m01_nodes/m01_r_node/inst/s_sc_xpm_cdc_async_rst_inst/arststages_ff_reg[2]/C

Slack:                    inf
  Source:                 cdc_asyn_fifo_axis_i/proc_sys_reset_0/U0/ACTIVE_LOW_PR_OUT_DFF[0].FDRE_PER_N/C
                            (rising edge-triggered cell FDRE clocked by clk_pl_0  {rise@0.000ns fall@5.156ns period=10.312ns})
  Destination:            cdc_asyn_fifo_axis_i/axi_dma_0/U0/I_RST_MODULE/REG_HRD_RST/GENERATE_LEVEL_P_S_CDC.SINGLE_BIT.CROSS_PLEVEL_IN2SCNDRY_IN_cdc_to/D
                            (rising edge-triggered cell FDRE clocked by clk_pl_0  {rise@0.000ns fall@5.156ns period=10.312ns})
  Path Group:             (none)
  Path Type:              Setup (Max at Slow Process Corner)
  Data Path Delay:        3.063ns  (logic 0.116ns (3.787%)  route 2.947ns (96.213%))
  Logic Levels:           0  
  Clock Path Skew:        -0.378ns (DCD - SCD + CPR)
    Destination Clock Delay (DCD):    2.831ns
    Source Clock Delay      (SCD):    3.209ns
    Clock Pessimism Removal (CPR):    0.000ns
  Clock Uncertainty:      0.159ns  ((TSJ^2 + DJ^2)^1/2) / 2 + PE
    Total System Jitter     (TSJ):    0.071ns
    Discrete Jitter          (DJ):    0.310ns
    Phase Error              (PE):    0.000ns
  Clock Net Delay (Source):      2.942ns (routing 1.579ns, distribution 1.363ns)
  Clock Net Delay (Destination): 2.615ns (routing 1.444ns, distribution 1.171ns)
  Timing Exception:       False Path

    Location             Delay type                Incr(ns)  Path(ns)    Netlist Resource(s)
  -------------------------------------------------------------------    -------------------
                         (clock clk_pl_0 rise edge)
                                                      0.000     0.000 r  
    PS8_X0Y0             PS8                          0.000     0.000 r  cdc_asyn_fifo_axis_i/zynq_ultra_ps_e_0/inst/PS8_i/PLCLK[0]
                         net (fo=1, routed)           0.229     0.229    cdc_asyn_fifo_axis_i/zynq_ultra_ps_e_0/inst/pl_clk_unbuffered[0]
    BUFG_PS_X0Y81        BUFG_PS (Prop_BUFG_PS_I_O)
                                                      0.038     0.267 r  cdc_asyn_fifo_axis_i/zynq_ultra_ps_e_0/inst/buffer_pl_clk_0.PL_CLK_0_BUFG/O
    X1Y1 (CLOCK_ROOT)    net (fo=15566, routed)       2.942     3.209    cdc_asyn_fifo_axis_i/proc_sys_reset_0/U0/slowest_sync_clk
    SLICE_X35Y128        FDRE                                         r  cdc_asyn_fifo_axis_i/proc_sys_reset_0/U0/ACTIVE_LOW_PR_OUT_DFF[0].FDRE_PER_N/C
  -------------------------------------------------------------------    -------------------
    SLICE_X35Y128        FDRE (Prop_DFF_SLICEM_C_Q)
                                                      0.116     3.325 r  cdc_asyn_fifo_axis_i/proc_sys_reset_0/U0/ACTIVE_LOW_PR_OUT_DFF[0].FDRE_PER_N/Q
                         net (fo=94, routed)          2.947     6.272    cdc_asyn_fifo_axis_i/axi_dma_0/U0/I_RST_MODULE/REG_HRD_RST/axi_resetn
    SLICE_X30Y119        FDRE                                         r  cdc_asyn_fifo_axis_i/axi_dma_0/U0/I_RST_MODULE/REG_HRD_RST/GENERATE_LEVEL_P_S_CDC.SINGLE_BIT.CROSS_PLEVEL_IN2SCNDRY_IN_cdc_to/D
  -------------------------------------------------------------------    -------------------

                         (clock clk_pl_0 rise edge)
                                                      0.000     0.000 r  
    PS8_X0Y0             PS8                          0.000     0.000 r  cdc_asyn_fifo_axis_i/zynq_ultra_ps_e_0/inst/PS8_i/PLCLK[0]
                         net (fo=1, routed)           0.181     0.181    cdc_asyn_fifo_axis_i/zynq_ultra_ps_e_0/inst/pl_clk_unbuffered[0]
    BUFG_PS_X0Y81        BUFG_PS (Prop_BUFG_PS_I_O)
                                                      0.035     0.216 r  cdc_asyn_fifo_axis_i/zynq_ultra_ps_e_0/inst/buffer_pl_clk_0.PL_CLK_0_BUFG/O
    X1Y1 (CLOCK_ROOT)    net (fo=15566, routed)       2.615     2.831    cdc_asyn_fifo_axis_i/axi_dma_0/U0/I_RST_MODULE/REG_HRD_RST/s_axi_lite_aclk
    SLICE_X30Y119        FDRE                                         r  cdc_asyn_fifo_axis_i/axi_dma_0/U0/I_RST_MODULE/REG_HRD_RST/GENERATE_LEVEL_P_S_CDC.SINGLE_BIT.CROSS_PLEVEL_IN2SCNDRY_IN_cdc_to/C





Min Delay Paths
--------------------------------------------------------------------------------------
Slack:                    inf
  Source:                 cdc_asyn_fifo_axis_i/smartconnect_0/inst/clk_map/psr_aclk/U0/ACTIVE_LOW_BSR_OUT_DFF[0].FDRE_BSR_N/C
                            (rising edge-triggered cell FDRE clocked by clk_pl_0  {rise@0.000ns fall@5.156ns period=10.312ns})
  Destination:            cdc_asyn_fifo_axis_i/smartconnect_0/inst/m01_exit_pipeline/m01_exit/inst/xpm_cdc_async_rst_inst/arststages_ff_reg[0]/CLR
                            (removal check against rising-edge clock clk_pl_0  {rise@0.000ns fall@5.156ns period=10.312ns})
  Path Group:             (none)
  Path Type:              Removal (Min at Fast Process Corner)
  Data Path Delay:        0.223ns  (logic 0.083ns (37.183%)  route 0.140ns (62.817%))
  Logic Levels:           0  
  Clock Path Skew:        0.197ns (DCD - SCD - CPR)
    Destination Clock Delay (DCD):    2.061ns
    Source Clock Delay      (SCD):    1.865ns
    Clock Pessimism Removal (CPR):    -0.000ns
  Clock Uncertainty:      0.159ns  ((TSJ^2 + DJ^2)^1/2) / 2 + PE
    Total System Jitter     (TSJ):    0.071ns
    Discrete Jitter          (DJ):    0.310ns
    Phase Error              (PE):    0.000ns
  Clock Net Delay (Source):      1.714ns (routing 0.885ns, distribution 0.829ns)
  Clock Net Delay (Destination): 1.874ns (routing 0.966ns, distribution 0.908ns)
  Timing Exception:       False Path

    Location             Delay type                Incr(ns)  Path(ns)    Netlist Resource(s)
  -------------------------------------------------------------------    -------------------
                         (clock clk_pl_0 rise edge)
                                                      0.000     0.000 r  
    PS8_X0Y0             PS8                          0.000     0.000 r  cdc_asyn_fifo_axis_i/zynq_ultra_ps_e_0/inst/PS8_i/PLCLK[0]
                         net (fo=1, routed)           0.129     0.129    cdc_asyn_fifo_axis_i/zynq_ultra_ps_e_0/inst/pl_clk_unbuffered[0]
    BUFG_PS_X0Y81        BUFG_PS (Prop_BUFG_PS_I_O)
                                                      0.022     0.151 r  cdc_asyn_fifo_axis_i/zynq_ultra_ps_e_0/inst/buffer_pl_clk_0.PL_CLK_0_BUFG/O
    X1Y1 (CLOCK_ROOT)    net (fo=15566, routed)       1.714     1.865    cdc_asyn_fifo_axis_i/smartconnect_0/inst/clk_map/psr_aclk/U0/aclk
    SLICE_X21Y138        FDRE                                         r  cdc_asyn_fifo_axis_i/smartconnect_0/inst/clk_map/psr_aclk/U0/ACTIVE_LOW_BSR_OUT_DFF[0].FDRE_BSR_N/C
  -------------------------------------------------------------------    -------------------
    SLICE_X21Y138        FDRE (Prop_DFF_SLICEM_C_Q)
                                                      0.083     1.948 r  cdc_asyn_fifo_axis_i/smartconnect_0/inst/clk_map/psr_aclk/U0/ACTIVE_LOW_BSR_OUT_DFF[0].FDRE_BSR_N/Q
                         net (fo=87, routed)          0.140     2.088    cdc_asyn_fifo_axis_i/smartconnect_0/inst/m01_exit_pipeline/m01_exit/inst/xpm_cdc_async_rst_inst/src_arst
    SLICE_X19Y137        FDCE                                         f  cdc_asyn_fifo_axis_i/smartconnect_0/inst/m01_exit_pipeline/m01_exit/inst/xpm_cdc_async_rst_inst/arststages_ff_reg[0]/CLR  (IS_INVERTED)
  -------------------------------------------------------------------    -------------------

                         (clock clk_pl_0 rise edge)
                                                      0.000     0.000 r  
    PS8_X0Y0             PS8                          0.000     0.000 r  cdc_asyn_fifo_axis_i/zynq_ultra_ps_e_0/inst/PS8_i/PLCLK[0]
                         net (fo=1, routed)           0.164     0.164    cdc_asyn_fifo_axis_i/zynq_ultra_ps_e_0/inst/pl_clk_unbuffered[0]
    BUFG_PS_X0Y81        BUFG_PS (Prop_BUFG_PS_I_O)
                                                      0.023     0.187 r  cdc_asyn_fifo_axis_i/zynq_ultra_ps_e_0/inst/buffer_pl_clk_0.PL_CLK_0_BUFG/O
    X1Y1 (CLOCK_ROOT)    net (fo=15566, routed)       1.874     2.061    cdc_asyn_fifo_axis_i/smartconnect_0/inst/m01_exit_pipeline/m01_exit/inst/xpm_cdc_async_rst_inst/dest_clk
    SLICE_X19Y137        FDCE                                         r  cdc_asyn_fifo_axis_i/smartconnect_0/inst/m01_exit_pipeline/m01_exit/inst/xpm_cdc_async_rst_inst/arststages_ff_reg[0]/C

Slack:                    inf
  Source:                 cdc_asyn_fifo_axis_i/smartconnect_0/inst/clk_map/psr_aclk/U0/ACTIVE_LOW_BSR_OUT_DFF[0].FDRE_BSR_N/C
                            (rising edge-triggered cell FDRE clocked by clk_pl_0  {rise@0.000ns fall@5.156ns period=10.312ns})
  Destination:            cdc_asyn_fifo_axis_i/smartconnect_0/inst/m01_exit_pipeline/m01_exit/inst/xpm_cdc_async_rst_inst/arststages_ff_reg[1]/CLR
                            (removal check against rising-edge clock clk_pl_0  {rise@0.000ns fall@5.156ns period=10.312ns})
  Path Group:             (none)
  Path Type:              Removal (Min at Fast Process Corner)
  Data Path Delay:        0.223ns  (logic 0.083ns (37.183%)  route 0.140ns (62.817%))
  Logic Levels:           0  
  Clock Path Skew:        0.197ns (DCD - SCD - CPR)
    Destination Clock Delay (DCD):    2.061ns
    Source Clock Delay      (SCD):    1.865ns
    Clock Pessimism Removal (CPR):    -0.000ns
  Clock Uncertainty:      0.159ns  ((TSJ^2 + DJ^2)^1/2) / 2 + PE
    Total System Jitter     (TSJ):    0.071ns
    Discrete Jitter          (DJ):    0.310ns
    Phase Error              (PE):    0.000ns
  Clock Net Delay (Source):      1.714ns (routing 0.885ns, distribution 0.829ns)
  Clock Net Delay (Destination): 1.874ns (routing 0.966ns, distribution 0.908ns)
  Timing Exception:       False Path

    Location             Delay type                Incr(ns)  Path(ns)    Netlist Resource(s)
  -------------------------------------------------------------------    -------------------
                         (clock clk_pl_0 rise edge)
                                                      0.000     0.000 r  
    PS8_X0Y0             PS8                          0.000     0.000 r  cdc_asyn_fifo_axis_i/zynq_ultra_ps_e_0/inst/PS8_i/PLCLK[0]
                         net (fo=1, routed)           0.129     0.129    cdc_asyn_fifo_axis_i/zynq_ultra_ps_e_0/inst/pl_clk_unbuffered[0]
    BUFG_PS_X0Y81        BUFG_PS (Prop_BUFG_PS_I_O)
                                                      0.022     0.151 r  cdc_asyn_fifo_axis_i/zynq_ultra_ps_e_0/inst/buffer_pl_clk_0.PL_CLK_0_BUFG/O
    X1Y1 (CLOCK_ROOT)    net (fo=15566, routed)       1.714     1.865    cdc_asyn_fifo_axis_i/smartconnect_0/inst/clk_map/psr_aclk/U0/aclk
    SLICE_X21Y138        FDRE                                         r  cdc_asyn_fifo_axis_i/smartconnect_0/inst/clk_map/psr_aclk/U0/ACTIVE_LOW_BSR_OUT_DFF[0].FDRE_BSR_N/C
  -------------------------------------------------------------------    -------------------
    SLICE_X21Y138        FDRE (Prop_DFF_SLICEM_C_Q)
                                                      0.083     1.948 r  cdc_asyn_fifo_axis_i/smartconnect_0/inst/clk_map/psr_aclk/U0/ACTIVE_LOW_BSR_OUT_DFF[0].FDRE_BSR_N/Q
                         net (fo=87, routed)          0.140     2.088    cdc_asyn_fifo_axis_i/smartconnect_0/inst/m01_exit_pipeline/m01_exit/inst/xpm_cdc_async_rst_inst/src_arst
    SLICE_X19Y137        FDCE                                         f  cdc_asyn_fifo_axis_i/smartconnect_0/inst/m01_exit_pipeline/m01_exit/inst/xpm_cdc_async_rst_inst/arststages_ff_reg[1]/CLR  (IS_INVERTED)
  -------------------------------------------------------------------    -------------------

                         (clock clk_pl_0 rise edge)
                                                      0.000     0.000 r  
    PS8_X0Y0             PS8                          0.000     0.000 r  cdc_asyn_fifo_axis_i/zynq_ultra_ps_e_0/inst/PS8_i/PLCLK[0]
                         net (fo=1, routed)           0.164     0.164    cdc_asyn_fifo_axis_i/zynq_ultra_ps_e_0/inst/pl_clk_unbuffered[0]
    BUFG_PS_X0Y81        BUFG_PS (Prop_BUFG_PS_I_O)
                                                      0.023     0.187 r  cdc_asyn_fifo_axis_i/zynq_ultra_ps_e_0/inst/buffer_pl_clk_0.PL_CLK_0_BUFG/O
    X1Y1 (CLOCK_ROOT)    net (fo=15566, routed)       1.874     2.061    cdc_asyn_fifo_axis_i/smartconnect_0/inst/m01_exit_pipeline/m01_exit/inst/xpm_cdc_async_rst_inst/dest_clk
    SLICE_X19Y137        FDCE                                         r  cdc_asyn_fifo_axis_i/smartconnect_0/inst/m01_exit_pipeline/m01_exit/inst/xpm_cdc_async_rst_inst/arststages_ff_reg[1]/C

Slack:                    inf
  Source:                 cdc_asyn_fifo_axis_i/smartconnect_0/inst/clk_map/psr_aclk/U0/ACTIVE_LOW_BSR_OUT_DFF[0].FDRE_BSR_N/C
                            (rising edge-triggered cell FDRE clocked by clk_pl_0  {rise@0.000ns fall@5.156ns period=10.312ns})
  Destination:            cdc_asyn_fifo_axis_i/smartconnect_0/inst/m01_exit_pipeline/m01_exit/inst/xpm_cdc_async_rst_inst/arststages_ff_reg[2]/CLR
                            (removal check against rising-edge clock clk_pl_0  {rise@0.000ns fall@5.156ns period=10.312ns})
  Path Group:             (none)
  Path Type:              Removal (Min at Fast Process Corner)
  Data Path Delay:        0.223ns  (logic 0.083ns (37.183%)  route 0.140ns (62.817%))
  Logic Levels:           0  
  Clock Path Skew:        0.197ns (DCD - SCD - CPR)
    Destination Clock Delay (DCD):    2.061ns
    Source Clock Delay      (SCD):    1.865ns
    Clock Pessimism Removal (CPR):    -0.000ns
  Clock Uncertainty:      0.159ns  ((TSJ^2 + DJ^2)^1/2) / 2 + PE
    Total System Jitter     (TSJ):    0.071ns
    Discrete Jitter          (DJ):    0.310ns
    Phase Error              (PE):    0.000ns
  Clock Net Delay (Source):      1.714ns (routing 0.885ns, distribution 0.829ns)
  Clock Net Delay (Destination): 1.874ns (routing 0.966ns, distribution 0.908ns)
  Timing Exception:       False Path

    Location             Delay type                Incr(ns)  Path(ns)    Netlist Resource(s)
  -------------------------------------------------------------------    -------------------
                         (clock clk_pl_0 rise edge)
                                                      0.000     0.000 r  
    PS8_X0Y0             PS8                          0.000     0.000 r  cdc_asyn_fifo_axis_i/zynq_ultra_ps_e_0/inst/PS8_i/PLCLK[0]
                         net (fo=1, routed)           0.129     0.129    cdc_asyn_fifo_axis_i/zynq_ultra_ps_e_0/inst/pl_clk_unbuffered[0]
    BUFG_PS_X0Y81        BUFG_PS (Prop_BUFG_PS_I_O)
                                                      0.022     0.151 r  cdc_asyn_fifo_axis_i/zynq_ultra_ps_e_0/inst/buffer_pl_clk_0.PL_CLK_0_BUFG/O
    X1Y1 (CLOCK_ROOT)    net (fo=15566, routed)       1.714     1.865    cdc_asyn_fifo_axis_i/smartconnect_0/inst/clk_map/psr_aclk/U0/aclk
    SLICE_X21Y138        FDRE                                         r  cdc_asyn_fifo_axis_i/smartconnect_0/inst/clk_map/psr_aclk/U0/ACTIVE_LOW_BSR_OUT_DFF[0].FDRE_BSR_N/C
  -------------------------------------------------------------------    -------------------
    SLICE_X21Y138        FDRE (Prop_DFF_SLICEM_C_Q)
                                                      0.083     1.948 r  cdc_asyn_fifo_axis_i/smartconnect_0/inst/clk_map/psr_aclk/U0/ACTIVE_LOW_BSR_OUT_DFF[0].FDRE_BSR_N/Q
                         net (fo=87, routed)          0.140     2.088    cdc_asyn_fifo_axis_i/smartconnect_0/inst/m01_exit_pipeline/m01_exit/inst/xpm_cdc_async_rst_inst/src_arst
    SLICE_X19Y137        FDCE                                         f  cdc_asyn_fifo_axis_i/smartconnect_0/inst/m01_exit_pipeline/m01_exit/inst/xpm_cdc_async_rst_inst/arststages_ff_reg[2]/CLR  (IS_INVERTED)
  -------------------------------------------------------------------    -------------------

                         (clock clk_pl_0 rise edge)
                                                      0.000     0.000 r  
    PS8_X0Y0             PS8                          0.000     0.000 r  cdc_asyn_fifo_axis_i/zynq_ultra_ps_e_0/inst/PS8_i/PLCLK[0]
                         net (fo=1, routed)           0.164     0.164    cdc_asyn_fifo_axis_i/zynq_ultra_ps_e_0/inst/pl_clk_unbuffered[0]
    BUFG_PS_X0Y81        BUFG_PS (Prop_BUFG_PS_I_O)
                                                      0.023     0.187 r  cdc_asyn_fifo_axis_i/zynq_ultra_ps_e_0/inst/buffer_pl_clk_0.PL_CLK_0_BUFG/O
    X1Y1 (CLOCK_ROOT)    net (fo=15566, routed)       1.874     2.061    cdc_asyn_fifo_axis_i/smartconnect_0/inst/m01_exit_pipeline/m01_exit/inst/xpm_cdc_async_rst_inst/dest_clk
    SLICE_X19Y137        FDCE                                         r  cdc_asyn_fifo_axis_i/smartconnect_0/inst/m01_exit_pipeline/m01_exit/inst/xpm_cdc_async_rst_inst/arststages_ff_reg[2]/C

Slack:                    inf
  Source:                 cdc_asyn_fifo_axis_i/smartconnect_0/inst/clk_map/psr_aclk/U0/ACTIVE_LOW_BSR_OUT_DFF[0].FDRE_BSR_N/C
                            (rising edge-triggered cell FDRE clocked by clk_pl_0  {rise@0.000ns fall@5.156ns period=10.312ns})
  Destination:            cdc_asyn_fifo_axis_i/smartconnect_0/inst/s02_nodes/s02_b_node/inst/s_sc_xpm_cdc_async_rst_inst/arststages_ff_reg[0]/CLR
                            (removal check against rising-edge clock clk_pl_0  {rise@0.000ns fall@5.156ns period=10.312ns})
  Path Group:             (none)
  Path Type:              Removal (Min at Fast Process Corner)
  Data Path Delay:        0.224ns  (logic 0.083ns (37.044%)  route 0.141ns (62.956%))
  Logic Levels:           0  
  Clock Path Skew:        0.199ns (DCD - SCD - CPR)
    Destination Clock Delay (DCD):    2.064ns
    Source Clock Delay      (SCD):    1.865ns
    Clock Pessimism Removal (CPR):    -0.000ns
  Clock Uncertainty:      0.159ns  ((TSJ^2 + DJ^2)^1/2) / 2 + PE
    Total System Jitter     (TSJ):    0.071ns
    Discrete Jitter          (DJ):    0.310ns
    Phase Error              (PE):    0.000ns
  Clock Net Delay (Source):      1.714ns (routing 0.885ns, distribution 0.829ns)
  Clock Net Delay (Destination): 1.877ns (routing 0.966ns, distribution 0.911ns)
  Timing Exception:       False Path

    Location             Delay type                Incr(ns)  Path(ns)    Netlist Resource(s)
  -------------------------------------------------------------------    -------------------
                         (clock clk_pl_0 rise edge)
                                                      0.000     0.000 r  
    PS8_X0Y0             PS8                          0.000     0.000 r  cdc_asyn_fifo_axis_i/zynq_ultra_ps_e_0/inst/PS8_i/PLCLK[0]
                         net (fo=1, routed)           0.129     0.129    cdc_asyn_fifo_axis_i/zynq_ultra_ps_e_0/inst/pl_clk_unbuffered[0]
    BUFG_PS_X0Y81        BUFG_PS (Prop_BUFG_PS_I_O)
                                                      0.022     0.151 r  cdc_asyn_fifo_axis_i/zynq_ultra_ps_e_0/inst/buffer_pl_clk_0.PL_CLK_0_BUFG/O
    X1Y1 (CLOCK_ROOT)    net (fo=15566, routed)       1.714     1.865    cdc_asyn_fifo_axis_i/smartconnect_0/inst/clk_map/psr_aclk/U0/aclk
    SLICE_X21Y138        FDRE                                         r  cdc_asyn_fifo_axis_i/smartconnect_0/inst/clk_map/psr_aclk/U0/ACTIVE_LOW_BSR_OUT_DFF[0].FDRE_BSR_N/C
  -------------------------------------------------------------------    -------------------
    SLICE_X21Y138        FDRE (Prop_DFF_SLICEM_C_Q)
                                                      0.083     1.948 r  cdc_asyn_fifo_axis_i/smartconnect_0/inst/clk_map/psr_aclk/U0/ACTIVE_LOW_BSR_OUT_DFF[0].FDRE_BSR_N/Q
                         net (fo=87, routed)          0.141     2.089    cdc_asyn_fifo_axis_i/smartconnect_0/inst/s02_nodes/s02_b_node/inst/s_sc_xpm_cdc_async_rst_inst/src_arst
    SLICE_X18Y139        FDCE                                         f  cdc_asyn_fifo_axis_i/smartconnect_0/inst/s02_nodes/s02_b_node/inst/s_sc_xpm_cdc_async_rst_inst/arststages_ff_reg[0]/CLR  (IS_INVERTED)
  -------------------------------------------------------------------    -------------------

                         (clock clk_pl_0 rise edge)
                                                      0.000     0.000 r  
    PS8_X0Y0             PS8                          0.000     0.000 r  cdc_asyn_fifo_axis_i/zynq_ultra_ps_e_0/inst/PS8_i/PLCLK[0]
                         net (fo=1, routed)           0.164     0.164    cdc_asyn_fifo_axis_i/zynq_ultra_ps_e_0/inst/pl_clk_unbuffered[0]
    BUFG_PS_X0Y81        BUFG_PS (Prop_BUFG_PS_I_O)
                                                      0.023     0.187 r  cdc_asyn_fifo_axis_i/zynq_ultra_ps_e_0/inst/buffer_pl_clk_0.PL_CLK_0_BUFG/O
    X1Y1 (CLOCK_ROOT)    net (fo=15566, routed)       1.877     2.064    cdc_asyn_fifo_axis_i/smartconnect_0/inst/s02_nodes/s02_b_node/inst/s_sc_xpm_cdc_async_rst_inst/dest_clk
    SLICE_X18Y139        FDCE                                         r  cdc_asyn_fifo_axis_i/smartconnect_0/inst/s02_nodes/s02_b_node/inst/s_sc_xpm_cdc_async_rst_inst/arststages_ff_reg[0]/C

Slack:                    inf
  Source:                 cdc_asyn_fifo_axis_i/smartconnect_0/inst/clk_map/psr_aclk/U0/ACTIVE_LOW_BSR_OUT_DFF[0].FDRE_BSR_N/C
                            (rising edge-triggered cell FDRE clocked by clk_pl_0  {rise@0.000ns fall@5.156ns period=10.312ns})
  Destination:            cdc_asyn_fifo_axis_i/smartconnect_0/inst/s02_nodes/s02_b_node/inst/s_sc_xpm_cdc_async_rst_inst/arststages_ff_reg[1]/CLR
                            (removal check against rising-edge clock clk_pl_0  {rise@0.000ns fall@5.156ns period=10.312ns})
  Path Group:             (none)
  Path Type:              Removal (Min at Fast Process Corner)
  Data Path Delay:        0.224ns  (logic 0.083ns (37.044%)  route 0.141ns (62.956%))
  Logic Levels:           0  
  Clock Path Skew:        0.199ns (DCD - SCD - CPR)
    Destination Clock Delay (DCD):    2.064ns
    Source Clock Delay      (SCD):    1.865ns
    Clock Pessimism Removal (CPR):    -0.000ns
  Clock Uncertainty:      0.159ns  ((TSJ^2 + DJ^2)^1/2) / 2 + PE
    Total System Jitter     (TSJ):    0.071ns
    Discrete Jitter          (DJ):    0.310ns
    Phase Error              (PE):    0.000ns
  Clock Net Delay (Source):      1.714ns (routing 0.885ns, distribution 0.829ns)
  Clock Net Delay (Destination): 1.877ns (routing 0.966ns, distribution 0.911ns)
  Timing Exception:       False Path

    Location             Delay type                Incr(ns)  Path(ns)    Netlist Resource(s)
  -------------------------------------------------------------------    -------------------
                         (clock clk_pl_0 rise edge)
                                                      0.000     0.000 r  
    PS8_X0Y0             PS8                          0.000     0.000 r  cdc_asyn_fifo_axis_i/zynq_ultra_ps_e_0/inst/PS8_i/PLCLK[0]
                         net (fo=1, routed)           0.129     0.129    cdc_asyn_fifo_axis_i/zynq_ultra_ps_e_0/inst/pl_clk_unbuffered[0]
    BUFG_PS_X0Y81        BUFG_PS (Prop_BUFG_PS_I_O)
                                                      0.022     0.151 r  cdc_asyn_fifo_axis_i/zynq_ultra_ps_e_0/inst/buffer_pl_clk_0.PL_CLK_0_BUFG/O
    X1Y1 (CLOCK_ROOT)    net (fo=15566, routed)       1.714     1.865    cdc_asyn_fifo_axis_i/smartconnect_0/inst/clk_map/psr_aclk/U0/aclk
    SLICE_X21Y138        FDRE                                         r  cdc_asyn_fifo_axis_i/smartconnect_0/inst/clk_map/psr_aclk/U0/ACTIVE_LOW_BSR_OUT_DFF[0].FDRE_BSR_N/C
  -------------------------------------------------------------------    -------------------
    SLICE_X21Y138        FDRE (Prop_DFF_SLICEM_C_Q)
                                                      0.083     1.948 r  cdc_asyn_fifo_axis_i/smartconnect_0/inst/clk_map/psr_aclk/U0/ACTIVE_LOW_BSR_OUT_DFF[0].FDRE_BSR_N/Q
                         net (fo=87, routed)          0.141     2.089    cdc_asyn_fifo_axis_i/smartconnect_0/inst/s02_nodes/s02_b_node/inst/s_sc_xpm_cdc_async_rst_inst/src_arst
    SLICE_X18Y139        FDCE                                         f  cdc_asyn_fifo_axis_i/smartconnect_0/inst/s02_nodes/s02_b_node/inst/s_sc_xpm_cdc_async_rst_inst/arststages_ff_reg[1]/CLR  (IS_INVERTED)
  -------------------------------------------------------------------    -------------------

                         (clock clk_pl_0 rise edge)
                                                      0.000     0.000 r  
    PS8_X0Y0             PS8                          0.000     0.000 r  cdc_asyn_fifo_axis_i/zynq_ultra_ps_e_0/inst/PS8_i/PLCLK[0]
                         net (fo=1, routed)           0.164     0.164    cdc_asyn_fifo_axis_i/zynq_ultra_ps_e_0/inst/pl_clk_unbuffered[0]
    BUFG_PS_X0Y81        BUFG_PS (Prop_BUFG_PS_I_O)
                                                      0.023     0.187 r  cdc_asyn_fifo_axis_i/zynq_ultra_ps_e_0/inst/buffer_pl_clk_0.PL_CLK_0_BUFG/O
    X1Y1 (CLOCK_ROOT)    net (fo=15566, routed)       1.877     2.064    cdc_asyn_fifo_axis_i/smartconnect_0/inst/s02_nodes/s02_b_node/inst/s_sc_xpm_cdc_async_rst_inst/dest_clk
    SLICE_X18Y139        FDCE                                         r  cdc_asyn_fifo_axis_i/smartconnect_0/inst/s02_nodes/s02_b_node/inst/s_sc_xpm_cdc_async_rst_inst/arststages_ff_reg[1]/C

Slack:                    inf
  Source:                 cdc_asyn_fifo_axis_i/smartconnect_0/inst/clk_map/psr_aclk/U0/ACTIVE_LOW_BSR_OUT_DFF[0].FDRE_BSR_N/C
                            (rising edge-triggered cell FDRE clocked by clk_pl_0  {rise@0.000ns fall@5.156ns period=10.312ns})
  Destination:            cdc_asyn_fifo_axis_i/smartconnect_0/inst/s02_nodes/s02_b_node/inst/s_sc_xpm_cdc_async_rst_inst/arststages_ff_reg[2]/CLR
                            (removal check against rising-edge clock clk_pl_0  {rise@0.000ns fall@5.156ns period=10.312ns})
  Path Group:             (none)
  Path Type:              Removal (Min at Fast Process Corner)
  Data Path Delay:        0.224ns  (logic 0.083ns (37.044%)  route 0.141ns (62.956%))
  Logic Levels:           0  
  Clock Path Skew:        0.199ns (DCD - SCD - CPR)
    Destination Clock Delay (DCD):    2.064ns
    Source Clock Delay      (SCD):    1.865ns
    Clock Pessimism Removal (CPR):    -0.000ns
  Clock Uncertainty:      0.159ns  ((TSJ^2 + DJ^2)^1/2) / 2 + PE
    Total System Jitter     (TSJ):    0.071ns
    Discrete Jitter          (DJ):    0.310ns
    Phase Error              (PE):    0.000ns
  Clock Net Delay (Source):      1.714ns (routing 0.885ns, distribution 0.829ns)
  Clock Net Delay (Destination): 1.877ns (routing 0.966ns, distribution 0.911ns)
  Timing Exception:       False Path

    Location             Delay type                Incr(ns)  Path(ns)    Netlist Resource(s)
  -------------------------------------------------------------------    -------------------
                         (clock clk_pl_0 rise edge)
                                                      0.000     0.000 r  
    PS8_X0Y0             PS8                          0.000     0.000 r  cdc_asyn_fifo_axis_i/zynq_ultra_ps_e_0/inst/PS8_i/PLCLK[0]
                         net (fo=1, routed)           0.129     0.129    cdc_asyn_fifo_axis_i/zynq_ultra_ps_e_0/inst/pl_clk_unbuffered[0]
    BUFG_PS_X0Y81        BUFG_PS (Prop_BUFG_PS_I_O)
                                                      0.022     0.151 r  cdc_asyn_fifo_axis_i/zynq_ultra_ps_e_0/inst/buffer_pl_clk_0.PL_CLK_0_BUFG/O
    X1Y1 (CLOCK_ROOT)    net (fo=15566, routed)       1.714     1.865    cdc_asyn_fifo_axis_i/smartconnect_0/inst/clk_map/psr_aclk/U0/aclk
    SLICE_X21Y138        FDRE                                         r  cdc_asyn_fifo_axis_i/smartconnect_0/inst/clk_map/psr_aclk/U0/ACTIVE_LOW_BSR_OUT_DFF[0].FDRE_BSR_N/C
  -------------------------------------------------------------------    -------------------
    SLICE_X21Y138        FDRE (Prop_DFF_SLICEM_C_Q)
                                                      0.083     1.948 r  cdc_asyn_fifo_axis_i/smartconnect_0/inst/clk_map/psr_aclk/U0/ACTIVE_LOW_BSR_OUT_DFF[0].FDRE_BSR_N/Q
                         net (fo=87, routed)          0.141     2.089    cdc_asyn_fifo_axis_i/smartconnect_0/inst/s02_nodes/s02_b_node/inst/s_sc_xpm_cdc_async_rst_inst/src_arst
    SLICE_X18Y139        FDCE                                         f  cdc_asyn_fifo_axis_i/smartconnect_0/inst/s02_nodes/s02_b_node/inst/s_sc_xpm_cdc_async_rst_inst/arststages_ff_reg[2]/CLR  (IS_INVERTED)
  -------------------------------------------------------------------    -------------------

                         (clock clk_pl_0 rise edge)
                                                      0.000     0.000 r  
    PS8_X0Y0             PS8                          0.000     0.000 r  cdc_asyn_fifo_axis_i/zynq_ultra_ps_e_0/inst/PS8_i/PLCLK[0]
                         net (fo=1, routed)           0.164     0.164    cdc_asyn_fifo_axis_i/zynq_ultra_ps_e_0/inst/pl_clk_unbuffered[0]
    BUFG_PS_X0Y81        BUFG_PS (Prop_BUFG_PS_I_O)
                                                      0.023     0.187 r  cdc_asyn_fifo_axis_i/zynq_ultra_ps_e_0/inst/buffer_pl_clk_0.PL_CLK_0_BUFG/O
    X1Y1 (CLOCK_ROOT)    net (fo=15566, routed)       1.877     2.064    cdc_asyn_fifo_axis_i/smartconnect_0/inst/s02_nodes/s02_b_node/inst/s_sc_xpm_cdc_async_rst_inst/dest_clk
    SLICE_X18Y139        FDCE                                         r  cdc_asyn_fifo_axis_i/smartconnect_0/inst/s02_nodes/s02_b_node/inst/s_sc_xpm_cdc_async_rst_inst/arststages_ff_reg[2]/C

Slack:                    inf
  Source:                 cdc_asyn_fifo_axis_i/smartconnect_0/inst/clk_map/psr_aclk/U0/ACTIVE_LOW_BSR_OUT_DFF[0].FDRE_BSR_N/C
                            (rising edge-triggered cell FDRE clocked by clk_pl_0  {rise@0.000ns fall@5.156ns period=10.312ns})
  Destination:            cdc_asyn_fifo_axis_i/smartconnect_0/inst/s02_entry_pipeline/s02_mmu/inst/xpm_cdc_async_rst_inst/arststages_ff_reg[0]/CLR
                            (removal check against rising-edge clock clk_pl_0  {rise@0.000ns fall@5.156ns period=10.312ns})
  Path Group:             (none)
  Path Type:              Removal (Min at Fast Process Corner)
  Data Path Delay:        0.241ns  (logic 0.083ns (34.408%)  route 0.158ns (65.592%))
  Logic Levels:           0  
  Clock Path Skew:        0.203ns (DCD - SCD - CPR)
    Destination Clock Delay (DCD):    2.067ns
    Source Clock Delay      (SCD):    1.865ns
    Clock Pessimism Removal (CPR):    -0.000ns
  Clock Uncertainty:      0.159ns  ((TSJ^2 + DJ^2)^1/2) / 2 + PE
    Total System Jitter     (TSJ):    0.071ns
    Discrete Jitter          (DJ):    0.310ns
    Phase Error              (PE):    0.000ns
  Clock Net Delay (Source):      1.714ns (routing 0.885ns, distribution 0.829ns)
  Clock Net Delay (Destination): 1.880ns (routing 0.966ns, distribution 0.914ns)
  Timing Exception:       False Path

    Location             Delay type                Incr(ns)  Path(ns)    Netlist Resource(s)
  -------------------------------------------------------------------    -------------------
                         (clock clk_pl_0 rise edge)
                                                      0.000     0.000 r  
    PS8_X0Y0             PS8                          0.000     0.000 r  cdc_asyn_fifo_axis_i/zynq_ultra_ps_e_0/inst/PS8_i/PLCLK[0]
                         net (fo=1, routed)           0.129     0.129    cdc_asyn_fifo_axis_i/zynq_ultra_ps_e_0/inst/pl_clk_unbuffered[0]
    BUFG_PS_X0Y81        BUFG_PS (Prop_BUFG_PS_I_O)
                                                      0.022     0.151 r  cdc_asyn_fifo_axis_i/zynq_ultra_ps_e_0/inst/buffer_pl_clk_0.PL_CLK_0_BUFG/O
    X1Y1 (CLOCK_ROOT)    net (fo=15566, routed)       1.714     1.865    cdc_asyn_fifo_axis_i/smartconnect_0/inst/clk_map/psr_aclk/U0/aclk
    SLICE_X21Y138        FDRE                                         r  cdc_asyn_fifo_axis_i/smartconnect_0/inst/clk_map/psr_aclk/U0/ACTIVE_LOW_BSR_OUT_DFF[0].FDRE_BSR_N/C
  -------------------------------------------------------------------    -------------------
    SLICE_X21Y138        FDRE (Prop_DFF_SLICEM_C_Q)
                                                      0.083     1.948 r  cdc_asyn_fifo_axis_i/smartconnect_0/inst/clk_map/psr_aclk/U0/ACTIVE_LOW_BSR_OUT_DFF[0].FDRE_BSR_N/Q
                         net (fo=87, routed)          0.158     2.106    cdc_asyn_fifo_axis_i/smartconnect_0/inst/s02_entry_pipeline/s02_mmu/inst/xpm_cdc_async_rst_inst/src_arst
    SLICE_X19Y136        FDCE                                         f  cdc_asyn_fifo_axis_i/smartconnect_0/inst/s02_entry_pipeline/s02_mmu/inst/xpm_cdc_async_rst_inst/arststages_ff_reg[0]/CLR  (IS_INVERTED)
  -------------------------------------------------------------------    -------------------

                         (clock clk_pl_0 rise edge)
                                                      0.000     0.000 r  
    PS8_X0Y0             PS8                          0.000     0.000 r  cdc_asyn_fifo_axis_i/zynq_ultra_ps_e_0/inst/PS8_i/PLCLK[0]
                         net (fo=1, routed)           0.164     0.164    cdc_asyn_fifo_axis_i/zynq_ultra_ps_e_0/inst/pl_clk_unbuffered[0]
    BUFG_PS_X0Y81        BUFG_PS (Prop_BUFG_PS_I_O)
                                                      0.023     0.187 r  cdc_asyn_fifo_axis_i/zynq_ultra_ps_e_0/inst/buffer_pl_clk_0.PL_CLK_0_BUFG/O
    X1Y1 (CLOCK_ROOT)    net (fo=15566, routed)       1.880     2.067    cdc_asyn_fifo_axis_i/smartconnect_0/inst/s02_entry_pipeline/s02_mmu/inst/xpm_cdc_async_rst_inst/dest_clk
    SLICE_X19Y136        FDCE                                         r  cdc_asyn_fifo_axis_i/smartconnect_0/inst/s02_entry_pipeline/s02_mmu/inst/xpm_cdc_async_rst_inst/arststages_ff_reg[0]/C

Slack:                    inf
  Source:                 cdc_asyn_fifo_axis_i/smartconnect_0/inst/clk_map/psr_aclk/U0/ACTIVE_LOW_BSR_OUT_DFF[0].FDRE_BSR_N/C
                            (rising edge-triggered cell FDRE clocked by clk_pl_0  {rise@0.000ns fall@5.156ns period=10.312ns})
  Destination:            cdc_asyn_fifo_axis_i/smartconnect_0/inst/s02_entry_pipeline/s02_mmu/inst/xpm_cdc_async_rst_inst/arststages_ff_reg[1]/CLR
                            (removal check against rising-edge clock clk_pl_0  {rise@0.000ns fall@5.156ns period=10.312ns})
  Path Group:             (none)
  Path Type:              Removal (Min at Fast Process Corner)
  Data Path Delay:        0.241ns  (logic 0.083ns (34.408%)  route 0.158ns (65.592%))
  Logic Levels:           0  
  Clock Path Skew:        0.203ns (DCD - SCD - CPR)
    Destination Clock Delay (DCD):    2.067ns
    Source Clock Delay      (SCD):    1.865ns
    Clock Pessimism Removal (CPR):    -0.000ns
  Clock Uncertainty:      0.159ns  ((TSJ^2 + DJ^2)^1/2) / 2 + PE
    Total System Jitter     (TSJ):    0.071ns
    Discrete Jitter          (DJ):    0.310ns
    Phase Error              (PE):    0.000ns
  Clock Net Delay (Source):      1.714ns (routing 0.885ns, distribution 0.829ns)
  Clock Net Delay (Destination): 1.880ns (routing 0.966ns, distribution 0.914ns)
  Timing Exception:       False Path

    Location             Delay type                Incr(ns)  Path(ns)    Netlist Resource(s)
  -------------------------------------------------------------------    -------------------
                         (clock clk_pl_0 rise edge)
                                                      0.000     0.000 r  
    PS8_X0Y0             PS8                          0.000     0.000 r  cdc_asyn_fifo_axis_i/zynq_ultra_ps_e_0/inst/PS8_i/PLCLK[0]
                         net (fo=1, routed)           0.129     0.129    cdc_asyn_fifo_axis_i/zynq_ultra_ps_e_0/inst/pl_clk_unbuffered[0]
    BUFG_PS_X0Y81        BUFG_PS (Prop_BUFG_PS_I_O)
                                                      0.022     0.151 r  cdc_asyn_fifo_axis_i/zynq_ultra_ps_e_0/inst/buffer_pl_clk_0.PL_CLK_0_BUFG/O
    X1Y1 (CLOCK_ROOT)    net (fo=15566, routed)       1.714     1.865    cdc_asyn_fifo_axis_i/smartconnect_0/inst/clk_map/psr_aclk/U0/aclk
    SLICE_X21Y138        FDRE                                         r  cdc_asyn_fifo_axis_i/smartconnect_0/inst/clk_map/psr_aclk/U0/ACTIVE_LOW_BSR_OUT_DFF[0].FDRE_BSR_N/C
  -------------------------------------------------------------------    -------------------
    SLICE_X21Y138        FDRE (Prop_DFF_SLICEM_C_Q)
                                                      0.083     1.948 r  cdc_asyn_fifo_axis_i/smartconnect_0/inst/clk_map/psr_aclk/U0/ACTIVE_LOW_BSR_OUT_DFF[0].FDRE_BSR_N/Q
                         net (fo=87, routed)          0.158     2.106    cdc_asyn_fifo_axis_i/smartconnect_0/inst/s02_entry_pipeline/s02_mmu/inst/xpm_cdc_async_rst_inst/src_arst
    SLICE_X19Y136        FDCE                                         f  cdc_asyn_fifo_axis_i/smartconnect_0/inst/s02_entry_pipeline/s02_mmu/inst/xpm_cdc_async_rst_inst/arststages_ff_reg[1]/CLR  (IS_INVERTED)
  -------------------------------------------------------------------    -------------------

                         (clock clk_pl_0 rise edge)
                                                      0.000     0.000 r  
    PS8_X0Y0             PS8                          0.000     0.000 r  cdc_asyn_fifo_axis_i/zynq_ultra_ps_e_0/inst/PS8_i/PLCLK[0]
                         net (fo=1, routed)           0.164     0.164    cdc_asyn_fifo_axis_i/zynq_ultra_ps_e_0/inst/pl_clk_unbuffered[0]
    BUFG_PS_X0Y81        BUFG_PS (Prop_BUFG_PS_I_O)
                                                      0.023     0.187 r  cdc_asyn_fifo_axis_i/zynq_ultra_ps_e_0/inst/buffer_pl_clk_0.PL_CLK_0_BUFG/O
    X1Y1 (CLOCK_ROOT)    net (fo=15566, routed)       1.880     2.067    cdc_asyn_fifo_axis_i/smartconnect_0/inst/s02_entry_pipeline/s02_mmu/inst/xpm_cdc_async_rst_inst/dest_clk
    SLICE_X19Y136        FDCE                                         r  cdc_asyn_fifo_axis_i/smartconnect_0/inst/s02_entry_pipeline/s02_mmu/inst/xpm_cdc_async_rst_inst/arststages_ff_reg[1]/C

Slack:                    inf
  Source:                 cdc_asyn_fifo_axis_i/smartconnect_0/inst/clk_map/psr_aclk/U0/ACTIVE_LOW_BSR_OUT_DFF[0].FDRE_BSR_N/C
                            (rising edge-triggered cell FDRE clocked by clk_pl_0  {rise@0.000ns fall@5.156ns period=10.312ns})
  Destination:            cdc_asyn_fifo_axis_i/smartconnect_0/inst/s02_entry_pipeline/s02_mmu/inst/xpm_cdc_async_rst_inst/arststages_ff_reg[2]/CLR
                            (removal check against rising-edge clock clk_pl_0  {rise@0.000ns fall@5.156ns period=10.312ns})
  Path Group:             (none)
  Path Type:              Removal (Min at Fast Process Corner)
  Data Path Delay:        0.241ns  (logic 0.083ns (34.408%)  route 0.158ns (65.592%))
  Logic Levels:           0  
  Clock Path Skew:        0.203ns (DCD - SCD - CPR)
    Destination Clock Delay (DCD):    2.067ns
    Source Clock Delay      (SCD):    1.865ns
    Clock Pessimism Removal (CPR):    -0.000ns
  Clock Uncertainty:      0.159ns  ((TSJ^2 + DJ^2)^1/2) / 2 + PE
    Total System Jitter     (TSJ):    0.071ns
    Discrete Jitter          (DJ):    0.310ns
    Phase Error              (PE):    0.000ns
  Clock Net Delay (Source):      1.714ns (routing 0.885ns, distribution 0.829ns)
  Clock Net Delay (Destination): 1.880ns (routing 0.966ns, distribution 0.914ns)
  Timing Exception:       False Path

    Location             Delay type                Incr(ns)  Path(ns)    Netlist Resource(s)
  -------------------------------------------------------------------    -------------------
                         (clock clk_pl_0 rise edge)
                                                      0.000     0.000 r  
    PS8_X0Y0             PS8                          0.000     0.000 r  cdc_asyn_fifo_axis_i/zynq_ultra_ps_e_0/inst/PS8_i/PLCLK[0]
                         net (fo=1, routed)           0.129     0.129    cdc_asyn_fifo_axis_i/zynq_ultra_ps_e_0/inst/pl_clk_unbuffered[0]
    BUFG_PS_X0Y81        BUFG_PS (Prop_BUFG_PS_I_O)
                                                      0.022     0.151 r  cdc_asyn_fifo_axis_i/zynq_ultra_ps_e_0/inst/buffer_pl_clk_0.PL_CLK_0_BUFG/O
    X1Y1 (CLOCK_ROOT)    net (fo=15566, routed)       1.714     1.865    cdc_asyn_fifo_axis_i/smartconnect_0/inst/clk_map/psr_aclk/U0/aclk
    SLICE_X21Y138        FDRE                                         r  cdc_asyn_fifo_axis_i/smartconnect_0/inst/clk_map/psr_aclk/U0/ACTIVE_LOW_BSR_OUT_DFF[0].FDRE_BSR_N/C
  -------------------------------------------------------------------    -------------------
    SLICE_X21Y138        FDRE (Prop_DFF_SLICEM_C_Q)
                                                      0.083     1.948 r  cdc_asyn_fifo_axis_i/smartconnect_0/inst/clk_map/psr_aclk/U0/ACTIVE_LOW_BSR_OUT_DFF[0].FDRE_BSR_N/Q
                         net (fo=87, routed)          0.158     2.106    cdc_asyn_fifo_axis_i/smartconnect_0/inst/s02_entry_pipeline/s02_mmu/inst/xpm_cdc_async_rst_inst/src_arst
    SLICE_X19Y136        FDCE                                         f  cdc_asyn_fifo_axis_i/smartconnect_0/inst/s02_entry_pipeline/s02_mmu/inst/xpm_cdc_async_rst_inst/arststages_ff_reg[2]/CLR  (IS_INVERTED)
  -------------------------------------------------------------------    -------------------

                         (clock clk_pl_0 rise edge)
                                                      0.000     0.000 r  
    PS8_X0Y0             PS8                          0.000     0.000 r  cdc_asyn_fifo_axis_i/zynq_ultra_ps_e_0/inst/PS8_i/PLCLK[0]
                         net (fo=1, routed)           0.164     0.164    cdc_asyn_fifo_axis_i/zynq_ultra_ps_e_0/inst/pl_clk_unbuffered[0]
    BUFG_PS_X0Y81        BUFG_PS (Prop_BUFG_PS_I_O)
                                                      0.023     0.187 r  cdc_asyn_fifo_axis_i/zynq_ultra_ps_e_0/inst/buffer_pl_clk_0.PL_CLK_0_BUFG/O
    X1Y1 (CLOCK_ROOT)    net (fo=15566, routed)       1.880     2.067    cdc_asyn_fifo_axis_i/smartconnect_0/inst/s02_entry_pipeline/s02_mmu/inst/xpm_cdc_async_rst_inst/dest_clk
    SLICE_X19Y136        FDCE                                         r  cdc_asyn_fifo_axis_i/smartconnect_0/inst/s02_entry_pipeline/s02_mmu/inst/xpm_cdc_async_rst_inst/arststages_ff_reg[2]/C

Slack:                    inf
  Source:                 cdc_asyn_fifo_axis_i/smartconnect_0/inst/clk_map/psr_aclk/U0/ACTIVE_LOW_BSR_OUT_DFF[0].FDRE_BSR_N/C
                            (rising edge-triggered cell FDRE clocked by clk_pl_0  {rise@0.000ns fall@5.156ns period=10.312ns})
  Destination:            cdc_asyn_fifo_axis_i/smartconnect_0/inst/s02_nodes/s02_aw_node/inst/s_sc_xpm_cdc_async_rst_inst/arststages_ff_reg[0]/CLR
                            (removal check against rising-edge clock clk_pl_0  {rise@0.000ns fall@5.156ns period=10.312ns})
  Path Group:             (none)
  Path Type:              Removal (Min at Fast Process Corner)
  Data Path Delay:        0.245ns  (logic 0.083ns (33.940%)  route 0.162ns (66.059%))
  Logic Levels:           0  
  Clock Path Skew:        0.204ns (DCD - SCD - CPR)
    Destination Clock Delay (DCD):    2.068ns
    Source Clock Delay      (SCD):    1.865ns
    Clock Pessimism Removal (CPR):    -0.000ns
  Clock Uncertainty:      0.159ns  ((TSJ^2 + DJ^2)^1/2) / 2 + PE
    Total System Jitter     (TSJ):    0.071ns
    Discrete Jitter          (DJ):    0.310ns
    Phase Error              (PE):    0.000ns
  Clock Net Delay (Source):      1.714ns (routing 0.885ns, distribution 0.829ns)
  Clock Net Delay (Destination): 1.881ns (routing 0.966ns, distribution 0.915ns)
  Timing Exception:       False Path

    Location             Delay type                Incr(ns)  Path(ns)    Netlist Resource(s)
  -------------------------------------------------------------------    -------------------
                         (clock clk_pl_0 rise edge)
                                                      0.000     0.000 r  
    PS8_X0Y0             PS8                          0.000     0.000 r  cdc_asyn_fifo_axis_i/zynq_ultra_ps_e_0/inst/PS8_i/PLCLK[0]
                         net (fo=1, routed)           0.129     0.129    cdc_asyn_fifo_axis_i/zynq_ultra_ps_e_0/inst/pl_clk_unbuffered[0]
    BUFG_PS_X0Y81        BUFG_PS (Prop_BUFG_PS_I_O)
                                                      0.022     0.151 r  cdc_asyn_fifo_axis_i/zynq_ultra_ps_e_0/inst/buffer_pl_clk_0.PL_CLK_0_BUFG/O
    X1Y1 (CLOCK_ROOT)    net (fo=15566, routed)       1.714     1.865    cdc_asyn_fifo_axis_i/smartconnect_0/inst/clk_map/psr_aclk/U0/aclk
    SLICE_X21Y138        FDRE                                         r  cdc_asyn_fifo_axis_i/smartconnect_0/inst/clk_map/psr_aclk/U0/ACTIVE_LOW_BSR_OUT_DFF[0].FDRE_BSR_N/C
  -------------------------------------------------------------------    -------------------
    SLICE_X21Y138        FDRE (Prop_DFF_SLICEM_C_Q)
                                                      0.083     1.948 r  cdc_asyn_fifo_axis_i/smartconnect_0/inst/clk_map/psr_aclk/U0/ACTIVE_LOW_BSR_OUT_DFF[0].FDRE_BSR_N/Q
                         net (fo=87, routed)          0.162     2.109    cdc_asyn_fifo_axis_i/smartconnect_0/inst/s02_nodes/s02_aw_node/inst/s_sc_xpm_cdc_async_rst_inst/src_arst
    SLICE_X15Y138        FDCE                                         f  cdc_asyn_fifo_axis_i/smartconnect_0/inst/s02_nodes/s02_aw_node/inst/s_sc_xpm_cdc_async_rst_inst/arststages_ff_reg[0]/CLR  (IS_INVERTED)
  -------------------------------------------------------------------    -------------------

                         (clock clk_pl_0 rise edge)
                                                      0.000     0.000 r  
    PS8_X0Y0             PS8                          0.000     0.000 r  cdc_asyn_fifo_axis_i/zynq_ultra_ps_e_0/inst/PS8_i/PLCLK[0]
                         net (fo=1, routed)           0.164     0.164    cdc_asyn_fifo_axis_i/zynq_ultra_ps_e_0/inst/pl_clk_unbuffered[0]
    BUFG_PS_X0Y81        BUFG_PS (Prop_BUFG_PS_I_O)
                                                      0.023     0.187 r  cdc_asyn_fifo_axis_i/zynq_ultra_ps_e_0/inst/buffer_pl_clk_0.PL_CLK_0_BUFG/O
    X1Y1 (CLOCK_ROOT)    net (fo=15566, routed)       1.881     2.068    cdc_asyn_fifo_axis_i/smartconnect_0/inst/s02_nodes/s02_aw_node/inst/s_sc_xpm_cdc_async_rst_inst/dest_clk
    SLICE_X15Y138        FDCE                                         r  cdc_asyn_fifo_axis_i/smartconnect_0/inst/s02_nodes/s02_aw_node/inst/s_sc_xpm_cdc_async_rst_inst/arststages_ff_reg[0]/C





--------------------------------------------------------------------------------------
Path Group:  (none)
From Clock:  
  To Clock:  clk_out1_cdc_asyn_fifo_axis_clk_wiz_0_0

Max Delay             1 Endpoint
Min Delay             1 Endpoint
--------------------------------------------------------------------------------------


Max Delay Paths
--------------------------------------------------------------------------------------
Slack:                    inf
  Source:                 cdc_asyn_fifo_axis_i/clk_wiz_0/inst/mmcme4_adv_inst/LOCKED
                            (internal pin)
  Destination:            cdc_asyn_fifo_axis_i/proc_sys_reset_1/U0/EXT_LPF/lpf_int_reg/D
                            (rising edge-triggered cell FDRE clocked by clk_out1_cdc_asyn_fifo_axis_clk_wiz_0_0  {rise@0.000ns fall@2.500ns period=5.000ns})
  Path Group:             (none)
  Path Type:              Setup (Max at Slow Process Corner)
  Data Path Delay:        1.653ns  (logic 0.056ns (3.388%)  route 1.597ns (96.612%))
  Logic Levels:           1  (LUT3=1)
  Clock Uncertainty:      0.366ns  ((TSJ^2 + DJ^2)^1/2) / 2 + PE
    Total System Jitter     (TSJ):    0.050ns
    Discrete Jitter          (DJ):    0.217ns
    Phase Error              (PE):    0.255ns
  Clock Net Delay (Destination): 2.122ns (routing 1.133ns, distribution 0.989ns)

    Location             Delay type                Incr(ns)  Path(ns)    Netlist Resource(s)
  -------------------------------------------------------------------    -------------------
    MMCM_X0Y3            MMCME4_ADV                   0.000     0.000 f  cdc_asyn_fifo_axis_i/clk_wiz_0/inst/mmcme4_adv_inst/LOCKED
                         net (fo=1, routed)           1.528     1.528    cdc_asyn_fifo_axis_i/proc_sys_reset_1/U0/EXT_LPF/dcm_locked
    SLICE_X36Y120        LUT3 (Prop_C6LUT_SLICEL_I0_O)
                                                      0.056     1.584 r  cdc_asyn_fifo_axis_i/proc_sys_reset_1/U0/EXT_LPF/lpf_int0/O
                         net (fo=1, routed)           0.069     1.653    cdc_asyn_fifo_axis_i/proc_sys_reset_1/U0/EXT_LPF/lpf_int0__0
    SLICE_X36Y120        FDRE                                         r  cdc_asyn_fifo_axis_i/proc_sys_reset_1/U0/EXT_LPF/lpf_int_reg/D
  -------------------------------------------------------------------    -------------------

                         (clock clk_out1_cdc_asyn_fifo_axis_clk_wiz_0_0 rise edge)
                                                      0.000     0.000 r  
    BUFG_PS_X0Y81        BUFG_PS                      0.000     0.000 r  cdc_asyn_fifo_axis_i/zynq_ultra_ps_e_0/inst/buffer_pl_clk_0.PL_CLK_0_BUFG/O
                         net (fo=15566, routed)       2.483     2.483    cdc_asyn_fifo_axis_i/clk_wiz_0/inst/clk_in1
    MMCM_X0Y3            MMCME4_ADV (Prop_MMCM_CLKIN1_CLKOUT0)
                                                      0.739     3.222 r  cdc_asyn_fifo_axis_i/clk_wiz_0/inst/mmcme4_adv_inst/CLKOUT0
                         net (fo=1, routed)           0.307     3.529    cdc_asyn_fifo_axis_i/clk_wiz_0/inst/clk_out1_cdc_asyn_fifo_axis_clk_wiz_0_0
    BUFGCE_X0Y76         BUFGCE (Prop_BUFCE_BUFGCE_I_O)
                                                      0.039     3.568 r  cdc_asyn_fifo_axis_i/clk_wiz_0/inst/clkout1_buf/O
    X1Y1 (CLOCK_ROOT)    net (fo=193, routed)         2.122     5.690    cdc_asyn_fifo_axis_i/proc_sys_reset_1/U0/EXT_LPF/slowest_sync_clk
    SLICE_X36Y120        FDRE                                         r  cdc_asyn_fifo_axis_i/proc_sys_reset_1/U0/EXT_LPF/lpf_int_reg/C





Min Delay Paths
--------------------------------------------------------------------------------------
Slack:                    inf
  Source:                 cdc_asyn_fifo_axis_i/clk_wiz_0/inst/mmcme4_adv_inst/LOCKED
                            (internal pin)
  Destination:            cdc_asyn_fifo_axis_i/proc_sys_reset_1/U0/EXT_LPF/lpf_int_reg/D
                            (rising edge-triggered cell FDRE clocked by clk_out1_cdc_asyn_fifo_axis_clk_wiz_0_0  {rise@0.000ns fall@2.500ns period=5.000ns})
  Path Group:             (none)
  Path Type:              Hold (Min at Fast Process Corner)
  Data Path Delay:        0.662ns  (logic 0.021ns (3.172%)  route 0.641ns (96.828%))
  Logic Levels:           1  (LUT3=1)
  Clock Uncertainty:      0.366ns  ((TSJ^2 + DJ^2)^1/2) / 2 + PE
    Total System Jitter     (TSJ):    0.050ns
    Discrete Jitter          (DJ):    0.217ns
    Phase Error              (PE):    0.255ns
  Clock Net Delay (Destination): 1.409ns (routing 0.738ns, distribution 0.671ns)

    Location             Delay type                Incr(ns)  Path(ns)    Netlist Resource(s)
  -------------------------------------------------------------------    -------------------
    MMCM_X0Y3            MMCME4_ADV                   0.000     0.000 f  cdc_asyn_fifo_axis_i/clk_wiz_0/inst/mmcme4_adv_inst/LOCKED
                         net (fo=1, routed)           0.622     0.622    cdc_asyn_fifo_axis_i/proc_sys_reset_1/U0/EXT_LPF/dcm_locked
    SLICE_X36Y120        LUT3 (Prop_C6LUT_SLICEL_I0_O)
                                                      0.021     0.643 r  cdc_asyn_fifo_axis_i/proc_sys_reset_1/U0/EXT_LPF/lpf_int0/O
                         net (fo=1, routed)           0.019     0.662    cdc_asyn_fifo_axis_i/proc_sys_reset_1/U0/EXT_LPF/lpf_int0__0
    SLICE_X36Y120        FDRE                                         r  cdc_asyn_fifo_axis_i/proc_sys_reset_1/U0/EXT_LPF/lpf_int_reg/D
  -------------------------------------------------------------------    -------------------

                         (clock clk_out1_cdc_asyn_fifo_axis_clk_wiz_0_0 rise edge)
                                                      0.000     0.000 r  
    BUFG_PS_X0Y81        BUFG_PS                      0.000     0.000 r  cdc_asyn_fifo_axis_i/zynq_ultra_ps_e_0/inst/buffer_pl_clk_0.PL_CLK_0_BUFG/O
                         net (fo=15566, routed)       1.636     1.636    cdc_asyn_fifo_axis_i/clk_wiz_0/inst/clk_in1
    MMCM_X0Y3            MMCME4_ADV (Prop_MMCM_CLKIN1_CLKOUT0)
                                                     -0.079     1.557 r  cdc_asyn_fifo_axis_i/clk_wiz_0/inst/mmcme4_adv_inst/CLKOUT0
                         net (fo=1, routed)           0.204     1.761    cdc_asyn_fifo_axis_i/clk_wiz_0/inst/clk_out1_cdc_asyn_fifo_axis_clk_wiz_0_0
    BUFGCE_X0Y76         BUFGCE (Prop_BUFCE_BUFGCE_I_O)
                                                      0.026     1.787 r  cdc_asyn_fifo_axis_i/clk_wiz_0/inst/clkout1_buf/O
    X1Y1 (CLOCK_ROOT)    net (fo=193, routed)         1.409     3.196    cdc_asyn_fifo_axis_i/proc_sys_reset_1/U0/EXT_LPF/slowest_sync_clk
    SLICE_X36Y120        FDRE                                         r  cdc_asyn_fifo_axis_i/proc_sys_reset_1/U0/EXT_LPF/lpf_int_reg/C





