#
# A fatal error has been detected by the Java Runtime Environment:
#
#  EXCEPTION_ACCESS_VIOLATION (0xc0000005) at pc=0x00007ffd0ae85623, pid=90952, tid=67820
#
# JRE version: OpenJDK Runtime Environment 18.9 (11.0.11+9) (build 11.0.11+9)
# Java VM: OpenJDK 64-Bit Server VM 18.9 (11.0.11+9, mixed mode, tiered, compressed oops, g1 gc, windows-amd64)
# Problematic frame:
# V  [jvm.dll+0x395623]
#
# No core dump will be written. Minidumps are not enabled by default on client versions of Windows
#
# If you would like to submit a bug report, please visit:
#   https://bugreport.java.com/bugreport/crash.jsp
#

---------------  S U M M A R Y ------------

Command Line: -Dsun.java2d.pmoffscreen=false -Dhttps.protocols=TLSv1,TLSv1.1,TLSv1.2 -Dsun.java2d.xrender=false -Dsun.java2d.d3d=false -Dsun.awt.nopixfmt=true -Dsun.java2d.dpiaware=true -Dsun.java2d.uiScale.enabled=false -Xverify:none -Dswing.aatext=true -XX:-UsePerfData -Djdk.map.althashing.threshold=512 -XX:StringTableSize=4072 --add-opens=java.desktop/com.sun.awt=ALL-UNNAMED --add-opens=java.desktop/javax.swing.plaf.synth=ALL-UNNAMED --add-opens=java.base/java.nio=ALL-UNNAMED --add-opens=java.desktop/sun.swing=ALL-UNNAMED --add-opens=java.desktop/javax.swing=ALL-UNNAMED --add-opens=java.desktop/javax.swing.tree=ALL-UNNAMED --add-opens=java.desktop/javax.swing.plaf.basic=ALL-UNNAMED --add-opens=java.desktop/javax.swing.plaf.synth=ALL-UNNAMED --add-opens=java.desktop/javax.swing.plaf.basic=ALL-UNNAMED --add-opens=java.desktop/javax.swing=ALL-UNNAMED --add-opens=java.desktop/javax.swing.tree=ALL-UNNAMED --add-opens=java.desktop/java.awt.event=ALL-UNNAMED --add-exports=java.desktop/javax.swing.plaf.synth=ALL-UNNAMED --add-exports=java.base/java.nio=ALL-UNNAMED --add-exports=java.desktop/sun.swing=ALL-UNNAMED --add-exports=java.desktop/javax.swing=ALL-UNNAMED --add-exports=java.desktop/javax.swing.tree=ALL-UNNAMED --add-exports=java.desktop/javax.swing.plaf.basic=ALL-UNNAMED --add-exports=java.desktop/sun.swing=ALL-UNNAMED --add-exports=java.desktop/sun.swing.table=ALL-UNNAMED --add-exports=java.desktop/sun.swing.plaf.synth=ALL-UNNAMED --add-exports=java.desktop/sun.awt.shell=ALL-UNNAMED --add-exports=java.base/sun.security.action=ALL-UNNAMED --add-exports=java.desktop/sun.font=ALL-UNNAMED -XX:NewSize=60m -XX:MaxNewSize=60m -Xms256m -Xmx3072m -Xss5m 

Host: AMD Ryzen 7 5800H with Radeon Graphics         , 16 cores, 19G,  Windows 10 , 64 bit Build 26100 (10.0.26100.8328)
Time: Thu May 21 21:37:48 2026 Eastern Daylight Time elapsed time: 17809.781801 seconds (0d 4h 56m 49s)

---------------  T H R E A D  ---------------

Current thread (0x000001ed34f2a000):  JavaThread "Messages View GetMessages Thread" [_thread_in_vm, id=67820, stack(0x000000160f700000,0x000000160fc00000)]

Stack: [0x000000160f700000,0x000000160fc00000],  sp=0x000000160fbfedf0,  free space=5115k
Native frames: (J=compiled Java code, j=interpreted, Vv=VM code, C=native code)
V  [jvm.dll+0x395623]
V  [jvm.dll+0x64fda2]
V  [jvm.dll+0x39536e]
V  [jvm.dll+0x382e10]
V  [jvm.dll+0x6b5401]
C  0x000001ed51de63a6

Java frames: (J=compiled Java code, j=interpreted, Vv=VM code)
v  ~RuntimeStub::_register_finalizer_Java
J 16653 c2 ui.data.common.I.<init>(JZ)V (22 bytes) @ 0x000001ed59ede2e8 [0x000001ed59ede280+0x0000000000000068]
J 25218 c2 ui.frmwork.c.h.a(Lui/frmwork/c/b$a;ZZLjava/lang/String;)Lui/frmwork/c/d; (118 bytes) @ 0x000001ed5ad127c0 [0x000001ed5ad126a0+0x0000000000000120]
J 25945 c2 java.lang.Thread.run()V java.base@11.0.11 (17 bytes) @ 0x000001ed5a1b5f30 [0x000001ed5a1b5aa0+0x0000000000000490]
v  ~StubRoutines::call_stub

siginfo: EXCEPTION_ACCESS_VIOLATION (0xc0000005), writing address 0x000000160fbf7df0


Register to memory mapping:

RIP=0x00007ffd0ae85623 jvm.dll
RAX=0x0000000000000001 is an unknown value
RBX=0x000000160fbf7df0 is pointing into the stack for thread: 0x000001ed34f2a000
RCX=4096 is a compressed pointer to class: 0x0000000800001000
java.lang.Object {0x0000000800001008}
RDX=0x0 is NULL
RSP=0x000000160fbfedf0 is pointing into the stack for thread: 0x000001ed34f2a000
RBP=0x000000160fbfeef0 is pointing into the stack for thread: 0x000001ed34f2a000
RSI=0x000000160fbff020 is pointing into the stack for thread: 0x000001ed34f2a000
RDI=0x000000160fbff010 is pointing into the stack for thread: 0x000001ed34f2a000
R8 =0x000000160fbfedf0 is pointing into the stack for thread: 0x000001ed34f2a000
R9 =0x000001ed34f2a000 is a thread
R10=0x000000160fbff000 is pointing into the stack for thread: 0x000001ed34f2a000
R11=0x000000160fbff010 is pointing into the stack for thread: 0x000001ed34f2a000
R12=0x0 is NULL
R13=0x000000160fbff000 is pointing into the stack for thread: 0x000001ed34f2a000
R14=0x000001ed34f2a000 is a thread
R15=0x0 is NULL


Registers:
RAX=0x0000000000000001, RBX=0x000000160fbf7df0, RCX=0x0000000000001000, RDX=0x0000000000000000
RSP=0x000000160fbfedf0, RBP=0x000000160fbfeef0, RSI=0x000000160fbff020, RDI=0x000000160fbff010
R8 =0x000000160fbfedf0, R9 =0x000001ed34f2a000, R10=0x000000160fbff000, R11=0x000000160fbff010
R12=0x0000000000000000, R13=0x000000160fbff000, R14=0x000001ed34f2a000, R15=0x0000000000000000
RIP=0x00007ffd0ae85623, EFLAGS=0x0000000000010206

Top of Stack: (sp=0x000000160fbfedf0)
0x000000160fbfedf0:   000000160fbfedf0 000000160fbff020
0x000000160fbfee00:   0000000800000820 00007ffd0acf923d
0x000000160fbfee10:   000000074f42b620 000001ed3df00e70
0x000000160fbfee20:   000001ed492dabe0 000001ed34f2a000
0x000000160fbfee30:   000001ed51da7e00 000000074f42b608
0x000000160fbfee40:   0000000000000000 000000160fbff170
0x000000160fbfee50:   0000000000000018 000001ed3e040000
0x000000160fbfee60:   000000160fbff180 00007ffd878d1d32
0x000000160fbfee70:   0000001600000002 0000000000000000
0x000000160fbfee80:   000000160fbff018 ffffffff00000000
0x000000160fbfee90:   000001ed34f2a001 000001ed34f2a000
0x000000160fbfeea0:   000000074f42b608 0038006500300034
0x000000160fbfeeb0:   0000000000000000 000001ed34f2a000
0x000000160fbfeec0:   00007ffd0b377db8 000001ed492dabe0
0x000000160fbfeed0:   000001ed34f2a000 0000000000000000
0x000000160fbfeee0:   0000000000000003 000001ed3e040000 

Instructions: (pc=0x00007ffd0ae85623)
0x00007ffd0ae85523:   03 c8 ff e1 c7 85 98 00 00 00 0a 00 00 00 eb 46
0x00007ffd0ae85533:   c7 85 98 00 00 00 0b 00 00 00 eb 3a c7 85 98 00
0x00007ffd0ae85543:   00 00 06 00 00 00 eb 2e c7 85 98 00 00 00 07 00
0x00007ffd0ae85553:   00 00 eb 22 ba b3 00 00 00 48 8d 0d 05 7c 51 00
0x00007ffd0ae85563:   e8 28 cd ec ff e8 23 28 2b 00 8b 17 c7 85 98 00
0x00007ffd0ae85573:   00 00 63 00 00 00 8d 42 f4 83 f8 01 48 8d 47 08
0x00007ffd0ae85583:   48 89 45 90 49 8b 45 00 0f 96 85 90 00 00 00 8b
0x00007ffd0ae85593:   40 20 c1 e8 03 a8 01 75 0d 48 8b 46 58 4c 8b 20
0x00007ffd0ae855a3:   4c 89 65 e0 eb 0b 48 c7 45 e8 00 00 00 00 45 33
0x00007ffd0ae855b3:   e4 41 83 be 08 04 00 00 03 74 08 49 8b ce e8 3a
0x00007ffd0ae855c3:   e0 3b 00 e8 b5 a5 2b 00 4c 8b c0 49 8b d5 49 8b
0x00007ffd0ae855d3:   ce 48 8b d8 e8 24 ef 2a 00 84 c0 75 1d 4d 8b cd
0x00007ffd0ae855e3:   48 8d 15 7e 7b 51 00 41 b8 a4 01 00 00 49 8b ce
0x00007ffd0ae855f3:   e8 08 ab f4 ff e9 27 03 00 00 48 63 0d a0 90 6f
0x00007ffd0ae85603:   00 33 d2 48 8b 05 d3 65 71 00 48 f7 f1 48 83 f8
0x00007ffd0ae85613:   01 72 16 66 66 0f 1f 84 00 00 00 00 00 48 2b d9
0x00007ffd0ae85623:   c6 03 00 48 83 e8 01 75 f4 4d 85 ff 74 57 49 8b
0x00007ffd0ae85633:   07 49 8b cf ff 90 88 00 00 00 84 c0 0f 84 c8 00
0x00007ffd0ae85643:   00 00 49 8b 07 49 8b cf ff 90 d8 00 00 00 49 89
0x00007ffd0ae85653:   86 f8 03 00 00 49 8b 45 00 48 8b 48 08 48 3b 0d
0x00007ffd0ae85663:   69 b4 6d 00 73 12 48 3b 0d 58 b4 6d 00 72 09 48
0x00007ffd0ae85673:   8b 41 18 48 8b 08 eb 04 48 8b 49 18 48 8b 41 18
0x00007ffd0ae85683:   48 89 44 24 40 4c 8b cf 4c 89 74 24 20 4d 8b c4
0x00007ffd0ae85693:   48 8d 4c 24 50 49 8b d5 e8 50 fa ff ff 49 83 7e
0x00007ffd0ae856a3:   08 00 0f 85 f1 01 00 00 49 8b d6 48 8d 4d f0 e8
0x00007ffd0ae856b3:   d9 7f fc ff 44 8b 7e 68 45 33 e4 41 8b fc 45 85
0x00007ffd0ae856c3:   ff 0f 8e be 00 00 00 41 8b dc 0f 1f 00 48 8b 46
0x00007ffd0ae856d3:   60 0f b6 0c 03 85 c9 0f 84 9a 00 00 00 48 8b 46
0x00007ffd0ae856e3:   58 48 8b 14 d8 83 e9 02 74 72 83 f9 01 74 43 ba
0x00007ffd0ae856f3:   f4 01 00 00 48 8d 0d 6a 7a 51 00 e8 8d cb ec ff
0x00007ffd0ae85703:   e8 88 26 2b 00 49 8b cc eb 5d 4c 8b 0d 2c c6 71
0x00007ffd0ae85713:   00 48 8d 15 4d 7a 51 00 33 c9 41 b8 b1 01 00 00 


Stack slot to memory mapping:
stack at sp + 0 slots: 0x000000160fbfedf0 is pointing into the stack for thread: 0x000001ed34f2a000
stack at sp + 1 slots: 0x000000160fbff020 is pointing into the stack for thread: 0x000001ed34f2a000
stack at sp + 2 slots: 0x0000000800000820 is a pointer to class: 
stack at sp + 3 slots: 0x00007ffd0acf923d jvm.dll
stack at sp + 4 slots: 0x000000074f42b620 is an oop: [B 
{0x000000074f42b620} - klass: {type array byte}
 - length: 32
stack at sp + 5 slots: 0x000001ed3df00e70 points into unknown readable memory: 0x000000028c3400f1 | f1 00 34 8c 02 00 00 00
stack at sp + 6 slots: 0x000001ed492dabe0 points into unknown readable memory: 0x00007ffd0b38b1e8 | e8 b1 38 0b fd 7f 00 00
stack at sp + 7 slots: 0x000001ed34f2a000 is a thread


---------------  P R O C E S S  ---------------

Threads class SMR info:
_java_thread_list=0x000001ed18f74990, length=82, elements={
0x000001ed492d0800, 0x000001ed495bc000, 0x000001ed495c2000, 0x000001ed495d8800,
0x000001ed495d9000, 0x000001ed495de000, 0x000001ed495e1800, 0x000001ed495f8000,
0x000001ed495fc800, 0x000001ed495fb800, 0x000001ed495fb000, 0x000001ed495fd800,
0x000001ed495ff000, 0x000001ed49601800, 0x000001ed49600000, 0x000001ed6d832000,
0x000001ed6d831000, 0x000001ed6d833000, 0x000001ed6d834800, 0x000001ed6d836000,
0x000001ed6d835000, 0x000001ed6d837000, 0x000001ed6d838800, 0x000001ed6d83a000,
0x000001ed49600800, 0x000001ed495fe000, 0x000001ed0f568000, 0x000001ed0f567800,
0x000001ed0f56a800, 0x000001ed0f56b800, 0x000001ed0f569000, 0x000001ed0f56c000,
0x000001ed0f569800, 0x000001ed0f56e800, 0x000001ed0f56d000, 0x000001ed0f56e000,
0x000001ed0f572000, 0x000001ed6d83f000, 0x000001ed6d83b000, 0x000001ed0f572800,
0x000001ed6d840000, 0x000001ed6d83b800, 0x000001ed0f573800, 0x000001ed6d837800,
0x000001ed0f574800, 0x000001ed0f570800, 0x000001ed139f9000, 0x000001ed139fa000,
0x000001ed399a4000, 0x000001ed399a2000, 0x000001ed3999e000, 0x000001ed139ff000,
0x000001ed13a00800, 0x000001ed13a02000, 0x000001ed139ff800, 0x000001ed3999b800,
0x000001ed399a0800, 0x000001ed399a6800, 0x000001ed399a5800, 0x000001ed139fc800,
0x000001ed399a3000, 0x000001ed399a7000, 0x000001ed399a4800, 0x000001ed399a8800,
0x000001ed399a8000, 0x000001ed6d83c800, 0x000001ed399a9800, 0x000001ed399aa800,
0x000001ed139fa800, 0x000001ed13a06000, 0x000001ed13a04800, 0x000001ed139fe000,
0x000001ed13a08000, 0x000001ed34f21000, 0x000001ed34f22000, 0x000001ed34f22800,
0x000001ed34f25000, 0x000001ed34f23800, 0x000001ed34f26000, 0x000001ed34f24000,
0x000001ed34f29000, 0x000001ed34f2a000
}

Java Threads: ( => current thread )
  0x000001ed492d0800 JavaThread "main" [_thread_blocked, id=64384, stack(0x000000167d000000,0x000000167d100000)]
  0x000001ed495bc000 JavaThread "Reference Handler" daemon [_thread_blocked, id=60676, stack(0x000000167d700000,0x000000167dc00000)]
  0x000001ed495c2000 JavaThread "Finalizer" daemon [_thread_blocked, id=83124, stack(0x000000167dc00000,0x000000167e100000)]
  0x000001ed495d8800 JavaThread "Signal Dispatcher" daemon [_thread_blocked, id=86512, stack(0x000000167e100000,0x000000167e600000)]
  0x000001ed495d9000 JavaThread "Attach Listener" daemon [_thread_blocked, id=86400, stack(0x000000167e600000,0x000000167eb00000)]
  0x000001ed495de000 JavaThread "Service Thread" daemon [_thread_blocked, id=77580, stack(0x000000167eb00000,0x000000167f000000)]
  0x000001ed495e1800 JavaThread "C2 CompilerThread0" daemon [_thread_blocked, id=67248, stack(0x000000167f000000,0x000000167f100000)]
  0x000001ed495f8000 JavaThread "C1 CompilerThread0" daemon [_thread_blocked, id=7036, stack(0x000000167f100000,0x000000167f200000)]
  0x000001ed495fc800 JavaThread "Sweeper thread" daemon [_thread_blocked, id=77276, stack(0x000000167f200000,0x000000167f700000)]
  0x000001ed495fb800 JavaThread "Common-Cleaner" daemon [_thread_blocked, id=94120, stack(0x000000167fa00000,0x000000167ff00000)]
  0x000001ed495fb000 JavaThread "Java2D Disposer" daemon [_thread_blocked, id=97712, stack(0x0000001600200000,0x0000001600700000)]
  0x000001ed495fd800 JavaThread "AWT-Windows" daemon [_thread_in_native, id=77816, stack(0x0000001600c00000,0x0000001601100000)]
  0x000001ed495ff000 JavaThread "TimerQueue" daemon [_thread_blocked, id=80724, stack(0x0000001600700000,0x0000001600c00000)]
  0x000001ed49601800 JavaThread "AWT-Shutdown" [_thread_blocked, id=85740, stack(0x0000001602000000,0x0000001602500000)]
  0x000001ed49600000 JavaThread "AWT-EventQueue-0" [_thread_blocked, id=78852, stack(0x0000001602500000,0x0000001602a00000)]
  0x000001ed6d832000 JavaThread "Thread-1" [_thread_in_native, id=42904, stack(0x000000167b800000,0x000000167cc00000)]
  0x000001ed6d831000 JavaThread "Process Messages Thread" [_thread_blocked, id=93584, stack(0x0000001603100000,0x0000001603600000)]
  0x000001ed6d833000 JavaThread "Batik CleanerThread" daemon [_thread_blocked, id=78216, stack(0x0000001602c00000,0x0000001603100000)]
  0x000001ed6d834800 JavaThread "SyntheticaCleanerThread" daemon [_thread_blocked, id=103420, stack(0x0000001603b00000,0x0000001604000000)]
  0x000001ed6d836000 JavaThread "Monitor HEventQueue Thread" [_thread_blocked, id=39980, stack(0x0000001604b00000,0x0000001605000000)]
  0x000001ed6d835000 JavaThread "SyntheticaAnimation 50" daemon [_thread_blocked, id=96332, stack(0x0000001605100000,0x0000001605600000)]
  0x000001ed6d837000 JavaThread "SyntheticaAnimation 25" daemon [_thread_blocked, id=97576, stack(0x0000001605800000,0x0000001605d00000)]
  0x000001ed6d838800 JavaThread "SyntheticaAnimation 70" daemon [_thread_blocked, id=29248, stack(0x0000001606200000,0x0000001606700000)]
  0x000001ed6d83a000 JavaThread "hw_ila_monitor" [_thread_blocked, id=79036, stack(0x0000001604000000,0x0000001604500000)]
  0x000001ed49600800 JavaThread "pool-1-thread-1" [_thread_blocked, id=81852, stack(0x0000001607100000,0x0000001607600000)]
  0x000001ed495fe000 JavaThread "pool-2-thread-1" [_thread_blocked, id=55396, stack(0x0000001607600000,0x0000001607b00000)]
  0x000001ed0f568000 JavaThread "pool-3-thread-1" [_thread_blocked, id=76388, stack(0x0000001607b00000,0x0000001608000000)]
  0x000001ed0f567800 JavaThread "pool-4-thread-1" [_thread_blocked, id=95848, stack(0x0000001608000000,0x0000001608500000)]
  0x000001ed0f56a800 JavaThread "pool-5-thread-1" [_thread_blocked, id=92920, stack(0x0000001608500000,0x0000001608a00000)]
  0x000001ed0f56b800 JavaThread "pool-6-thread-1" [_thread_blocked, id=101620, stack(0x0000001608a00000,0x0000001608f00000)]
  0x000001ed0f569000 JavaThread "pool-7-thread-1" [_thread_blocked, id=99056, stack(0x0000001608f00000,0x0000001609400000)]
  0x000001ed0f56c000 JavaThread "pool-8-thread-1" [_thread_blocked, id=61340, stack(0x0000001609400000,0x0000001609900000)]
  0x000001ed0f569800 JavaThread "pool-9-thread-1" [_thread_blocked, id=96296, stack(0x0000001609900000,0x0000001609e00000)]
  0x000001ed0f56e800 JavaThread "pool-10-thread-1" [_thread_blocked, id=13640, stack(0x0000001609e00000,0x000000160a300000)]
  0x000001ed0f56d000 JavaThread "pool-11-thread-1" [_thread_blocked, id=97652, stack(0x000000160a300000,0x000000160a800000)]
  0x000001ed0f56e000 JavaThread "Thread-29" [_thread_in_native, id=66044, stack(0x0000001605600000,0x0000001605700000)]
  0x000001ed0f572000 JavaThread "SyntheticaAnimation 50" daemon [_thread_blocked, id=100000, stack(0x0000001606700000,0x0000001606c00000)]
  0x000001ed6d83f000 JavaThread "pool-12-thread-1" [_thread_blocked, id=38176, stack(0x000000160b200000,0x000000160b700000)]
  0x000001ed6d83b000 JavaThread "pool-13-thread-1" [_thread_blocked, id=91356, stack(0x000000160b700000,0x000000160bc00000)]
  0x000001ed0f572800 JavaThread "pool-14-thread-1" [_thread_blocked, id=29168, stack(0x000000160bc00000,0x000000160c100000)]
  0x000001ed6d840000 JavaThread "pool-15-thread-1" [_thread_blocked, id=30076, stack(0x000000160cb00000,0x000000160d000000)]
  0x000001ed6d83b800 JavaThread "pool-16-thread-1" [_thread_blocked, id=45288, stack(0x000000160ad00000,0x000000160b200000)]
  0x000001ed0f573800 JavaThread "QuantumRenderer-0" daemon [_thread_blocked, id=46916, stack(0x000000160c100000,0x000000160c600000)]
  0x000001ed6d837800 JavaThread "InvokeLaterDispatcher" daemon [_thread_blocked, id=47100, stack(0x000000160c600000,0x000000160cb00000)]
  0x000001ed0f574800 JavaThread "JavaFX Application Thread" [_thread_in_native, id=53748, stack(0x000000160d000000,0x000000160d500000)]
  0x000001ed0f570800 JavaThread "Thread-1617" daemon [_thread_in_native, id=103792, stack(0x000000160da00000,0x000000160db00000)]
  0x000001ed139f9000 JavaThread "Prism Font Disposer" daemon [_thread_blocked, id=48268, stack(0x0000001605d00000,0x0000001606200000)]
  0x000001ed139fa000 JavaThread "Disposer" daemon [_thread_blocked, id=23624, stack(0x000000160db00000,0x000000160e000000)]
  0x000001ed399a4000 JavaThread "Cleaner-0" daemon [_thread_blocked, id=24180, stack(0x0000001611300000,0x0000001611800000)]
  0x000001ed399a2000 JavaThread "pool-19-thread-1" [_thread_blocked, id=92120, stack(0x000000160e400000,0x000000160e900000)]
  0x000001ed3999e000 JavaThread "pool-20-thread-1" [_thread_blocked, id=30656, stack(0x0000001606c00000,0x0000001607100000)]
  0x000001ed139ff000 JavaThread "pool-21-thread-1" [_thread_blocked, id=10036, stack(0x0000001610300000,0x0000001610800000)]
  0x000001ed13a00800 JavaThread "pool-22-thread-1" [_thread_blocked, id=52512, stack(0x0000001611800000,0x0000001611d00000)]
  0x000001ed13a02000 JavaThread "pool-23-thread-1" [_thread_blocked, id=56592, stack(0x0000001611d00000,0x0000001612200000)]
  0x000001ed139ff800 JavaThread "pool-24-thread-1" [_thread_blocked, id=70352, stack(0x0000001612200000,0x0000001612700000)]
  0x000001ed3999b800 JavaThread "pool-25-thread-1" [_thread_blocked, id=67340, stack(0x0000001612c00000,0x0000001613100000)]
  0x000001ed399a0800 JavaThread "pool-26-thread-1" [_thread_blocked, id=54224, stack(0x000000160fe00000,0x0000001610300000)]
  0x000001ed399a6800 JavaThread "pool-27-thread-1" [_thread_blocked, id=60068, stack(0x0000001613100000,0x0000001613600000)]
  0x000001ed399a5800 JavaThread "SyntheticaAnimation 50" daemon [_thread_blocked, id=63844, stack(0x0000001613600000,0x0000001613b00000)]
  0x000001ed139fc800 JavaThread "Swing-Shell" daemon [_thread_blocked, id=35148, stack(0x000000160a800000,0x000000160ad00000)]
  0x000001ed399a3000 JavaThread "Refresh Filesets Swing Worker Thread" [_thread_in_vm, id=46348, stack(0x000000160f200000,0x000000160f700000)]
  0x000001ed399a7000 JavaThread "pool-29-thread-1" [_thread_blocked, id=76932, stack(0x0000001610d00000,0x0000001611200000)]
  0x000001ed399a4800 JavaThread "pool-30-thread-1" [_thread_blocked, id=32092, stack(0x0000001612700000,0x0000001612c00000)]
  0x000001ed399a8800 JavaThread "pool-31-thread-1" [_thread_blocked, id=45808, stack(0x0000001613b00000,0x0000001614000000)]
  0x000001ed399a8000 JavaThread "Update Runs Swing Worker Thread" [_thread_blocked, id=88028, stack(0x0000001614000000,0x0000001614500000)]
  0x000001ed6d83c800 JavaThread "SocketStreamHandle-2" daemon [_thread_in_native, id=2816, stack(0x0000001614a00000,0x0000001614f00000)]
  0x000001ed399a9800 JavaThread "RunnableQueue-0" daemon [_thread_blocked, id=35892, stack(0x0000001610800000,0x0000001610d00000)]
  0x000001ed399aa800 JavaThread "Timer-0" daemon [_thread_blocked, id=84936, stack(0x0000001614f00000,0x0000001615400000)]
  0x000001ed139fa800 JavaThread "Image Animator 3" daemon [_thread_blocked, id=19224, stack(0x000000160eb00000,0x000000160f000000)]
  0x000001ed13a06000 JavaThread "Timer-1" [_thread_blocked, id=102840, stack(0x0000001614500000,0x0000001614a00000)]
  0x000001ed13a04800 JavaThread "Monitor File Timestamp Swing Worker Thread" [_thread_blocked, id=12772, stack(0x0000001615400000,0x0000001615900000)]
  0x000001ed139fe000 JavaThread "Thread-90333" [_thread_in_native, id=88432, stack(0x0000001601700000,0x0000001601800000)]
  0x000001ed13a08000 JavaThread "Thread-90334" [_thread_in_native, id=3284, stack(0x0000001601800000,0x0000001601900000)]
  0x000001ed34f21000 JavaThread "pool-33-thread-1" [_thread_blocked, id=47040, stack(0x0000001615e00000,0x0000001616300000)]
  0x000001ed34f22000 JavaThread "pool-34-thread-1" [_thread_blocked, id=54052, stack(0x0000001616300000,0x0000001616800000)]
  0x000001ed34f22800 JavaThread "pool-35-thread-1" [_thread_blocked, id=95216, stack(0x0000001616800000,0x0000001616d00000)]
  0x000001ed34f25000 JavaThread "pool-36-thread-1" [_thread_blocked, id=76448, stack(0x0000001616d00000,0x0000001617200000)]
  0x000001ed34f23800 JavaThread "pool-37-thread-1" [_thread_blocked, id=28836, stack(0x0000001617200000,0x0000001617700000)]
  0x000001ed34f26000 JavaThread "pool-38-thread-1" [_thread_blocked, id=84796, stack(0x0000001617700000,0x0000001617c00000)]
  0x000001ed34f24000 JavaThread "pool-39-thread-1" [_thread_blocked, id=60128, stack(0x0000001617c00000,0x0000001618100000)]
  0x000001ed34f29000 JavaThread "Image Animator 1" daemon [_thread_blocked, id=78656, stack(0x0000001618600000,0x0000001618b00000)]
=>0x000001ed34f2a000 JavaThread "Messages View GetMessages Thread" [_thread_in_vm, id=67820, stack(0x000000160f700000,0x000000160fc00000)]

Other Threads:
  0x000001ed495ba000 VMThread "VM Thread" [stack: 0x000000167d600000,0x000000167d700000] [id=94324]
  0x000001ed6a217000 WatcherThread [stack: 0x000000167ff00000,0x0000001680000000] [id=98496]
  0x000001ed492e1800 GCTaskThread "GC Thread#0" [stack: 0x000000167d100000,0x000000167d200000] [id=6820]
  0x000001ed6acdb800 GCTaskThread "GC Thread#1" [stack: 0x0000001601100000,0x0000001601200000] [id=93624]
  0x000001ed6d220000 GCTaskThread "GC Thread#2" [stack: 0x0000001601200000,0x0000001601300000] [id=91896]
  0x000001ed6d27e800 GCTaskThread "GC Thread#3" [stack: 0x0000001601300000,0x0000001601400000] [id=59432]
  0x000001ed6d27f800 GCTaskThread "GC Thread#4" [stack: 0x0000001601400000,0x0000001601500000] [id=92996]
  0x000001ed6c9a6000 GCTaskThread "GC Thread#5" [stack: 0x0000001601500000,0x0000001601600000] [id=42312]
  0x000001ed6cad0800 GCTaskThread "GC Thread#6" [stack: 0x0000001600000000,0x0000001600100000] [id=95684]
  0x000001ed6d21e000 GCTaskThread "GC Thread#7" [stack: 0x0000001600100000,0x0000001600200000] [id=78600]
  0x000001ed6dd54800 GCTaskThread "GC Thread#8" [stack: 0x0000001601b00000,0x0000001601c00000] [id=27220]
  0x000001ed6c79e800 GCTaskThread "GC Thread#9" [stack: 0x0000001601c00000,0x0000001601d00000] [id=86716]
  0x000001ed6fb8a800 GCTaskThread "GC Thread#10" [stack: 0x0000001604500000,0x0000001604600000] [id=95560]
  0x000001ed74c20800 GCTaskThread "GC Thread#11" [stack: 0x0000001604600000,0x0000001604700000] [id=26504]
  0x000001ed7712b800 GCTaskThread "GC Thread#12" [stack: 0x0000001605000000,0x0000001605100000] [id=28636]
  0x000001ed4931e800 ConcurrentGCThread "G1 Main Marker" [stack: 0x000000167d200000,0x000000167d300000] [id=17540]
  0x000001ed49327000 ConcurrentGCThread "G1 Conc#0" [stack: 0x000000167d300000,0x000000167d400000] [id=7224]
  0x000001ed6d9ed000 ConcurrentGCThread "G1 Conc#1" [stack: 0x0000001602a00000,0x0000001602b00000] [id=75584]
  0x000001ed6d967800 ConcurrentGCThread "G1 Conc#2" [stack: 0x0000001602b00000,0x0000001602c00000] [id=89416]
  0x000001ed4931f800 ConcurrentGCThread "G1 Refine#0" [stack: 0x000000167d400000,0x000000167d500000] [id=93040]
  0x000001ed49467000 ConcurrentGCThread "G1 Young RemSet Sampling" [stack: 0x000000167d500000,0x000000167d600000] [id=84248]

Threads with active compile tasks:

VM state:not at safepoint (normal execution)

VM Mutex/Monitor currently owned by a thread: None

Heap address: 0x0000000740000000, size: 3072 MB, Compressed Oops mode: Zero based, Oop shift amount: 3
Narrow klass base: 0x0000000800000000, Narrow klass shift: 0
Compressed class space size: 1073741824 Address: 0x0000000800000000

Heap:
 garbage-first heap   total 269312K, used 159011K [0x0000000740000000, 0x0000000800000000)
  region size 1024K, 22 young (22528K), 3 survivors (3072K)
 Metaspace       used 119021K, capacity 120888K, committed 125164K, reserved 1157120K
  class space    used 16212K, capacity 16996K, committed 18548K, reserved 1048576K
Heap Regions: E=young(eden), S=young(survivor), O=old, HS=humongous(starts), HC=humongous(continues), CS=collection set, F=free, A=archive, TAMS=top-at-mark-start (previous, next)
|   0|0x0000000740000000, 0x0000000740100000, 0x0000000740100000|100%|HS|  |TAMS 0x0000000740000000, 0x0000000740000000| Untracked 
|   1|0x0000000740100000, 0x0000000740200000, 0x0000000740200000|100%|HC|  |TAMS 0x0000000740100000, 0x0000000740100000| Untracked 
|   2|0x0000000740200000, 0x0000000740300000, 0x0000000740300000|100%|HS|  |TAMS 0x0000000740200000, 0x0000000740200000| Untracked 
|   3|0x0000000740300000, 0x0000000740400000, 0x0000000740400000|100%|HS|  |TAMS 0x0000000740300000, 0x0000000740300000| Untracked 
|   4|0x0000000740400000, 0x0000000740500000, 0x0000000740500000|100%| O|  |TAMS 0x0000000740400000, 0x0000000740400000| Untracked 
|   5|0x0000000740500000, 0x00000007405ffff8, 0x0000000740600000| 99%| O|  |TAMS 0x0000000740500000, 0x0000000740500000| Untracked 
|   6|0x0000000740600000, 0x00000007406fffe8, 0x0000000740700000| 99%| O|  |TAMS 0x0000000740600000, 0x0000000740600000| Untracked 
|   7|0x0000000740700000, 0x00000007407fffe8, 0x0000000740800000| 99%| O|  |TAMS 0x0000000740700000, 0x0000000740700000| Untracked 
|   8|0x0000000740800000, 0x00000007408fffd8, 0x0000000740900000| 99%| O|  |TAMS 0x0000000740800000, 0x0000000740800000| Untracked 
|   9|0x0000000740900000, 0x00000007409ffff8, 0x0000000740a00000| 99%| O|  |TAMS 0x0000000740900000, 0x0000000740900000| Untracked 
|  10|0x0000000740a00000, 0x0000000740afffe8, 0x0000000740b00000| 99%| O|  |TAMS 0x0000000740a00000, 0x0000000740a00000| Untracked 
|  11|0x0000000740b00000, 0x0000000740bffff8, 0x0000000740c00000| 99%| O|  |TAMS 0x0000000740b00000, 0x0000000740b00000| Untracked 
|  12|0x0000000740c00000, 0x0000000740d00000, 0x0000000740d00000|100%| O|  |TAMS 0x0000000740c00000, 0x0000000740c00000| Untracked 
|  13|0x0000000740d00000, 0x0000000740dffff8, 0x0000000740e00000| 99%| O|  |TAMS 0x0000000740d00000, 0x0000000740d00000| Untracked 
|  14|0x0000000740e00000, 0x0000000740effff8, 0x0000000740f00000| 99%| O|  |TAMS 0x0000000740e00000, 0x0000000740e00000| Untracked 
|  15|0x0000000740f00000, 0x0000000740fffff8, 0x0000000741000000| 99%| O|  |TAMS 0x0000000740f00000, 0x0000000740f00000| Untracked 
|  16|0x0000000741000000, 0x00000007410ffff8, 0x0000000741100000| 99%| O|  |TAMS 0x0000000741000000, 0x0000000741000000| Untracked 
|  17|0x0000000741100000, 0x00000007411fffc8, 0x0000000741200000| 99%| O|  |TAMS 0x0000000741100000, 0x0000000741100000| Untracked 
|  18|0x0000000741200000, 0x00000007412fffd8, 0x0000000741300000| 99%| O|  |TAMS 0x0000000741200000, 0x0000000741200000| Untracked 
|  19|0x0000000741300000, 0x00000007413fffc8, 0x0000000741400000| 99%| O|  |TAMS 0x0000000741300000, 0x0000000741300000| Untracked 
|  20|0x0000000741400000, 0x0000000741500000, 0x0000000741500000|100%| O|  |TAMS 0x0000000741400000, 0x0000000741400000| Untracked 
|  21|0x0000000741500000, 0x00000007415fffe0, 0x0000000741600000| 99%| O|  |TAMS 0x0000000741500000, 0x0000000741500000| Untracked 
|  22|0x0000000741600000, 0x00000007416fffc8, 0x0000000741700000| 99%| O|  |TAMS 0x0000000741600000, 0x0000000741600000| Untracked 
|  23|0x0000000741700000, 0x00000007417fffe0, 0x0000000741800000| 99%| O|  |TAMS 0x0000000741700000, 0x0000000741700000| Untracked 
|  24|0x0000000741800000, 0x00000007418ffff0, 0x0000000741900000| 99%| O|  |TAMS 0x0000000741800000, 0x0000000741800000| Untracked 
|  25|0x0000000741900000, 0x00000007419ffff0, 0x0000000741a00000| 99%| O|  |TAMS 0x0000000741900000, 0x0000000741900000| Untracked 
|  26|0x0000000741a00000, 0x0000000741affff0, 0x0000000741b00000| 99%| O|  |TAMS 0x0000000741a00000, 0x0000000741a00000| Untracked 
|  27|0x0000000741b00000, 0x0000000741c00000, 0x0000000741c00000|100%| O|  |TAMS 0x0000000741b00000, 0x0000000741b00000| Untracked 
|  28|0x0000000741c00000, 0x0000000741d00000, 0x0000000741d00000|100%| O|  |TAMS 0x0000000741c00000, 0x0000000741c00000| Untracked 
|  29|0x0000000741d00000, 0x0000000741e00000, 0x0000000741e00000|100%| O|  |TAMS 0x0000000741d00000, 0x0000000741d00000| Untracked 
|  30|0x0000000741e00000, 0x0000000741efffe0, 0x0000000741f00000| 99%| O|  |TAMS 0x0000000741e00000, 0x0000000741e00000| Untracked 
|  31|0x0000000741f00000, 0x0000000741ffffe8, 0x0000000742000000| 99%| O|  |TAMS 0x0000000741f00000, 0x0000000741f00000| Untracked 
|  32|0x0000000742000000, 0x00000007420ffff0, 0x0000000742100000| 99%| O|  |TAMS 0x0000000742000000, 0x0000000742000000| Untracked 
|  33|0x0000000742100000, 0x00000007421fffe0, 0x0000000742200000| 99%| O|  |TAMS 0x0000000742100000, 0x0000000742100000| Untracked 
|  34|0x0000000742200000, 0x00000007422fffd8, 0x0000000742300000| 99%| O|  |TAMS 0x0000000742200000, 0x0000000742200000| Untracked 
|  35|0x0000000742300000, 0x0000000742400000, 0x0000000742400000|100%| O|  |TAMS 0x0000000742300000, 0x0000000742300000| Untracked 
|  36|0x0000000742400000, 0x0000000742500000, 0x0000000742500000|100%| O|  |TAMS 0x0000000742400000, 0x0000000742400000| Untracked 
|  37|0x0000000742500000, 0x00000007425ff710, 0x0000000742600000| 99%| O|  |TAMS 0x0000000742500000, 0x0000000742500000| Untracked 
|  38|0x0000000742600000, 0x00000007426ffff8, 0x0000000742700000| 99%| O|  |TAMS 0x0000000742600000, 0x0000000742600000| Untracked 
|  39|0x0000000742700000, 0x00000007427fffa0, 0x0000000742800000| 99%| O|  |TAMS 0x0000000742700000, 0x0000000742700000| Untracked 
|  40|0x0000000742800000, 0x00000007428ffff8, 0x0000000742900000| 99%| O|  |TAMS 0x0000000742800000, 0x0000000742800000| Untracked 
|  41|0x0000000742900000, 0x00000007429ffff8, 0x0000000742a00000| 99%| O|  |TAMS 0x0000000742900000, 0x0000000742900000| Untracked 
|  42|0x0000000742a00000, 0x0000000742aff038, 0x0000000742b00000| 99%| O|  |TAMS 0x0000000742a00000, 0x0000000742a00000| Untracked 
|  43|0x0000000742b00000, 0x0000000742c00000, 0x0000000742c00000|100%| O|  |TAMS 0x0000000742b00000, 0x0000000742b00000| Untracked 
|  44|0x0000000742c00000, 0x0000000742cfffa8, 0x0000000742d00000| 99%| O|  |TAMS 0x0000000742c00000, 0x0000000742c00000| Untracked 
|  45|0x0000000742d00000, 0x0000000742dfffe8, 0x0000000742e00000| 99%| O|  |TAMS 0x0000000742d00000, 0x0000000742d00000| Untracked 
|  46|0x0000000742e00000, 0x0000000742effff8, 0x0000000742f00000| 99%| O|  |TAMS 0x0000000742e00000, 0x0000000742e00000| Untracked 
|  47|0x0000000742f00000, 0x0000000742fffc98, 0x0000000743000000| 99%| O|  |TAMS 0x0000000742f00000, 0x0000000742f00000| Untracked 
|  48|0x0000000743000000, 0x00000007430fd0d8, 0x0000000743100000| 98%| O|  |TAMS 0x0000000743000000, 0x0000000743000000| Untracked 
|  49|0x0000000743100000, 0x0000000743200000, 0x0000000743200000|100%| O|  |TAMS 0x0000000743100000, 0x0000000743100000| Untracked 
|  50|0x0000000743200000, 0x00000007432fff98, 0x0000000743300000| 99%| O|  |TAMS 0x0000000743200000, 0x0000000743200000| Untracked 
|  51|0x0000000743300000, 0x00000007433ffe60, 0x0000000743400000| 99%| O|  |TAMS 0x0000000743300000, 0x0000000743300000| Untracked 
|  52|0x0000000743400000, 0x00000007434fffd0, 0x0000000743500000| 99%| O|  |TAMS 0x0000000743400000, 0x0000000743400000| Untracked 
|  53|0x0000000743500000, 0x00000007435ffff8, 0x0000000743600000| 99%| O|  |TAMS 0x0000000743500000, 0x0000000743500000| Untracked 
|  54|0x0000000743600000, 0x0000000743700000, 0x0000000743700000|100%| O|  |TAMS 0x0000000743600000, 0x0000000743600000| Untracked 
|  55|0x0000000743700000, 0x00000007437ffff8, 0x0000000743800000| 99%| O|  |TAMS 0x0000000743700000, 0x0000000743700000| Untracked 
|  56|0x0000000743800000, 0x00000007438ffff8, 0x0000000743900000| 99%| O|  |TAMS 0x0000000743800000, 0x0000000743800000| Untracked 
|  57|0x0000000743900000, 0x0000000743a00000, 0x0000000743a00000|100%| O|  |TAMS 0x0000000743900000, 0x0000000743900000| Untracked 
|  58|0x0000000743a00000, 0x0000000743afff20, 0x0000000743b00000| 99%| O|  |TAMS 0x0000000743a00000, 0x0000000743a00000| Untracked 
|  59|0x0000000743b00000, 0x0000000743bfff40, 0x0000000743c00000| 99%| O|  |TAMS 0x0000000743b00000, 0x0000000743b00000| Untracked 
|  60|0x0000000743c00000, 0x0000000743cffff0, 0x0000000743d00000| 99%| O|  |TAMS 0x0000000743c00000, 0x0000000743c00000| Untracked 
|  61|0x0000000743d00000, 0x0000000743dffff0, 0x0000000743e00000| 99%| O|  |TAMS 0x0000000743d00000, 0x0000000743d00000| Untracked 
|  62|0x0000000743e00000, 0x0000000743efe3e8, 0x0000000743f00000| 99%| O|  |TAMS 0x0000000743e00000, 0x0000000743e00000| Untracked 
|  63|0x0000000743f00000, 0x0000000743ffff10, 0x0000000744000000| 99%| O|  |TAMS 0x0000000743f00000, 0x0000000743f00000| Untracked 
|  64|0x0000000744000000, 0x0000000744100000, 0x0000000744100000|100%| O|  |TAMS 0x0000000744000000, 0x0000000744000000| Untracked 
|  65|0x0000000744100000, 0x00000007441ffff8, 0x0000000744200000| 99%| O|  |TAMS 0x0000000744100000, 0x0000000744100000| Untracked 
|  66|0x0000000744200000, 0x0000000744300000, 0x0000000744300000|100%| O|  |TAMS 0x0000000744200000, 0x0000000744200000| Untracked 
|  67|0x0000000744300000, 0x00000007443ffff8, 0x0000000744400000| 99%| O|  |TAMS 0x0000000744300000, 0x0000000744300000| Untracked 
|  68|0x0000000744400000, 0x00000007444fffe8, 0x0000000744500000| 99%| O|  |TAMS 0x0000000744400000, 0x0000000744400000| Untracked 
|  69|0x0000000744500000, 0x00000007445ff4f8, 0x0000000744600000| 99%| O|  |TAMS 0x0000000744500000, 0x0000000744500000| Untracked 
|  70|0x0000000744600000, 0x0000000744700000, 0x0000000744700000|100%| O|  |TAMS 0x0000000744600000, 0x0000000744600000| Untracked 
|  71|0x0000000744700000, 0x00000007447fffa0, 0x0000000744800000| 99%| O|  |TAMS 0x0000000744700000, 0x0000000744700000| Untracked 
|  72|0x0000000744800000, 0x00000007448ffeb0, 0x0000000744900000| 99%| O|  |TAMS 0x0000000744800000, 0x0000000744800000| Untracked 
|  73|0x0000000744900000, 0x00000007449ffff8, 0x0000000744a00000| 99%| O|  |TAMS 0x0000000744900000, 0x0000000744900000| Untracked 
|  74|0x0000000744a00000, 0x0000000744afffe8, 0x0000000744b00000| 99%| O|  |TAMS 0x0000000744a00000, 0x0000000744a00000| Untracked 
|  75|0x0000000744b00000, 0x0000000744bfe968, 0x0000000744c00000| 99%| O|  |TAMS 0x0000000744b00000, 0x0000000744b00000| Untracked 
|  76|0x0000000744c00000, 0x0000000744cffff0, 0x0000000744d00000| 99%| O|  |TAMS 0x0000000744c00000, 0x0000000744c00000| Untracked 
|  77|0x0000000744d00000, 0x0000000744dffff8, 0x0000000744e00000| 99%| O|  |TAMS 0x0000000744d00000, 0x0000000744d00000| Untracked 
|  78|0x0000000744e00000, 0x0000000744efeb78, 0x0000000744f00000| 99%| O|  |TAMS 0x0000000744e00000, 0x0000000744e00000| Untracked 
|  79|0x0000000744f00000, 0x0000000744fffff0, 0x0000000745000000| 99%| O|  |TAMS 0x0000000744f00000, 0x0000000744f00000| Untracked 
|  80|0x0000000745000000, 0x0000000745100000, 0x0000000745100000|100%|HS|  |TAMS 0x0000000745000000, 0x0000000745000000| Untracked 
|  81|0x0000000745100000, 0x00000007451ffff8, 0x0000000745200000| 99%| O|  |TAMS 0x0000000745100000, 0x0000000745100000| Untracked 
|  82|0x0000000745200000, 0x0000000745300000, 0x0000000745300000|100%| O|  |TAMS 0x0000000745200000, 0x0000000745200000| Untracked 
|  83|0x0000000745300000, 0x00000007453ffff8, 0x0000000745400000| 99%| O|  |TAMS 0x0000000745300000, 0x0000000745300000| Untracked 
|  84|0x0000000745400000, 0x0000000745500000, 0x0000000745500000|100%| O|  |TAMS 0x0000000745400000, 0x0000000745400000| Untracked 
|  85|0x0000000745500000, 0x00000007455fff08, 0x0000000745600000| 99%| O|  |TAMS 0x0000000745500000, 0x0000000745500000| Untracked 
|  86|0x0000000745600000, 0x00000007456ffff0, 0x0000000745700000| 99%| O|  |TAMS 0x0000000745600000, 0x0000000745600000| Untracked 
|  87|0x0000000745700000, 0x00000007457ffff8, 0x0000000745800000| 99%| O|  |TAMS 0x0000000745700000, 0x0000000745700000| Untracked 
|  88|0x0000000745800000, 0x00000007458ffff8, 0x0000000745900000| 99%| O|  |TAMS 0x0000000745800000, 0x0000000745800000| Untracked 
|  89|0x0000000745900000, 0x0000000745a00000, 0x0000000745a00000|100%|HS|  |TAMS 0x0000000745900000, 0x0000000745900000| Untracked 
|  90|0x0000000745a00000, 0x0000000745b00000, 0x0000000745b00000|100%|HC|  |TAMS 0x0000000745a00000, 0x0000000745a00000| Untracked 
|  91|0x0000000745b00000, 0x0000000745c00000, 0x0000000745c00000|100%|HC|  |TAMS 0x0000000745b00000, 0x0000000745b00000| Untracked 
|  92|0x0000000745c00000, 0x0000000745d00000, 0x0000000745d00000|100%|HC|  |TAMS 0x0000000745c00000, 0x0000000745c00000| Untracked 
|  93|0x0000000745d00000, 0x0000000745dffff0, 0x0000000745e00000| 99%| O|  |TAMS 0x0000000745d00000, 0x0000000745d00000| Untracked 
|  94|0x0000000745e00000, 0x0000000745efea78, 0x0000000745f00000| 99%| O|  |TAMS 0x0000000745e00000, 0x0000000745e00000| Untracked 
|  95|0x0000000745f00000, 0x0000000745fffff0, 0x0000000746000000| 99%| O|  |TAMS 0x0000000745f00000, 0x0000000745f00000| Untracked 
|  96|0x0000000746000000, 0x00000007460ffe30, 0x0000000746100000| 99%| O|  |TAMS 0x0000000746000000, 0x0000000746000000| Untracked 
|  97|0x0000000746100000, 0x00000007461fea60, 0x0000000746200000| 99%| O|  |TAMS 0x0000000746100000, 0x0000000746100000| Untracked 
|  98|0x0000000746200000, 0x00000007462ffe08, 0x0000000746300000| 99%| O|  |TAMS 0x0000000746200000, 0x0000000746200000| Untracked 
|  99|0x0000000746300000, 0x00000007463ffff8, 0x0000000746400000| 99%| O|  |TAMS 0x0000000746300000, 0x0000000746300000| Untracked 
| 100|0x0000000746400000, 0x00000007464ffff8, 0x0000000746500000| 99%| O|  |TAMS 0x0000000746400000, 0x0000000746400000| Untracked 
| 101|0x0000000746500000, 0x00000007465fffe0, 0x0000000746600000| 99%| O|  |TAMS 0x0000000746500000, 0x0000000746500000| Untracked 
| 102|0x0000000746600000, 0x00000007466ffff8, 0x0000000746700000| 99%| O|  |TAMS 0x0000000746600000, 0x0000000746600000| Untracked 
| 103|0x0000000746700000, 0x00000007467ffff0, 0x0000000746800000| 99%| O|  |TAMS 0x0000000746700000, 0x0000000746700000| Untracked 
| 104|0x0000000746800000, 0x00000007468ffff0, 0x0000000746900000| 99%| O|  |TAMS 0x0000000746800000, 0x0000000746800000| Untracked 
| 105|0x0000000746900000, 0x00000007469ffff8, 0x0000000746a00000| 99%| O|  |TAMS 0x0000000746900000, 0x0000000746900000| Untracked 
| 106|0x0000000746a00000, 0x0000000746a16178, 0x0000000746b00000|  8%| O|  |TAMS 0x0000000746a00000, 0x0000000746a00000| Untracked 
| 107|0x0000000746b00000, 0x0000000746bffff8, 0x0000000746c00000| 99%| O|  |TAMS 0x0000000746b00000, 0x0000000746b00000| Untracked 
| 108|0x0000000746c00000, 0x0000000746cfffd8, 0x0000000746d00000| 99%| O|  |TAMS 0x0000000746c00000, 0x0000000746c00000| Untracked 
| 109|0x0000000746d00000, 0x0000000746dffff8, 0x0000000746e00000| 99%| O|  |TAMS 0x0000000746d00000, 0x0000000746d00000| Untracked 
| 110|0x0000000746e00000, 0x0000000746effff8, 0x0000000746f00000| 99%| O|  |TAMS 0x0000000746e00000, 0x0000000746e00000| Untracked 
| 111|0x0000000746f00000, 0x0000000747000000, 0x0000000747000000|100%| O|  |TAMS 0x0000000746f00000, 0x0000000746f00000| Untracked 
| 112|0x0000000747000000, 0x00000007470a39f0, 0x0000000747100000| 63%| O|  |TAMS 0x0000000747000000, 0x0000000747000000| Untracked 
| 113|0x0000000747100000, 0x00000007471ffff8, 0x0000000747200000| 99%| O|  |TAMS 0x0000000747100000, 0x0000000747100000| Untracked 
| 114|0x0000000747200000, 0x0000000747300000, 0x0000000747300000|100%|HS|  |TAMS 0x0000000747200000, 0x0000000747200000| Untracked 
| 115|0x0000000747300000, 0x0000000747400000, 0x0000000747400000|100%|HC|  |TAMS 0x0000000747300000, 0x0000000747300000| Untracked 
| 116|0x0000000747400000, 0x0000000747500000, 0x0000000747500000|100%|HC|  |TAMS 0x0000000747400000, 0x0000000747400000| Untracked 
| 117|0x0000000747500000, 0x00000007475fffc8, 0x0000000747600000| 99%| O|  |TAMS 0x0000000747500000, 0x0000000747500000| Untracked 
| 118|0x0000000747600000, 0x0000000747657658, 0x0000000747700000| 34%| O|  |TAMS 0x0000000747600000, 0x0000000747600000| Untracked 
| 119|0x0000000747700000, 0x0000000747800000, 0x0000000747800000|100%| O|  |TAMS 0x0000000747700000, 0x0000000747700000| Untracked 
| 120|0x0000000747800000, 0x00000007478fffc0, 0x0000000747900000| 99%| O|  |TAMS 0x0000000747800000, 0x0000000747800000| Untracked 
| 121|0x0000000747900000, 0x00000007479ed370, 0x0000000747a00000| 92%| O|  |TAMS 0x0000000747900000, 0x0000000747900000| Untracked 
| 122|0x0000000747a00000, 0x0000000747a00000, 0x0000000747b00000|  0%| F|  |TAMS 0x0000000747a00000, 0x0000000747a00000| Untracked 
| 123|0x0000000747b00000, 0x0000000747bffff8, 0x0000000747c00000| 99%| O|  |TAMS 0x0000000747b00000, 0x0000000747b00000| Untracked 
| 124|0x0000000747c00000, 0x0000000747c54058, 0x0000000747d00000| 32%| O|  |TAMS 0x0000000747c00000, 0x0000000747c00000| Untracked 
| 125|0x0000000747d00000, 0x0000000747e00000, 0x0000000747e00000|100%|HS|  |TAMS 0x0000000747d00000, 0x0000000747d00000| Untracked 
| 126|0x0000000747e00000, 0x0000000747f00000, 0x0000000747f00000|100%|HC|  |TAMS 0x0000000747e00000, 0x0000000747e00000| Untracked 
| 127|0x0000000747f00000, 0x0000000748000000, 0x0000000748000000|100%|HS|  |TAMS 0x0000000747f00000, 0x0000000747f00000| Untracked 
| 128|0x0000000748000000, 0x0000000748000000, 0x0000000748100000|  0%| F|  |TAMS 0x0000000748000000, 0x0000000748000000| Untracked 
| 129|0x0000000748100000, 0x0000000748100000, 0x0000000748200000|  0%| F|  |TAMS 0x0000000748100000, 0x0000000748100000| Untracked 
| 130|0x0000000748200000, 0x0000000748200000, 0x0000000748300000|  0%| F|  |TAMS 0x0000000748200000, 0x0000000748200000| Untracked 
| 131|0x0000000748300000, 0x0000000748300000, 0x0000000748400000|  0%| F|  |TAMS 0x0000000748300000, 0x0000000748300000| Untracked 
| 132|0x0000000748400000, 0x0000000748400000, 0x0000000748500000|  0%| F|  |TAMS 0x0000000748400000, 0x0000000748400000| Untracked 
| 133|0x0000000748500000, 0x00000007485bdef0, 0x0000000748600000| 74%| O|  |TAMS 0x0000000748500000, 0x0000000748500000| Untracked 
| 134|0x0000000748600000, 0x00000007486fffe8, 0x0000000748700000| 99%| O|  |TAMS 0x0000000748600000, 0x0000000748600000| Untracked 
| 135|0x0000000748700000, 0x0000000748715bb0, 0x0000000748800000|  8%| O|  |TAMS 0x0000000748700000, 0x0000000748700000| Untracked 
| 136|0x0000000748800000, 0x0000000748800000, 0x0000000748900000|  0%| F|  |TAMS 0x0000000748800000, 0x0000000748800000| Untracked 
| 137|0x0000000748900000, 0x0000000748900000, 0x0000000748a00000|  0%| F|  |TAMS 0x0000000748900000, 0x0000000748900000| Untracked 
| 138|0x0000000748a00000, 0x0000000748a00000, 0x0000000748b00000|  0%| F|  |TAMS 0x0000000748a00000, 0x0000000748a00000| Untracked 
| 139|0x0000000748b00000, 0x0000000748b46f00, 0x0000000748c00000| 27%| O|  |TAMS 0x0000000748b00000, 0x0000000748b00000| Untracked 
| 140|0x0000000748c00000, 0x0000000748c00000, 0x0000000748d00000|  0%| F|  |TAMS 0x0000000748c00000, 0x0000000748c00000| Untracked 
| 141|0x0000000748d00000, 0x0000000748d00000, 0x0000000748e00000|  0%| F|  |TAMS 0x0000000748d00000, 0x0000000748d00000| Untracked 
| 142|0x0000000748e00000, 0x0000000748e00000, 0x0000000748f00000|  0%| F|  |TAMS 0x0000000748e00000, 0x0000000748e00000| Untracked 
| 143|0x0000000748f00000, 0x0000000748f00000, 0x0000000749000000|  0%| F|  |TAMS 0x0000000748f00000, 0x0000000748f00000| Untracked 
| 144|0x0000000749000000, 0x0000000749000000, 0x0000000749100000|  0%| F|  |TAMS 0x0000000749000000, 0x0000000749000000| Untracked 
| 145|0x0000000749100000, 0x0000000749100000, 0x0000000749200000|  0%| F|  |TAMS 0x0000000749100000, 0x0000000749100000| Untracked 
| 146|0x0000000749200000, 0x0000000749200000, 0x0000000749300000|  0%| F|  |TAMS 0x0000000749200000, 0x0000000749200000| Untracked 
| 147|0x0000000749300000, 0x0000000749400000, 0x0000000749400000|100%|HS|  |TAMS 0x0000000749300000, 0x0000000749300000| Untracked 
| 148|0x0000000749400000, 0x0000000749500000, 0x0000000749500000|100%|HC|  |TAMS 0x0000000749400000, 0x0000000749400000| Untracked 
| 149|0x0000000749500000, 0x0000000749600000, 0x0000000749600000|100%|HC|  |TAMS 0x0000000749500000, 0x0000000749500000| Untracked 
| 150|0x0000000749600000, 0x0000000749700000, 0x0000000749700000|100%|HC|  |TAMS 0x0000000749600000, 0x0000000749600000| Untracked 
| 151|0x0000000749700000, 0x0000000749800000, 0x0000000749800000|100%|HC|  |TAMS 0x0000000749700000, 0x0000000749700000| Untracked 
| 152|0x0000000749800000, 0x0000000749900000, 0x0000000749900000|100%|HC|  |TAMS 0x0000000749800000, 0x0000000749800000| Untracked 
| 153|0x0000000749900000, 0x0000000749a00000, 0x0000000749a00000|100%|HC|  |TAMS 0x0000000749900000, 0x0000000749900000| Untracked 
| 154|0x0000000749a00000, 0x0000000749b00000, 0x0000000749b00000|100%|HC|  |TAMS 0x0000000749a00000, 0x0000000749a00000| Untracked 
| 155|0x0000000749b00000, 0x0000000749b00000, 0x0000000749c00000|  0%| F|  |TAMS 0x0000000749b00000, 0x0000000749b00000| Untracked 
| 156|0x0000000749c00000, 0x0000000749c00000, 0x0000000749d00000|  0%| F|  |TAMS 0x0000000749c00000, 0x0000000749c00000| Untracked 
| 157|0x0000000749d00000, 0x0000000749d00000, 0x0000000749e00000|  0%| F|  |TAMS 0x0000000749d00000, 0x0000000749d00000| Untracked 
| 158|0x0000000749e00000, 0x0000000749e00000, 0x0000000749f00000|  0%| F|  |TAMS 0x0000000749e00000, 0x0000000749e00000| Untracked 
| 159|0x0000000749f00000, 0x0000000749f00000, 0x000000074a000000|  0%| F|  |TAMS 0x0000000749f00000, 0x0000000749f00000| Untracked 
| 160|0x000000074a000000, 0x000000074a000000, 0x000000074a100000|  0%| F|  |TAMS 0x000000074a000000, 0x000000074a000000| Untracked 
| 161|0x000000074a100000, 0x000000074a100000, 0x000000074a200000|  0%| F|  |TAMS 0x000000074a100000, 0x000000074a100000| Untracked 
| 162|0x000000074a200000, 0x000000074a200000, 0x000000074a300000|  0%| F|  |TAMS 0x000000074a200000, 0x000000074a200000| Untracked 
| 163|0x000000074a300000, 0x000000074a300000, 0x000000074a400000|  0%| F|  |TAMS 0x000000074a300000, 0x000000074a300000| Untracked 
| 164|0x000000074a400000, 0x000000074a400000, 0x000000074a500000|  0%| F|  |TAMS 0x000000074a400000, 0x000000074a400000| Untracked 
| 165|0x000000074a500000, 0x000000074a500000, 0x000000074a600000|  0%| F|  |TAMS 0x000000074a500000, 0x000000074a500000| Untracked 
| 166|0x000000074a600000, 0x000000074a600000, 0x000000074a700000|  0%| F|  |TAMS 0x000000074a600000, 0x000000074a600000| Untracked 
| 167|0x000000074a700000, 0x000000074a700000, 0x000000074a800000|  0%| F|  |TAMS 0x000000074a700000, 0x000000074a700000| Untracked 
| 168|0x000000074a800000, 0x000000074a800000, 0x000000074a900000|  0%| F|  |TAMS 0x000000074a800000, 0x000000074a800000| Untracked 
| 169|0x000000074a900000, 0x000000074a900000, 0x000000074aa00000|  0%| F|  |TAMS 0x000000074a900000, 0x000000074a900000| Untracked 
| 170|0x000000074aa00000, 0x000000074aa00000, 0x000000074ab00000|  0%| F|  |TAMS 0x000000074aa00000, 0x000000074aa00000| Untracked 
| 171|0x000000074ab00000, 0x000000074ab00000, 0x000000074ac00000|  0%| F|  |TAMS 0x000000074ab00000, 0x000000074ab00000| Untracked 
| 172|0x000000074ac00000, 0x000000074acaa4f0, 0x000000074ad00000| 66%| O|  |TAMS 0x000000074ac00000, 0x000000074ac00000| Untracked 
| 173|0x000000074ad00000, 0x000000074ad00000, 0x000000074ae00000|  0%| F|  |TAMS 0x000000074ad00000, 0x000000074ad00000| Untracked 
| 174|0x000000074ae00000, 0x000000074ae00000, 0x000000074af00000|  0%| F|  |TAMS 0x000000074ae00000, 0x000000074ae00000| Untracked 
| 175|0x000000074af00000, 0x000000074af00000, 0x000000074b000000|  0%| F|  |TAMS 0x000000074af00000, 0x000000074af00000| Untracked 
| 176|0x000000074b000000, 0x000000074b000000, 0x000000074b100000|  0%| F|  |TAMS 0x000000074b000000, 0x000000074b000000| Untracked 
| 177|0x000000074b100000, 0x000000074b100000, 0x000000074b200000|  0%| F|  |TAMS 0x000000074b100000, 0x000000074b100000| Untracked 
| 178|0x000000074b200000, 0x000000074b200000, 0x000000074b300000|  0%| F|  |TAMS 0x000000074b200000, 0x000000074b200000| Untracked 
| 179|0x000000074b300000, 0x000000074b300000, 0x000000074b400000|  0%| F|  |TAMS 0x000000074b300000, 0x000000074b300000| Untracked 
| 180|0x000000074b400000, 0x000000074b400000, 0x000000074b500000|  0%| F|  |TAMS 0x000000074b400000, 0x000000074b400000| Untracked 
| 181|0x000000074b500000, 0x000000074b500000, 0x000000074b600000|  0%| F|  |TAMS 0x000000074b500000, 0x000000074b500000| Untracked 
| 182|0x000000074b600000, 0x000000074b600000, 0x000000074b700000|  0%| F|  |TAMS 0x000000074b600000, 0x000000074b600000| Untracked 
| 183|0x000000074b700000, 0x000000074b700000, 0x000000074b800000|  0%| F|  |TAMS 0x000000074b700000, 0x000000074b700000| Untracked 
| 184|0x000000074b800000, 0x000000074b800000, 0x000000074b900000|  0%| F|  |TAMS 0x000000074b800000, 0x000000074b800000| Untracked 
| 185|0x000000074b900000, 0x000000074b900000, 0x000000074ba00000|  0%| F|  |TAMS 0x000000074b900000, 0x000000074b900000| Untracked 
| 186|0x000000074ba00000, 0x000000074ba00000, 0x000000074bb00000|  0%| F|  |TAMS 0x000000074ba00000, 0x000000074ba00000| Untracked 
| 187|0x000000074bb00000, 0x000000074bb00000, 0x000000074bc00000|  0%| F|  |TAMS 0x000000074bb00000, 0x000000074bb00000| Untracked 
| 188|0x000000074bc00000, 0x000000074bc00000, 0x000000074bd00000|  0%| F|  |TAMS 0x000000074bc00000, 0x000000074bc00000| Untracked 
| 189|0x000000074bd00000, 0x000000074bd00000, 0x000000074be00000|  0%| F|  |TAMS 0x000000074bd00000, 0x000000074bd00000| Untracked 
| 190|0x000000074be00000, 0x000000074be00000, 0x000000074bf00000|  0%| F|  |TAMS 0x000000074be00000, 0x000000074be00000| Untracked 
| 191|0x000000074bf00000, 0x000000074bf00000, 0x000000074c000000|  0%| F|  |TAMS 0x000000074bf00000, 0x000000074bf00000| Untracked 
| 192|0x000000074c000000, 0x000000074c000000, 0x000000074c100000|  0%| F|  |TAMS 0x000000074c000000, 0x000000074c000000| Untracked 
| 193|0x000000074c100000, 0x000000074c100000, 0x000000074c200000|  0%| F|  |TAMS 0x000000074c100000, 0x000000074c100000| Untracked 
| 194|0x000000074c200000, 0x000000074c200000, 0x000000074c300000|  0%| F|  |TAMS 0x000000074c200000, 0x000000074c200000| Untracked 
| 195|0x000000074c300000, 0x000000074c300000, 0x000000074c400000|  0%| F|  |TAMS 0x000000074c300000, 0x000000074c300000| Untracked 
| 196|0x000000074c400000, 0x000000074c400000, 0x000000074c500000|  0%| F|  |TAMS 0x000000074c400000, 0x000000074c400000| Untracked 
| 197|0x000000074c500000, 0x000000074c500000, 0x000000074c600000|  0%| F|  |TAMS 0x000000074c500000, 0x000000074c500000| Untracked 
| 198|0x000000074c600000, 0x000000074c600000, 0x000000074c700000|  0%| F|  |TAMS 0x000000074c600000, 0x000000074c600000| Untracked 
| 199|0x000000074c700000, 0x000000074c700000, 0x000000074c800000|  0%| F|  |TAMS 0x000000074c700000, 0x000000074c700000| Untracked 
| 200|0x000000074c800000, 0x000000074c83f440, 0x000000074c900000| 24%| S|CS|TAMS 0x000000074c800000, 0x000000074c800000| Complete 
| 201|0x000000074c900000, 0x000000074c900000, 0x000000074ca00000|  0%| F|  |TAMS 0x000000074c900000, 0x000000074c900000| Untracked 
| 202|0x000000074ca00000, 0x000000074ca00000, 0x000000074cb00000|  0%| F|  |TAMS 0x000000074ca00000, 0x000000074ca00000| Untracked 
| 203|0x000000074cb00000, 0x000000074cc00000, 0x000000074cc00000|100%| S|CS|TAMS 0x000000074cb00000, 0x000000074cb00000| Complete 
| 204|0x000000074cc00000, 0x000000074cd00000, 0x000000074cd00000|100%| S|CS|TAMS 0x000000074cc00000, 0x000000074cc00000| Complete 
| 205|0x000000074cd00000, 0x000000074cd00000, 0x000000074ce00000|  0%| F|  |TAMS 0x000000074cd00000, 0x000000074cd00000| Untracked 
| 206|0x000000074ce00000, 0x000000074ce00000, 0x000000074cf00000|  0%| F|  |TAMS 0x000000074ce00000, 0x000000074ce00000| Untracked 
| 207|0x000000074cf00000, 0x000000074cf00000, 0x000000074d000000|  0%| F|  |TAMS 0x000000074cf00000, 0x000000074cf00000| Untracked 
| 208|0x000000074d000000, 0x000000074d000000, 0x000000074d100000|  0%| F|  |TAMS 0x000000074d000000, 0x000000074d000000| Untracked 
| 209|0x000000074d100000, 0x000000074d100000, 0x000000074d200000|  0%| F|  |TAMS 0x000000074d100000, 0x000000074d100000| Untracked 
| 210|0x000000074d200000, 0x000000074d200000, 0x000000074d300000|  0%| F|  |TAMS 0x000000074d200000, 0x000000074d200000| Untracked 
| 211|0x000000074d300000, 0x000000074d300000, 0x000000074d400000|  0%| F|  |TAMS 0x000000074d300000, 0x000000074d300000| Untracked 
| 212|0x000000074d400000, 0x000000074d400000, 0x000000074d500000|  0%| F|  |TAMS 0x000000074d400000, 0x000000074d400000| Untracked 
| 213|0x000000074d500000, 0x000000074d500000, 0x000000074d600000|  0%| F|  |TAMS 0x000000074d500000, 0x000000074d500000| Untracked 
| 214|0x000000074d600000, 0x000000074d600000, 0x000000074d700000|  0%| F|  |TAMS 0x000000074d600000, 0x000000074d600000| Untracked 
| 215|0x000000074d700000, 0x000000074d700000, 0x000000074d800000|  0%| F|  |TAMS 0x000000074d700000, 0x000000074d700000| Untracked 
| 216|0x000000074d800000, 0x000000074d800000, 0x000000074d900000|  0%| F|  |TAMS 0x000000074d800000, 0x000000074d800000| Untracked 
| 217|0x000000074d900000, 0x000000074d900000, 0x000000074da00000|  0%| F|  |TAMS 0x000000074d900000, 0x000000074d900000| Untracked 
| 218|0x000000074da00000, 0x000000074da00000, 0x000000074db00000|  0%| F|  |TAMS 0x000000074da00000, 0x000000074da00000| Untracked 
| 219|0x000000074db00000, 0x000000074db00000, 0x000000074dc00000|  0%| F|  |TAMS 0x000000074db00000, 0x000000074db00000| Untracked 
| 220|0x000000074dc00000, 0x000000074dc00000, 0x000000074dd00000|  0%| F|  |TAMS 0x000000074dc00000, 0x000000074dc00000| Untracked 
| 221|0x000000074dd00000, 0x000000074dd00000, 0x000000074de00000|  0%| F|  |TAMS 0x000000074dd00000, 0x000000074dd00000| Untracked 
| 222|0x000000074de00000, 0x000000074de00000, 0x000000074df00000|  0%| F|  |TAMS 0x000000074de00000, 0x000000074de00000| Untracked 
| 223|0x000000074df00000, 0x000000074df00000, 0x000000074e000000|  0%| F|  |TAMS 0x000000074df00000, 0x000000074df00000| Untracked 
| 224|0x000000074e000000, 0x000000074e000000, 0x000000074e100000|  0%| F|  |TAMS 0x000000074e000000, 0x000000074e000000| Untracked 
| 225|0x000000074e100000, 0x000000074e100000, 0x000000074e200000|  0%| F|  |TAMS 0x000000074e100000, 0x000000074e100000| Untracked 
| 226|0x000000074e200000, 0x000000074e200000, 0x000000074e300000|  0%| F|  |TAMS 0x000000074e200000, 0x000000074e200000| Untracked 
| 227|0x000000074e300000, 0x000000074e300000, 0x000000074e400000|  0%| F|  |TAMS 0x000000074e300000, 0x000000074e300000| Untracked 
| 228|0x000000074e400000, 0x000000074e400000, 0x000000074e500000|  0%| F|  |TAMS 0x000000074e400000, 0x000000074e400000| Untracked 
| 229|0x000000074e500000, 0x000000074e500000, 0x000000074e600000|  0%| F|  |TAMS 0x000000074e500000, 0x000000074e500000| Untracked 
| 230|0x000000074e600000, 0x000000074e600000, 0x000000074e700000|  0%| F|  |TAMS 0x000000074e600000, 0x000000074e600000| Untracked 
| 231|0x000000074e700000, 0x000000074e700000, 0x000000074e800000|  0%| F|  |TAMS 0x000000074e700000, 0x000000074e700000| Untracked 
| 232|0x000000074e800000, 0x000000074e800000, 0x000000074e900000|  0%| F|  |TAMS 0x000000074e800000, 0x000000074e800000| Untracked 
| 233|0x000000074e900000, 0x000000074e900000, 0x000000074ea00000|  0%| F|  |TAMS 0x000000074e900000, 0x000000074e900000| Untracked 
| 234|0x000000074ea00000, 0x000000074ea00000, 0x000000074eb00000|  0%| F|  |TAMS 0x000000074ea00000, 0x000000074ea00000| Untracked 
| 235|0x000000074eb00000, 0x000000074eb00000, 0x000000074ec00000|  0%| F|  |TAMS 0x000000074eb00000, 0x000000074eb00000| Untracked 
| 236|0x000000074ec00000, 0x000000074ec00000, 0x000000074ed00000|  0%| F|  |TAMS 0x000000074ec00000, 0x000000074ec00000| Untracked 
| 237|0x000000074ed00000, 0x000000074ed00000, 0x000000074ee00000|  0%| F|  |TAMS 0x000000074ed00000, 0x000000074ed00000| Untracked 
| 238|0x000000074ee00000, 0x000000074ee00000, 0x000000074ef00000|  0%| F|  |TAMS 0x000000074ee00000, 0x000000074ee00000| Untracked 
| 239|0x000000074ef00000, 0x000000074ef00000, 0x000000074f000000|  0%| F|  |TAMS 0x000000074ef00000, 0x000000074ef00000| Untracked 
| 240|0x000000074f000000, 0x000000074f000000, 0x000000074f100000|  0%| F|  |TAMS 0x000000074f000000, 0x000000074f000000| Untracked 
| 241|0x000000074f100000, 0x000000074f100000, 0x000000074f200000|  0%| F|  |TAMS 0x000000074f100000, 0x000000074f100000| Untracked 
| 242|0x000000074f200000, 0x000000074f200000, 0x000000074f300000|  0%| F|  |TAMS 0x000000074f200000, 0x000000074f200000| Untracked 
| 243|0x000000074f300000, 0x000000074f300000, 0x000000074f400000|  0%| F|  |TAMS 0x000000074f300000, 0x000000074f300000| Untracked 
| 244|0x000000074f400000, 0x000000074f4443f8, 0x000000074f500000| 26%| E|  |TAMS 0x000000074f400000, 0x000000074f400000| Complete 
| 245|0x000000074f500000, 0x000000074f600000, 0x000000074f600000|100%| E|CS|TAMS 0x000000074f500000, 0x000000074f500000| Complete 
| 246|0x000000074f600000, 0x000000074f700000, 0x000000074f700000|100%| E|CS|TAMS 0x000000074f600000, 0x000000074f600000| Complete 
| 247|0x000000074f700000, 0x000000074f800000, 0x000000074f800000|100%| E|CS|TAMS 0x000000074f700000, 0x000000074f700000| Complete 
| 248|0x000000074f800000, 0x000000074f900000, 0x000000074f900000|100%| E|CS|TAMS 0x000000074f800000, 0x000000074f800000| Complete 
| 249|0x000000074f900000, 0x000000074fa00000, 0x000000074fa00000|100%| E|CS|TAMS 0x000000074f900000, 0x000000074f900000| Complete 
| 250|0x000000074fa00000, 0x000000074fb00000, 0x000000074fb00000|100%| E|CS|TAMS 0x000000074fa00000, 0x000000074fa00000| Complete 
| 251|0x000000074fb00000, 0x000000074fc00000, 0x000000074fc00000|100%| E|CS|TAMS 0x000000074fb00000, 0x000000074fb00000| Complete 
| 252|0x000000074fc00000, 0x000000074fd00000, 0x000000074fd00000|100%| E|CS|TAMS 0x000000074fc00000, 0x000000074fc00000| Complete 
| 253|0x000000074fd00000, 0x000000074fe00000, 0x000000074fe00000|100%| E|CS|TAMS 0x000000074fd00000, 0x000000074fd00000| Complete 
| 254|0x000000074fe00000, 0x000000074ff00000, 0x000000074ff00000|100%| E|CS|TAMS 0x000000074fe00000, 0x000000074fe00000| Complete 
| 255|0x000000074ff00000, 0x0000000750000000, 0x0000000750000000|100%| E|CS|TAMS 0x000000074ff00000, 0x000000074ff00000| Complete 
| 256|0x0000000750000000, 0x0000000750100000, 0x0000000750100000|100%| E|CS|TAMS 0x0000000750000000, 0x0000000750000000| Complete 
| 257|0x0000000750100000, 0x0000000750200000, 0x0000000750200000|100%| E|CS|TAMS 0x0000000750100000, 0x0000000750100000| Complete 
| 258|0x0000000750200000, 0x0000000750300000, 0x0000000750300000|100%| E|CS|TAMS 0x0000000750200000, 0x0000000750200000| Complete 
| 259|0x0000000750300000, 0x0000000750400000, 0x0000000750400000|100%| E|CS|TAMS 0x0000000750300000, 0x0000000750300000| Complete 
| 260|0x0000000750400000, 0x0000000750500000, 0x0000000750500000|100%| E|CS|TAMS 0x0000000750400000, 0x0000000750400000| Complete 
| 261|0x0000000750500000, 0x0000000750600000, 0x0000000750600000|100%| E|CS|TAMS 0x0000000750500000, 0x0000000750500000| Complete 
| 262|0x0000000750600000, 0x0000000750700000, 0x0000000750700000|100%| E|CS|TAMS 0x0000000750600000, 0x0000000750600000| Complete 

Card table byte_map: [0x000001ed45c70000,0x000001ed46270000] _byte_map_base: 0x000001ed42270000

Marking Bits (Prev, Next): (CMBitMap*) 0x000001ed49311f58, (CMBitMap*) 0x000001ed49311f90
 Prev Bits: [0x000001ed60d80000, 0x000001ed63d80000)
 Next Bits: [0x000001ed63d80000, 0x000001ed66d80000)

Polling page: 0x000001ed3e310000

Metaspace:

Usage:
  Non-class:    101.46 MB capacity,   100.40 MB ( 99%) used,   813.66 KB ( <1%) free+waste,   268.81 KB ( <1%) overhead. 
      Class:     16.60 MB capacity,    15.83 MB ( 95%) used,   662.73 KB (  4%) free+waste,   121.00 KB ( <1%) overhead. 
       Both:    118.05 MB capacity,   116.23 MB ( 98%) used,     1.44 MB (  1%) free+waste,   389.81 KB ( <1%) overhead. 

Virtual space:
  Non-class space:      106.00 MB reserved,     104.12 MB ( 98%) committed 
      Class space:        1.00 GB reserved,      18.11 MB (  2%) committed 
             Both:        1.10 GB reserved,     122.23 MB ( 11%) committed 

Chunk freelists:
   Non-Class:  2.54 MB
       Class:  1.40 MB
        Both:  3.94 MB

MaxMetaspaceSize: 17179869184.00 GB
CompressedClassSpaceSize: 1.00 GB

CodeHeap 'non-profiled nmethods': size=119168Kb used=33230Kb max_used=33230Kb free=85937Kb
 bounds [0x000001ed59920000, 0x000001ed5b9b0000, 0x000001ed60d80000]
CodeHeap 'profiled nmethods': size=119168Kb used=61214Kb max_used=61877Kb free=57953Kb
 bounds [0x000001ed524c0000, 0x000001ed561b0000, 0x000001ed59920000]
CodeHeap 'non-nmethods': size=7424Kb used=1961Kb max_used=3685Kb free=5462Kb
 bounds [0x000001ed51d80000, 0x000001ed52140000, 0x000001ed524c0000]
 total_blobs=26918 nmethods=25253 adapters=1568
 compilation: enabled
              stopped_count=0, restarted_count=0
 full_count=0

Compilation events (20 events):
Event: 17739.738 Thread 0x000001ed495e1800 34267       4       javax.swing.text.StyledEditorKit::getActions (11 bytes)
Event: 17739.740 Thread 0x000001ed495e1800 nmethod 34267 0x000001ed5b990990 code [0x000001ed5b990b40, 0x000001ed5b990c68]
Event: 17739.746 Thread 0x000001ed495e1800 34268       4       javax.swing.ScrollPaneLayout::layoutContainer (1725 bytes)
Event: 17739.866 Thread 0x000001ed495e1800 nmethod 34268 0x000001ed5b990d90 code [0x000001ed5b991260, 0x000001ed5b994f48]
Event: 17739.866 Thread 0x000001ed495e1800 34269       4       javax.swing.text.ParagraphView$Row::modelToView (107 bytes)
Event: 17739.897 Thread 0x000001ed495e1800 nmethod 34269 0x000001ed5b999b90 code [0x000001ed5b999ee0, 0x000001ed5b99bba0]
Event: 17739.897 Thread 0x000001ed495e1800 34270       4       javax.swing.text.GlyphView::modelToView (16 bytes)
Event: 17739.911 Thread 0x000001ed495e1800 nmethod 34270 0x000001ed5b99dc90 code [0x000001ed5b99df80, 0x000001ed5b99f400]
Event: 17749.300 Thread 0x000001ed495e1800 34271       4       javax.swing.AbstractAction::getKeys (31 bytes)
Event: 17749.303 Thread 0x000001ed495e1800 nmethod 34271 0x000001ed5b9a0710 code [0x000001ed5b9a08c0, 0x000001ed5b9a0c88]
Event: 17757.651 Thread 0x000001ed495f8000 34272       3       ui.data.design.o::timerActionPerformed (106 bytes)
Event: 17757.651 Thread 0x000001ed495e1800 34273       4       ui.utils.swing.K::irb (15 bytes)
Event: 17757.652 Thread 0x000001ed495f8000 nmethod 34272 0x000001ed5570e910 code [0x000001ed5570ec00, 0x000001ed5570fc68]
Event: 17757.652 Thread 0x000001ed495e1800 nmethod 34273 0x000001ed5b9a0e10 code [0x000001ed5b9a0fa0, 0x000001ed5b9a1038]
Event: 17759.461 Thread 0x000001ed495f8000 34274   !   3       com.jidesoft.editor.CodeEditor::caretUpdated (378 bytes)
Event: 17759.463 Thread 0x000001ed495f8000 nmethod 34274 0x000001ed5575b410 code [0x000001ed5575b820, 0x000001ed5575d6a8]
Event: 17763.419 Thread 0x000001ed495e1800 34275       4       com.jidesoft.plaf.basic.BasicCellStyleTableHeaderUIDelegate::getPreferredSize (61 bytes)
Event: 17763.466 Thread 0x000001ed495e1800 nmethod 34275 0x000001ed5b9a1110 code [0x000001ed5b9a1300, 0x000001ed5b9a1de8]
Event: 17763.466 Thread 0x000001ed495e1800 34276       4       com.jidesoft.plaf.basic.BasicCellStyleTableHeaderUIDelegate::getHeaderPreferredHeight (52 bytes)
Event: 17763.471 Thread 0x000001ed495e1800 nmethod 34276 0x000001ed5b9a2490 code [0x000001ed5b9a2640, 0x000001ed5b9a2b68]

GC Heap History (20 events):
Event: 17689.057 GC heap before
{Heap before GC invocations=845 (full 15):
 garbage-first heap   total 269312K, used 220238K [0x0000000740000000, 0x0000000800000000)
  region size 1024K, 60 young (61440K), 5 survivors (5120K)
 Metaspace       used 118954K, capacity 120824K, committed 125164K, reserved 1157120K
  class space    used 16212K, capacity 16996K, committed 18548K, reserved 1048576K
}
Event: 17689.061 GC heap after
{Heap after GC invocations=846 (full 15):
 garbage-first heap   total 269312K, used 164743K [0x0000000740000000, 0x0000000800000000)
  region size 1024K, 6 young (6144K), 6 survivors (6144K)
 Metaspace       used 118954K, capacity 120824K, committed 125164K, reserved 1157120K
  class space    used 16212K, capacity 16996K, committed 18548K, reserved 1048576K
}
Event: 17704.252 GC heap before
{Heap before GC invocations=846 (full 15):
 garbage-first heap   total 269312K, used 190343K [0x0000000740000000, 0x0000000800000000)
  region size 1024K, 32 young (32768K), 6 survivors (6144K)
 Metaspace       used 118954K, capacity 120824K, committed 125164K, reserved 1157120K
  class space    used 16212K, capacity 16996K, committed 18548K, reserved 1048576K
}
Event: 17704.347 GC heap after
{Heap after GC invocations=847 (full 16):
 garbage-first heap   total 269312K, used 137222K [0x0000000740000000, 0x0000000800000000)
  region size 1024K, 0 young (0K), 0 survivors (0K)
 Metaspace       used 118954K, capacity 120824K, committed 125164K, reserved 1157120K
  class space    used 16212K, capacity 16996K, committed 18548K, reserved 1048576K
}
Event: 17724.713 GC heap before
{Heap before GC invocations=847 (full 16):
 garbage-first heap   total 269312K, used 198662K [0x0000000740000000, 0x0000000800000000)
  region size 1024K, 60 young (61440K), 0 survivors (0K)
 Metaspace       used 118956K, capacity 120824K, committed 125164K, reserved 1157120K
  class space    used 16212K, capacity 16996K, committed 18548K, reserved 1048576K
}
Event: 17724.714 GC heap after
{Heap after GC invocations=848 (full 16):
 garbage-first heap   total 269312K, used 138131K [0x0000000740000000, 0x0000000800000000)
  region size 1024K, 1 young (1024K), 1 survivors (1024K)
 Metaspace       used 118956K, capacity 120824K, committed 125164K, reserved 1157120K
  class space    used 16212K, capacity 16996K, committed 18548K, reserved 1048576K
}
Event: 17728.303 GC heap before
{Heap before GC invocations=848 (full 16):
 garbage-first heap   total 269312K, used 198547K [0x0000000740000000, 0x0000000800000000)
  region size 1024K, 60 young (61440K), 1 survivors (1024K)
 Metaspace       used 118981K, capacity 120824K, committed 125164K, reserved 1157120K
  class space    used 16212K, capacity 16996K, committed 18548K, reserved 1048576K
}
Event: 17728.305 GC heap after
{Heap after GC invocations=849 (full 16):
 garbage-first heap   total 269312K, used 139796K [0x0000000740000000, 0x0000000800000000)
  region size 1024K, 3 young (3072K), 3 survivors (3072K)
 Metaspace       used 118981K, capacity 120824K, committed 125164K, reserved 1157120K
  class space    used 16212K, capacity 16996K, committed 18548K, reserved 1048576K
}
Event: 17729.017 GC heap before
{Heap before GC invocations=849 (full 16):
 garbage-first heap   total 269312K, used 198164K [0x0000000740000000, 0x0000000800000000)
  region size 1024K, 60 young (61440K), 3 survivors (3072K)
 Metaspace       used 119011K, capacity 120888K, committed 125164K, reserved 1157120K
  class space    used 16212K, capacity 16996K, committed 18548K, reserved 1048576K
}
Event: 17729.020 GC heap after
{Heap after GC invocations=850 (full 16):
 garbage-first heap   total 269312K, used 141349K [0x0000000740000000, 0x0000000800000000)
  region size 1024K, 5 young (5120K), 5 survivors (5120K)
 Metaspace       used 119011K, capacity 120888K, committed 125164K, reserved 1157120K
  class space    used 16212K, capacity 16996K, committed 18548K, reserved 1048576K
}
Event: 17734.290 GC heap before
{Heap before GC invocations=850 (full 16):
 garbage-first heap   total 269312K, used 160805K [0x0000000740000000, 0x0000000800000000)
  region size 1024K, 25 young (25600K), 5 survivors (5120K)
 Metaspace       used 119014K, capacity 120888K, committed 125164K, reserved 1157120K
  class space    used 16212K, capacity 16996K, committed 18548K, reserved 1048576K
}
Event: 17734.383 GC heap after
{Heap after GC invocations=851 (full 17):
 garbage-first heap   total 269312K, used 138278K [0x0000000740000000, 0x0000000800000000)
  region size 1024K, 0 young (0K), 0 survivors (0K)
 Metaspace       used 119014K, capacity 120888K, committed 125164K, reserved 1157120K
  class space    used 16212K, capacity 16996K, committed 18548K, reserved 1048576K
}
Event: 17736.162 GC heap before
{Heap before GC invocations=851 (full 17):
 garbage-first heap   total 269312K, used 199718K [0x0000000740000000, 0x0000000800000000)
  region size 1024K, 60 young (61440K), 0 survivors (0K)
 Metaspace       used 119015K, capacity 120888K, committed 125164K, reserved 1157120K
  class space    used 16212K, capacity 16996K, committed 18548K, reserved 1048576K
}
Event: 17736.164 GC heap after
{Heap after GC invocations=852 (full 17):
 garbage-first heap   total 269312K, used 140806K [0x0000000740000000, 0x0000000800000000)
  region size 1024K, 3 young (3072K), 3 survivors (3072K)
 Metaspace       used 119015K, capacity 120888K, committed 125164K, reserved 1157120K
  class space    used 16212K, capacity 16996K, committed 18548K, reserved 1048576K
}
Event: 17737.693 GC heap before
{Heap before GC invocations=852 (full 17):
 garbage-first heap   total 269312K, used 199174K [0x0000000740000000, 0x0000000800000000)
  region size 1024K, 60 young (61440K), 3 survivors (3072K)
 Metaspace       used 119019K, capacity 120888K, committed 125164K, reserved 1157120K
  class space    used 16212K, capacity 16996K, committed 18548K, reserved 1048576K
}
Event: 17737.696 GC heap after
{Heap after GC invocations=853 (full 17):
 garbage-first heap   total 269312K, used 141793K [0x0000000740000000, 0x0000000800000000)
  region size 1024K, 4 young (4096K), 4 survivors (4096K)
 Metaspace       used 119019K, capacity 120888K, committed 125164K, reserved 1157120K
  class space    used 16212K, capacity 16996K, committed 18548K, reserved 1048576K
}
Event: 17739.742 GC heap before
{Heap before GC invocations=853 (full 17):
 garbage-first heap   total 269312K, used 198113K [0x0000000740000000, 0x0000000800000000)
  region size 1024K, 60 young (61440K), 4 survivors (4096K)
 Metaspace       used 119021K, capacity 120888K, committed 125164K, reserved 1157120K
  class space    used 16212K, capacity 16996K, committed 18548K, reserved 1048576K
}
Event: 17739.745 GC heap after
{Heap after GC invocations=854 (full 17):
 garbage-first heap   total 269312K, used 140512K [0x0000000740000000, 0x0000000800000000)
  region size 1024K, 3 young (3072K), 3 survivors (3072K)
 Metaspace       used 119021K, capacity 120888K, committed 125164K, reserved 1157120K
  class space    used 16212K, capacity 16996K, committed 18548K, reserved 1048576K
}
Event: 17790.219 GC heap before
{Heap before GC invocations=854 (full 17):
 garbage-first heap   total 269312K, used 198880K [0x0000000740000000, 0x0000000800000000)
  region size 1024K, 60 young (61440K), 3 survivors (3072K)
 Metaspace       used 119021K, capacity 120888K, committed 125164K, reserved 1157120K
  class space    used 16212K, capacity 16996K, committed 18548K, reserved 1048576K
}
Event: 17790.229 GC heap after
{Heap after GC invocations=855 (full 17):
 garbage-first heap   total 269312K, used 140579K [0x0000000740000000, 0x0000000800000000)
  region size 1024K, 3 young (3072K), 3 survivors (3072K)
 Metaspace       used 119021K, capacity 120888K, committed 125164K, reserved 1157120K
  class space    used 16212K, capacity 16996K, committed 18548K, reserved 1048576K
}

Deoptimization events (20 events):
Event: 17728.074 Thread 0x000001ed49600000 Uncommon trap: trap_request=0xffffffc6 fr.pc=0x000001ed5b923560 relative=0x00000000000028c0
Event: 17728.074 Thread 0x000001ed49600000 Uncommon trap: reason=bimorphic_or_optimized_type_check action=maybe_recompile pc=0x000001ed5b923560 method=com.jidesoft.grid.AbstractExpandable.getNumberOfVisibleExpandable()I @ 20 c2
Event: 17728.074 Thread 0x000001ed49600000 DEOPT PACKING pc=0x000001ed5b923560 sp=0x00000016029f9630
Event: 17728.074 Thread 0x000001ed49600000 DEOPT UNPACKING pc=0x000001ed51da68af sp=0x00000016029f9610 mode 2
Event: 17728.146 Thread 0x000001ed49600000 Uncommon trap: trap_request=0xffffffc6 fr.pc=0x000001ed5b923560 relative=0x00000000000028c0
Event: 17728.146 Thread 0x000001ed49600000 Uncommon trap: reason=bimorphic_or_optimized_type_check action=maybe_recompile pc=0x000001ed5b923560 method=com.jidesoft.grid.AbstractExpandable.getNumberOfVisibleExpandable()I @ 20 c2
Event: 17728.146 Thread 0x000001ed49600000 DEOPT PACKING pc=0x000001ed5b923560 sp=0x00000016029f9630
Event: 17728.146 Thread 0x000001ed49600000 DEOPT UNPACKING pc=0x000001ed51da68af sp=0x00000016029f9610 mode 2
Event: 17728.163 Thread 0x000001ed49600000 Uncommon trap: trap_request=0xfffffff4 fr.pc=0x000001ed5ad11bc4 relative=0x0000000000000724
Event: 17728.163 Thread 0x000001ed49600000 Uncommon trap: reason=null_check action=make_not_entrant pc=0x000001ed5ad11bc4 method=ui.utils.swing.w.a.a(Ljavax/swing/tree/DefaultMutableTreeNode;ZZ)Ljava/lang/String; @ 8 c2
Event: 17728.163 Thread 0x000001ed49600000 DEOPT PACKING pc=0x000001ed5ad11bc4 sp=0x00000016029f97e0
Event: 17728.163 Thread 0x000001ed49600000 DEOPT UNPACKING pc=0x000001ed51da68af sp=0x00000016029f97a8 mode 2
Event: 17728.220 Thread 0x000001ed49600000 Uncommon trap: trap_request=0xffffffc6 fr.pc=0x000001ed5b923560 relative=0x00000000000028c0
Event: 17728.220 Thread 0x000001ed49600000 Uncommon trap: reason=bimorphic_or_optimized_type_check action=maybe_recompile pc=0x000001ed5b923560 method=com.jidesoft.grid.AbstractExpandable.getNumberOfVisibleExpandable()I @ 20 c2
Event: 17728.220 Thread 0x000001ed49600000 DEOPT PACKING pc=0x000001ed5b923560 sp=0x00000016029f9630
Event: 17728.220 Thread 0x000001ed49600000 DEOPT UNPACKING pc=0x000001ed51da68af sp=0x00000016029f9610 mode 2
Event: 17736.434 Thread 0x000001ed49600000 Uncommon trap: trap_request=0xffffff4d fr.pc=0x000001ed5a08dfec relative=0x00000000000009ec
Event: 17736.434 Thread 0x000001ed49600000 Uncommon trap: reason=unstable_if action=reinterpret pc=0x000001ed5a08dfec method=ui.data.experiment.A.a(Lui/data/experiment/C;)Lui/data/experiment/A; @ 20 c2
Event: 17736.434 Thread 0x000001ed49600000 DEOPT PACKING pc=0x000001ed5a08dfec sp=0x00000016029f9b30
Event: 17736.434 Thread 0x000001ed49600000 DEOPT UNPACKING pc=0x000001ed51da68af sp=0x00000016029f9ac8 mode 2

Classes redefined (0 events):
No events

Internal exceptions (20 events):
Event: 17760.237 Thread 0x000001ed49600000 Exception <a 'java/io/FileNotFoundException'{0x000000074eee2770}> (0x000000074eee2770) thrown at [./src/hotspot/share/prims/jni.cpp, line 615]
Event: 17762.957 Thread 0x000001ed49600000 Exception <a 'java/io/FileNotFoundException'{0x000000074e951960}> (0x000000074e951960) thrown at [./src/hotspot/share/prims/jni.cpp, line 615]
Event: 17765.242 Thread 0x000001ed49600000 Exception <a 'java/io/FileNotFoundException'{0x000000074e7f6280}> (0x000000074e7f6280) thrown at [./src/hotspot/share/prims/jni.cpp, line 615]
Event: 17767.958 Thread 0x000001ed49600000 Exception <a 'java/io/FileNotFoundException'{0x000000074e34a410}> (0x000000074e34a410) thrown at [./src/hotspot/share/prims/jni.cpp, line 615]
Event: 17770.238 Thread 0x000001ed49600000 Exception <a 'java/io/FileNotFoundException'{0x000000074e12d5d0}> (0x000000074e12d5d0) thrown at [./src/hotspot/share/prims/jni.cpp, line 615]
Event: 17772.959 Thread 0x000001ed49600000 Exception <a 'java/io/FileNotFoundException'{0x000000074df861d8}> (0x000000074df861d8) thrown at [./src/hotspot/share/prims/jni.cpp, line 615]
Event: 17775.239 Thread 0x000001ed49600000 Exception <a 'java/io/FileNotFoundException'{0x000000074dd61a68}> (0x000000074dd61a68) thrown at [./src/hotspot/share/prims/jni.cpp, line 615]
Event: 17777.960 Thread 0x000001ed49600000 Exception <a 'java/io/FileNotFoundException'{0x000000074dbfd280}> (0x000000074dbfd280) thrown at [./src/hotspot/share/prims/jni.cpp, line 615]
Event: 17780.240 Thread 0x000001ed49600000 Exception <a 'java/io/FileNotFoundException'{0x000000074d71deb8}> (0x000000074d71deb8) thrown at [./src/hotspot/share/prims/jni.cpp, line 615]
Event: 17782.961 Thread 0x000001ed49600000 Exception <a 'java/io/FileNotFoundException'{0x000000074d5b2060}> (0x000000074d5b2060) thrown at [./src/hotspot/share/prims/jni.cpp, line 615]
Event: 17785.241 Thread 0x000001ed49600000 Exception <a 'java/io/FileNotFoundException'{0x000000074d35a990}> (0x000000074d35a990) thrown at [./src/hotspot/share/prims/jni.cpp, line 615]
Event: 17787.962 Thread 0x000001ed49600000 Exception <a 'java/io/FileNotFoundException'{0x000000074d1d06c8}> (0x000000074d1d06c8) thrown at [./src/hotspot/share/prims/jni.cpp, line 615]
Event: 17790.241 Thread 0x000001ed49600000 Exception <a 'java/io/FileNotFoundException'{0x00000007506128e0}> (0x00000007506128e0) thrown at [./src/hotspot/share/prims/jni.cpp, line 615]
Event: 17792.973 Thread 0x000001ed49600000 Exception <a 'java/io/FileNotFoundException'{0x00000007505fb7a0}> (0x00000007505fb7a0) thrown at [./src/hotspot/share/prims/jni.cpp, line 615]
Event: 17795.242 Thread 0x000001ed49600000 Exception <a 'java/io/FileNotFoundException'{0x0000000750381018}> (0x0000000750381018) thrown at [./src/hotspot/share/prims/jni.cpp, line 615]
Event: 17797.974 Thread 0x000001ed49600000 Exception <a 'java/io/FileNotFoundException'{0x00000007500f6860}> (0x00000007500f6860) thrown at [./src/hotspot/share/prims/jni.cpp, line 615]
Event: 17800.243 Thread 0x000001ed49600000 Exception <a 'java/io/FileNotFoundException'{0x000000074fd25168}> (0x000000074fd25168) thrown at [./src/hotspot/share/prims/jni.cpp, line 615]
Event: 17802.974 Thread 0x000001ed49600000 Exception <a 'java/io/FileNotFoundException'{0x000000074fb9e900}> (0x000000074fb9e900) thrown at [./src/hotspot/share/prims/jni.cpp, line 615]
Event: 17805.243 Thread 0x000001ed49600000 Exception <a 'java/io/FileNotFoundException'{0x000000074f975c20}> (0x000000074f975c20) thrown at [./src/hotspot/share/prims/jni.cpp, line 615]
Event: 17807.975 Thread 0x000001ed49600000 Exception <a 'java/io/FileNotFoundException'{0x000000074f616478}> (0x000000074f616478) thrown at [./src/hotspot/share/prims/jni.cpp, line 615]

Events (20 events):
Event: 17798.735 Thread 0x000001ed34f28800 Thread exited: 0x000001ed34f28800
Event: 17799.729 Thread 0x000001ed34f2a000 Thread added: 0x000001ed34f2a000
Event: 17799.733 Thread 0x000001ed34f2a000 Thread exited: 0x000001ed34f2a000
Event: 17800.730 Thread 0x000001ed34f2a000 Thread added: 0x000001ed34f2a000
Event: 17800.735 Thread 0x000001ed34f2a000 Thread exited: 0x000001ed34f2a000
Event: 17801.731 Thread 0x000001ed34f2a000 Thread added: 0x000001ed34f2a000
Event: 17801.735 Thread 0x000001ed34f2a000 Thread exited: 0x000001ed34f2a000
Event: 17802.731 Thread 0x000001ed34f27800 Thread added: 0x000001ed34f27800
Event: 17802.737 Thread 0x000001ed34f27800 Thread exited: 0x000001ed34f27800
Event: 17803.194 Thread 0x000001ed34f2a000 Thread added: 0x000001ed34f2a000
Event: 17803.198 Executing VM operation: RevokeBias
Event: 17803.198 Executing VM operation: RevokeBias done
Event: 17803.198 Thread 0x000001ed34f2a000 Thread exited: 0x000001ed34f2a000
Event: 17803.732 Thread 0x000001ed34f2a000 Thread added: 0x000001ed34f2a000
Event: 17803.738 Thread 0x000001ed34f2a000 Thread exited: 0x000001ed34f2a000
Event: 17804.733 Thread 0x000001ed34f27800 Thread added: 0x000001ed34f27800
Event: 17804.737 Thread 0x000001ed34f27800 Thread exited: 0x000001ed34f27800
Event: 17805.734 Thread 0x000001ed34f27800 Thread added: 0x000001ed34f27800
Event: 17805.740 Thread 0x000001ed34f27800 Thread exited: 0x000001ed34f27800
Event: 17807.734 Thread 0x000001ed34f2a000 Thread added: 0x000001ed34f2a000


Dynamic libraries:
0x00007ff7a98d0000 - 0x00007ff7a9901000 	D:\Xilinx\Vivado\2022.2\bin\unwrapped\win64.o\vivado.exe
0x00007ffd878c0000 - 0x00007ffd87b27000 	C:\WINDOWS\SYSTEM32\ntdll.dll
0x00007ffd857f0000 - 0x00007ffd858b9000 	C:\WINDOWS\System32\KERNEL32.DLL
0x00007ffd842f0000 - 0x00007ffd846e7000 	C:\WINDOWS\System32\KERNELBASE.dll
0x00007ffd84720000 - 0x00007ffd8486b000 	C:\WINDOWS\System32\ucrtbase.dll
0x00007ffd6e260000 - 0x00007ffd6e2e9000 	C:\WINDOWS\SYSTEM32\MSVCP140.dll
0x00007ffd6e230000 - 0x00007ffd6e24e000 	C:\WINDOWS\SYSTEM32\VCRUNTIME140.dll
0x00007ffd7f8d0000 - 0x00007ffd7f8e8000 	D:\Xilinx\Vivado\2022.2\lib\win64.o\librdi_commonmain.dll
0x00007ffd12890000 - 0x00007ffd13cc1000 	D:\Xilinx\Vivado\2022.2\lib\win64.o\librdi_common.dll
0x00007ffd6da50000 - 0x00007ffd6da5c000 	C:\WINDOWS\SYSTEM32\VCRUNTIME140_1.dll
0x00007ffd85950000 - 0x00007ffd85b16000 	C:\WINDOWS\System32\USER32.dll
0x00007ffd69250000 - 0x00007ffd69271000 	D:\Xilinx\Vivado\2022.2\lib\win64.o\libboost_filesystem.dll
0x00007ffd846f0000 - 0x00007ffd84717000 	C:\WINDOWS\System32\win32u.dll
0x00007ffd87590000 - 0x00007ffd87646000 	C:\WINDOWS\System32\ADVAPI32.dll
0x00007ffd87820000 - 0x00007ffd8784b000 	C:\WINDOWS\System32\GDI32.dll
0x00007ffd873d0000 - 0x00007ffd87479000 	C:\WINDOWS\System32\msvcrt.dll
0x00007ffd815d0000 - 0x00007ffd815d9000 	D:\Xilinx\Vivado\2022.2\lib\win64.o\librdi_commonversion.dll
0x00007ffd87650000 - 0x00007ffd876f7000 	C:\WINDOWS\System32\sechost.dll
0x00007ffd85510000 - 0x00007ffd8563c000 	C:\WINDOWS\System32\gdi32full.dll
0x00007ffd3c030000 - 0x00007ffd3c1e5000 	D:\Xilinx\Vivado\2022.2\lib\win64.o\librdi_commonxillic.dll
0x00007ffd87700000 - 0x00007ffd87818000 	C:\WINDOWS\System32\RPCRT4.dll
0x00007ffd851a0000 - 0x00007ffd85243000 	C:\WINDOWS\System32\msvcp_win.dll
0x00007ffd85b20000 - 0x00007ffd85ba0000 	C:\WINDOWS\System32\WS2_32.dll
0x00007ffd86660000 - 0x00007ffd86dce000 	C:\WINDOWS\System32\SHELL32.dll
0x000000005aaa0000 - 0x000000005abcb000 	D:\Xilinx\Vivado\2022.2\lib\win64.o\tcl85t.dll
0x00007ffd85250000 - 0x00007ffd852d2000 	C:\WINDOWS\System32\WINTRUST.dll
0x00007ffd36b30000 - 0x00007ffd36e9e000 	D:\Xilinx\Vivado\2022.2\lib\win64.o\libCOIN-all.dll
0x00007ffd7f8b0000 - 0x00007ffd7f8c1000 	D:\Xilinx\Vivado\2022.2\lib\win64.o\libboost_date_time.dll
0x00007ffd65650000 - 0x00007ffd656c9000 	D:\Xilinx\Vivado\2022.2\lib\win64.o\libboost_program_options.dll
0x00007ffd5f960000 - 0x00007ffd5fa74000 	D:\Xilinx\Vivado\2022.2\lib\win64.o\libboost_regex.dll
0x00007ffd7db20000 - 0x00007ffd7db2c000 	D:\Xilinx\Vivado\2022.2\lib\win64.o\libboost_xilinx.dll
0x00007ffd7f800000 - 0x00007ffd7f81c000 	D:\Xilinx\Vivado\2022.2\lib\win64.o\libboost_thread.dll
0x00007ffd60160000 - 0x00007ffd601e2000 	D:\Xilinx\Vivado\2022.2\lib\win64.o\libhdlpsolve.dll
0x00007ffd4e650000 - 0x00007ffd4e6f5000 	D:\Xilinx\Vivado\2022.2\lib\win64.o\libhdxml.dll
0x00007ffd691f0000 - 0x00007ffd6921a000 	D:\Xilinx\Vivado\2022.2\lib\win64.o\libisl_sysinfo.dll
0x00007ffd5f520000 - 0x00007ffd5f585000 	D:\Xilinx\Vivado\2022.2\lib\win64.o\liblmx6.0.dll
0x00007ffd16070000 - 0x00007ffd16fed200 	D:\Xilinx\Vivado\2022.2\lib\win64.o\libisl_iostreams.dll
0x00007ffd69180000 - 0x00007ffd6919a000 	D:\Xilinx\Vivado\2022.2\lib\win64.o\pthreadVC2.dll
0x00007ffd683a0000 - 0x00007ffd683bc000 	D:\Xilinx\Vivado\2022.2\lib\win64.o\librdiconfig.dll
0x00007ffd86150000 - 0x00007ffd861b6000 	C:\WINDOWS\System32\SHLWAPI.dll
0x00007ffd84930000 - 0x00007ffd8519c000 	C:\WINDOWS\System32\Windows.Storage.dll
0x00007ffd66b10000 - 0x00007ffd66b31000 	D:\Xilinx\Vivado\2022.2\lib\win64.o\librdizlib.dll
0x00007ffd125c0000 - 0x00007ffd12881000 	D:\Xilinx\Vivado\2022.2\lib\win64.o\xerces-c_3_2.dll
0x00007ffd87040000 - 0x00007ffd873c3000 	C:\WINDOWS\System32\combase.dll
0x00007ffd122a0000 - 0x00007ffd125b6000 	D:\Xilinx\Vivado\2022.2\lib\win64.o\libXil_lmgr11.dll
0x00007ffd87490000 - 0x00007ffd87580000 	C:\WINDOWS\System32\COMDLG32.dll
0x00007ffd85650000 - 0x00007ffd85746000 	C:\WINDOWS\System32\shcore.dll
0x00007ffd86580000 - 0x00007ffd86659000 	C:\WINDOWS\System32\OLEAUT32.dll
0x00007ffd6d340000 - 0x00007ffd6d35a000 	C:\WINDOWS\SYSTEM32\NETAPI32.dll
0x00007ffd70ba0000 - 0x00007ffd70e35000 	C:\WINDOWS\SYSTEM32\WININET.dll
0x00007ffd861c0000 - 0x00007ffd86357000 	C:\WINDOWS\System32\ole32.dll
0x00007ffd7d540000 - 0x00007ffd7d669000 	C:\WINDOWS\SYSTEM32\WINHTTP.dll
0x00007ffd85390000 - 0x00007ffd85508000 	C:\WINDOWS\System32\CRYPT32.dll
0x00007ffd6ab50000 - 0x00007ffd6ad2d000 	C:\WINDOWS\SYSTEM32\urlmon.dll
0x00007ffd841e0000 - 0x00007ffd8420a000 	C:\WINDOWS\SYSTEM32\bcrypt.dll
0x00007ffd693b0000 - 0x00007ffd693ba000 	C:\WINDOWS\SYSTEM32\WSOCK32.dll
0x00007ffd668b0000 - 0x00007ffd668e0000 	C:\WINDOWS\SYSTEM32\VCOMP140.DLL
0x00007ffd07260000 - 0x00007ffd09177000 	D:\Xilinx\Vivado\2022.2\lib\win64.o\gurobi90.dll
0x00007ffd86fc0000 - 0x00007ffd87032000 	C:\WINDOWS\System32\WLDAP32.dll
0x00007ffd85640000 - 0x00007ffd85648000 	C:\WINDOWS\System32\Normaliz.dll
0x00007ffd67210000 - 0x00007ffd67228000 	D:\Xilinx\Vivado\2022.2\lib\win64.o\libboost_iostreams.dll
0x00007ffd66880000 - 0x00007ffd668a4000 	D:\Xilinx\Vivado\2022.2\lib\win64.o\libisl_iosutils.dll
0x00007ffd6bcf0000 - 0x00007ffd6bda5000 	C:\WINDOWS\WinSxS\amd64_microsoft.windows.common-controls_6595b64144ccf1df_5.82.26100.8328_none_87eede957a2ccddd\COMCTL32.dll
0x00007ffd7daf0000 - 0x00007ffd7db15000 	C:\WINDOWS\SYSTEM32\dhcpcsvc.DLL
0x00007ffd837c0000 - 0x00007ffd837f3000 	C:\WINDOWS\SYSTEM32\USERENV.dll
0x00007ffd6a040000 - 0x00007ffd6a304000 	C:\WINDOWS\SYSTEM32\iertutil.dll
0x00007ffd6cd20000 - 0x00007ffd6cd49000 	C:\WINDOWS\SYSTEM32\srvcli.dll
0x00007ffd82ac0000 - 0x00007ffd82acd000 	C:\WINDOWS\SYSTEM32\netutils.dll
0x00007ffd83710000 - 0x00007ffd8377c000 	C:\WINDOWS\SYSTEM32\MSWSOCK.DLL
0x00007ffd85750000 - 0x00007ffd85782000 	C:\WINDOWS\System32\IMM32.DLL
0x00007ffd83a60000 - 0x00007ffd83a73000 	C:\WINDOWS\SYSTEM32\MSASN1.dll
0x00007ffd839f0000 - 0x00007ffd83a0b000 	C:\WINDOWS\SYSTEM32\CRYPTSP.dll
0x00007ffd831a0000 - 0x00007ffd831bb000 	C:\WINDOWS\SYSTEM32\kernel.appcore.dll
0x00007ffd83100000 - 0x00007ffd83139000 	C:\WINDOWS\system32\rsaenh.dll
0x00007ffd83a10000 - 0x00007ffd83a1c000 	C:\WINDOWS\SYSTEM32\CRYPTBASE.dll
0x00007ffd852e0000 - 0x00007ffd85388000 	C:\WINDOWS\System32\bcryptPrimitives.dll
0x00007ffd87850000 - 0x00007ffd87870000 	C:\WINDOWS\System32\imagehlp.dll
0x00007ffd11d60000 - 0x00007ffd12293000 	D:\Xilinx\Vivado\2022.2\lib\win64.o\librdi_commontasks.dll
0x00007ffd7c0f0000 - 0x00007ffd7c0fb000 	C:\WINDOWS\SYSTEM32\VERSION.dll
0x00007ffd0a7c0000 - 0x00007ffd0aae5a00 	D:\Xilinx\Vivado\2022.2\lib\win64.o\librdi_sio.dll
0x00007ffd0aaf0000 - 0x00007ffd0b63d000 	D:\Xilinx\Vivado\2022.2\tps\win64\jre11.0.11_9\bin\server\jvm.dll
0x00007ffd82b70000 - 0x00007ffd82ba2000 	C:\WINDOWS\SYSTEM32\IPHLPAPI.DLL
0x00007ffd85c10000 - 0x00007ffd85c18000 	C:\WINDOWS\System32\PSAPI.DLL
0x00007ffd7a730000 - 0x00007ffd7a766000 	C:\WINDOWS\SYSTEM32\WINMM.dll
0x00007ffd83440000 - 0x00007ffd83489000 	C:\WINDOWS\SYSTEM32\SspiCli.dll
0x00007ffd38da0000 - 0x00007ffd38db8000 	C:\WINDOWS\system32\napinsp.dll
0x00007ffd82c10000 - 0x00007ffd82d42000 	C:\WINDOWS\SYSTEM32\DNSAPI.dll
0x00007ffd87480000 - 0x00007ffd8748a000 	C:\WINDOWS\System32\NSI.dll
0x00007ffd38d80000 - 0x00007ffd38d93000 	C:\WINDOWS\System32\winrnr.dll
0x00007ffd5e790000 - 0x00007ffd5e7b2000 	C:\WINDOWS\system32\nlansp_c.dll
0x00007ffd51c20000 - 0x00007ffd51c36000 	C:\WINDOWS\system32\wshbth.dll
0x00007ffd01790000 - 0x00007ffd044b5000 	D:\Xilinx\Vivado\2022.2\lib\win64.o\librdi_tcltasks.dll
0x00007ffd657e0000 - 0x00007ffd65824000 	D:\Xilinx\Vivado\2022.2\lib\win64.o\libboost_serialization.dll
0x00007ffd189b0000 - 0x00007ffd18b93000 	D:\Xilinx\Vivado\2022.2\lib\win64.o\librdi_board.dll
0x00007ffd0a2e0000 - 0x00007ffd0a7bd000 	D:\Xilinx\Vivado\2022.2\lib\win64.o\librdi_bitstream.dll
0x00007ffd55d10000 - 0x00007ffd55d90000 	D:\Xilinx\Vivado\2022.2\lib\win64.o\librdi_boarddep.dll
0x00007ffd4bf40000 - 0x00007ffd4c067000 	D:\Xilinx\Vivado\2022.2\lib\win64.o\librdi_chipscope.dll
0x00007ffd0baf0000 - 0x00007ffd0bcf2000 	D:\Xilinx\Vivado\2022.2\lib\win64.o\librdi_chipscopeimpl.dll
0x00007ffd05d70000 - 0x00007ffd07255000 	D:\Xilinx\Vivado\2022.2\lib\win64.o\librdi_device.dll
0x00007ffd0a0f0000 - 0x00007ffd0a2dd000 	D:\Xilinx\Vivado\2022.2\lib\win64.o\librdi_advchipscopeimpl.dll
0x00007ffcae520000 - 0x00007ffcb074c000 	D:\Xilinx\Vivado\2022.2\lib\win64.o\librdi_constraints.dll
0x00007ffcac510000 - 0x00007ffcae51d000 	D:\Xilinx\Vivado\2022.2\lib\win64.o\librdi_designutils.dll
0x00007ffd64b80000 - 0x00007ffd64bdb000 	D:\Xilinx\Vivado\2022.2\lib\win64.o\librdi_pfi.dll
0x00007ffcfed40000 - 0x00007ffcff41b000 	D:\Xilinx\Vivado\2022.2\lib\win64.o\librdi_drc.dll
0x00007ffd38c10000 - 0x00007ffd38d75000 	D:\Xilinx\Vivado\2022.2\lib\win64.o\librdi_containers.dll
0x00007ffcfe5d0000 - 0x00007ffcfed3d000 	D:\Xilinx\Vivado\2022.2\lib\win64.o\librdi_netlist.dll
0x00007ffcfdf30000 - 0x00007ffcfe5c5000 	D:\Xilinx\Vivado\2022.2\lib\win64.o\librdi_filemgmt.dll
0x00007ffca8dc0000 - 0x00007ffca9f1e000 	D:\Xilinx\Vivado\2022.2\lib\win64.o\librdi_timing.dll
0x00007ffcff420000 - 0x00007ffd01786000 	D:\Xilinx\Vivado\2022.2\lib\win64.o\librdi_cdoutil.dll
0x00007ffd54140000 - 0x00007ffd541cd000 	D:\Xilinx\Vivado\2022.2\lib\win64.o\treelite_runtime.dll
0x00007ffd365a0000 - 0x00007ffd36748000 	D:\Xilinx\Vivado\2022.2\lib\win64.o\librdi_ceam.dll
0x00007ffd09760000 - 0x00007ffd09ae3000 	D:\Xilinx\Vivado\2022.2\lib\win64.o\librdi_dlyest.dll
0x00007ffd4d9a0000 - 0x00007ffd4da54000 	D:\Xilinx\Vivado\2022.2\lib\win64.o\librdi_dsp.dll
0x00007ffca9f20000 - 0x00007ffcac505000 	D:\Xilinx\Vivado\2022.2\lib\win64.o\librdi_coregen.dll
0x00007ffd09e30000 - 0x00007ffd0a0ed000 	D:\Xilinx\Vivado\2022.2\lib\win64.o\librdi_hip_devdesign.dll
0x00007ffd15f20000 - 0x00007ffd16067000 	D:\Xilinx\Vivado\2022.2\lib\win64.o\librdi_hip_perf_analysis.dll
0x00007ffca7ea0000 - 0x00007ffca8dbb000 	D:\Xilinx\Vivado\2022.2\lib\win64.o\librdi_implflow.dll
0x00007ffd09200000 - 0x00007ffd0952b000 	D:\Xilinx\Vivado\2022.2\lib\win64.o\librdi_guitools.dll
0x00007ffd53da0000 - 0x00007ffd53e0b000 	D:\Xilinx\Vivado\2022.2\lib\win64.o\librdi_hdf.dll
0x00007ffca7060000 - 0x00007ffca7e93000 	D:\Xilinx\Vivado\2022.2\lib\win64.o\librdi_ippcw.dll
0x00007ffd51630000 - 0x00007ffd516ad000 	D:\Xilinx\Vivado\2022.2\lib\win64.o\librdi_memoryarray.dll
0x00007ffcfcc10000 - 0x00007ffcfd3b1000 	D:\Xilinx\Vivado\2022.2\lib\win64.o\librdi_lopt.dll
0x00007ffcfd8d0000 - 0x00007ffcfdf25000 	D:\Xilinx\Vivado\2022.2\lib\win64.o\librdi_memdata.dll
0x00007ffd05900000 - 0x00007ffd05d70000 	D:\Xilinx\Vivado\2022.2\lib\win64.o\librdi_platform.dll
0x00007ffca1670000 - 0x00007ffca4790000 	D:\Xilinx\Vivado\2022.2\lib\win64.o\librdi_place.dll
0x00007ffd11970000 - 0x00007ffd11a65000 	D:\Xilinx\Vivado\2022.2\lib\win64.o\librdi_iso.dll
0x00007ffd43330000 - 0x00007ffd43467000 	D:\Xilinx\Vivado\2022.2\lib\win64.o\librdi_ipconfig_readwrite.dll
0x00007ffcbb530000 - 0x00007ffcbbe04000 	D:\Xilinx\Vivado\2022.2\lib\win64.o\librdi_power.dll

dbghelp: loaded successfully - version: 4.0.5 - missing functions: none
symbol engine: initialized successfully - sym options: 0x614 - pdb path: .;D:\Xilinx\Vivado\2022.2\bin\unwrapped\win64.o;C:\WINDOWS\SYSTEM32;D:\Xilinx\Vivado\2022.2\lib\win64.o;C:\WINDOWS\WinSxS\amd64_microsoft.windows.common-controls_6595b64144ccf1df_5.82.26100.8328_none_87eede957a2ccddd;D:\Xilinx\Vivado\2022.2\tps\win64\jre11.0.11_9\bin\server;D:\Xilinx\Vivado\2022.2\tps\win64\python-3.8.3;D:\Xilinx\Vivado\2022.2\tps\win64\jre11.0.11_9\bin;C:\WINDOWS\WinSxS\amd64_microsoft.windows.common-controls_6595b64144ccf1df_6.0.26100.8457_none_3e0b2faee331e92d;D:\Xilinx\Vivado\2022.2\tps\win64\javafx-sdk-11.0.2\bin;C:\Windows\System32\DriverStore\FileRepository\u0386187.inf_amd64_e45f6929dd019ce6\B385477;C:\WINDOWS\System32\DriverStore\FileRepository\nvlt.inf_amd64_18cae871934f9f98;C:\WINDOWS\WinSxS\amd64_microsoft.windows.gdiplus_6595b64144ccf1df_1.1.26100.8328_none_6ef30b123dc73046

VM Arguments:
jvm_args: -Dsun.java2d.pmoffscreen=false -Dhttps.protocols=TLSv1,TLSv1.1,TLSv1.2 -Dsun.java2d.xrender=false -Dsun.java2d.d3d=false -Dsun.awt.nopixfmt=true -Dsun.java2d.dpiaware=true -Dsun.java2d.uiScale.enabled=false -Xverify:none -Dswing.aatext=true -XX:-UsePerfData -Djdk.map.althashing.threshold=512 -XX:StringTableSize=4072 --add-opens=java.desktop/com.sun.awt=ALL-UNNAMED --add-opens=java.desktop/javax.swing.plaf.synth=ALL-UNNAMED --add-opens=java.base/java.nio=ALL-UNNAMED --add-opens=java.desktop/sun.swing=ALL-UNNAMED --add-opens=java.desktop/javax.swing=ALL-UNNAMED --add-opens=java.desktop/javax.swing.tree=ALL-UNNAMED --add-opens=java.desktop/javax.swing.plaf.basic=ALL-UNNAMED --add-opens=java.desktop/javax.swing.plaf.synth=ALL-UNNAMED --add-opens=java.desktop/javax.swing.plaf.basic=ALL-UNNAMED --add-opens=java.desktop/javax.swing=ALL-UNNAMED --add-opens=java.desktop/javax.swing.tree=ALL-UNNAMED --add-opens=java.desktop/java.awt.event=ALL-UNNAMED --add-exports=java.desktop/javax.swing.plaf.synth=ALL-UNNAMED --add-exports=java.base/java.nio=ALL-UNNAMED --add-exports=java.desktop/sun.swing=ALL-UNNAMED --add-exports=java.desktop/javax.swing=ALL-UNNAMED --add-exports=java.desktop/javax.swing.tree=ALL-UNNAMED --add-exports=java.desktop/javax.swing.plaf.basic=ALL-UNNAMED --add-exports=java.desktop/sun.swing=ALL-UNNAMED --add-exports=java.desktop/sun.swing.table=ALL-UNNAMED --add-exports=java.desktop/sun.swing.plaf.synth=ALL-UNNAMED --add-exports=java.desktop/sun.awt.shell=ALL-UNNAMED --add-exports=java.base/sun.security.action=ALL-UNNAMED --add-exports=java.desktop/sun.font=ALL-UNNAMED -XX:NewSize=60m -XX:MaxNewSize=60m -Xms256m -Xmx3072m -Xss5m 
java_command: <unknown>
java_class_path (initial): D:/Xilinx/Vivado/2022.2\lib\classes\alloy.jar;D:/Xilinx/Vivado/2022.2\lib\classes\asm-9.3.jar;D:/Xilinx/Vivado/2022.2\lib\classes\asm-analysis-9.3.jar;D:/Xilinx/Vivado/2022.2\lib\classes\asm-commons-9.3.jar;D:/Xilinx/Vivado/2022.2\lib\classes\asm-tree-9.3.jar;D:/Xilinx/Vivado/2022.2\lib\classes\autoesl-models.jar;D:/Xilinx/Vivado/2022.2\lib\classes\batik-anim.jar;D:/Xilinx/Vivado/2022.2\lib\classes\batik-awt-util.jar;D:/Xilinx/Vivado/2022.2\lib\classes\batik-bridge.jar;D:/Xilinx/Vivado/2022.2\lib\classes\batik-codec.jar;D:/Xilinx/Vivado/2022.2\lib\classes\batik-css.jar;D:/Xilinx/Vivado/2022.2\lib\classes\batik-dom.jar;D:/Xilinx/Vivado/2022.2\lib\classes\batik-ext.jar;D:/Xilinx/Vivado/2022.2\lib\classes\batik-gui-util.jar;D:/Xilinx/Vivado/2022.2\lib\classes\batik-gvt.jar;D:/Xilinx/Vivado/2022.2\lib\classes\batik-parser.jar;D:/Xilinx/Vivado/2022.2\lib\classes\batik-script.jar;D:/Xilinx/Vivado/2022.2\lib\classes\batik-svg-dom.jar;D:/Xilinx/Vivado/2022.2\lib\classes\batik-svggen.jar;D:/Xilinx/Vivado/2022.2\lib\classes\batik-swing.jar;D:/Xilinx/Vivado/2022.2\lib\classes\batik-transcoder.jar;D:/Xilinx/Vivado/2022.2\lib\classes\batik-util.jar;D:/Xilinx/Vivado/2022.2\lib\classes\batik-xml.jar;D:/Xilinx/Vivado/2022.2\lib\classes\com.fasterxml.jackson.core.jackson-annotations_2.12.1.v20210128-1726.jar;D:/Xilinx/Vivado/2022.2\lib\classes\com.fasterxml.jackson.core.jackson-core_2.12.1.v20210128-1726.jar;D:/Xilinx/Vivado/2022.2\lib\classes\com.fasterxml.jackson.core.jackson-databind_2.12.1.v20210128-1726.jar;D:/Xilinx/Vivado/2022.2\lib\classes\com.google.gson_2.8.7.v20210624-1215.jar;D:/Xilinx/Vivado/2022.2\lib\classes\com.google.guava_30.1.0.v20210127-2300.jar;D:/Xilinx/Vivado/2022.2\lib\classes\com.sigasi.hdt.connection_4.15.0.202201101137.jar;D:/Xilinx/Vivado/2022.2\lib\classes\com.sigasi.hdt.epl_4.15.0.202201101137.jar;D:/Xilinx/Vivado/2022.2\lib\classes\com.sigasi.hdt.project_4.15.0.202201101137.jar;D:/Xilinx/Vivado/2022.2\lib\classes\com.sigasi
Launcher Type: generic

[Global flags]
     bool BytecodeVerificationLocal                = false                                     {product} {command line}
     bool BytecodeVerificationRemote               = false                                     {product} {command line}
     intx CICompilerCount                          = 12                                        {product} {ergonomic}
     uint ConcGCThreads                            = 3                                         {product} {ergonomic}
     uint G1ConcRefinementThreads                  = 13                                        {product} {ergonomic}
   size_t G1HeapRegionSize                         = 1048576                                   {product} {ergonomic}
    uintx GCDrainStackTargetSize                   = 64                                        {product} {ergonomic}
   size_t InitialHeapSize                          = 268435456                                 {product} {command line}
   size_t MarkStackSize                            = 4194304                                   {product} {ergonomic}
   size_t MaxHeapSize                              = 3221225472                                {product} {command line}
   size_t MaxNewSize                               = 62914560                                  {product} {command line}
   size_t MinHeapDeltaBytes                        = 1048576                                   {product} {ergonomic}
   size_t NewSize                                  = 62914560                                  {product} {command line}
    uintx NonNMethodCodeHeapSize                   = 7594288                                {pd product} {ergonomic}
    uintx NonProfiledCodeHeapSize                  = 122031976                              {pd product} {ergonomic}
    uintx ProfiledCodeHeapSize                     = 122031976                              {pd product} {ergonomic}
    uintx ReservedCodeCacheSize                    = 251658240                              {pd product} {ergonomic}
     bool SegmentedCodeCache                       = true                                      {product} {ergonomic}
    uintx StringTableSize                          = 4072                                      {product} {command line}
     intx ThreadStackSize                          = 5120                                   {pd product} {command line}
     bool UseCompressedClassPointers               = true                                 {lp64_product} {ergonomic}
     bool UseCompressedOops                        = true                                 {lp64_product} {ergonomic}
     bool UseG1GC                                  = true                                      {product} {ergonomic}
     bool UseLargePagesIndividualAllocation        = false                                  {pd product} {ergonomic}
     bool UsePerfData                              = false                                     {product} {command line}

Logging:
Log output configuration:
 #0: stdout all=warning uptime,level,tags
 #1: stderr all=off uptime,level,tags

Environment Variables:
PATH=D:/Xilinx/Vivado/2022.2\gnuwin\bin;D:/Xilinx/Vivado/2022.2\gnu\microblaze\nt\bin;D:/Xilinx/Vivado/2022.2/bin;D:/Xilinx/Vivado/2022.2/tps/win64/java-cef-95.0.4638.69/bin/lib/win64;D:/Xilinx/Vivado/2022.2/tps/win64/javafx-sdk-11.0.2/lib;D:/Xilinx/Vivado/2022.2/tps/win64/javafx-sdk-11.0.2/bin;D:/Xilinx/Vivado/2022.2/lib/win64.o;D:/Xilinx/Vivado/2022.2/tps/win64/jre11.0.11_9/bin/server;D:/Xilinx/Vivado/2022.2/tps/win64/jre11.0.11_9/bin;D:/Xilinx/Vitis/2022.2/bin;D:/Xilinx/Vitis_HLS/2022.2/bin;C:\Program Files (x86)\Common Files\Oracle\Java\java8path;C:\Program Files (x86)\Common Files\Oracle\Java\javapath;C:\Windows\system32;C:\Windows;C:\Windows\System32\Wbem;C:\Windows\System32\WindowsPowerShell\v1.0\;C:\Windows\System32\OpenSSH\;C:\Program Files (x86)\NVIDIA Corporation\PhysX\Common;C:\Program Files (x86)\dotnet\;C:\Program Files\Polyspace\R2019a\runtime\win64;C:\Program Files\Polyspace\R2019a\bin;C:\Program Files\Polyspace\R2019a\polyspace\bin;D:\MATLAB\runtime\win64;D:\MATLAB\bin;D:\MATLAB\polyspace\bin;C:\Program Files\Git\cmd;C:\Program Files\NVIDIA Corporation\NVIDIA NvDLISR;D:\MB\runtime\win64;D:\MB\bin;D:\MB\polyspace\bin;C:\Users\ADMIN\AppData\Local\Microsoft\WindowsApps;C:\Users\ADMIN\AppData\Local\Programs\MiKTeX\miktex\bin\x64\;;C:\Users\ADMIN\AppData\Local\Programs\Microsoft VS Code\bin;D:/Xilinx/Vivado/2022.2\tps\mingw\6.2.0\win64.o\nt\bin;D:/Xilinx/Vivado/2022.2\tps\mingw\6.2.0\win64.o\nt\libexec\gcc\x86_64-w64-mingw32\6.2.0;D:/Xilinx/Vivado/2022.2\tps\win64\python-3.8.3;D:/Xilinx/Vivado/2022.2\tps\win64\python-3.8.3\bin;D:/Xilinx/Vivado/2022.2\tps\win64\python-3.8.3\lib;D:/Xilinx/Vivado/2022.2\tps\win64\python-3.8.3\lib\site-packages
USERNAME=ADMIN
OS=Windows_NT
PROCESSOR_IDENTIFIER=AMD64 Family 25 Model 80 Stepping 0, AuthenticAMD



---------------  S Y S T E M  ---------------

OS: Windows 10 , 64 bit Build 26100 (10.0.26100.8328)
OS uptime: 7 days 2:01 hours

CPU:total 16 (initial active 16) (16 cores per cpu, 2 threads per core) family 25 model 80 stepping 0 microcode 0xa50000f, cmov, cx8, fxsr, mmx, sse, sse2, sse3, ssse3, sse4.1, sse4.2, popcnt, avx, avx2, aes, clmul, erms, mmxext, 3dnowpref, lzcnt, sse4a, ht, tsc, tscinvbit, tscinv, bmi1,

Memory: 4k page, system-wide physical 20332M (710M free)
TotalPageFile size 51899M (AvailPageFile size 0M)
current process WorkingSet (physical memory assigned to process): 311M, peak: 1675M
current process commit charge ("private bytes"): 2215M, peak: 2273M

vm_info: OpenJDK 64-Bit Server VM (11.0.11+9) for windows-amd64 JRE (11.0.11+9), built on Apr  9 2021 19:32:08 by "" with MS VC++ 15.5 (VS2017)

END.
